{"credit":"ShingekinoCraft:MadebyFanfoandZabat","textures":{"1":"custom/manuever","2":"custom/odm/leather_layer_1","3":"custom/odm/leather_layer_1_overlay","4":"custom/odm/head","5":"custom/odm/leather_layer_2","6":"custom/odm/arm","7":"custom/people/profession/hood","particle":"custom/people/profession/hood"},"elements":[{"from":[3.75,9,5.75],"to":[12.25,21,10.25],"rotation":{"angle":0,"axis":"y","origin":[1,8,8]},"faces":{"north":{"uv":[5,10,7,15.5],"texture":"#5"},"east":{"uv":[4,10,5,15.5],"texture":"#5"},"south":{"uv":[7,10,9,15.5],"texture":"#5"},"west":{"uv":[9,10,10,15.5],"texture":"#5"},"up":{"uv":[7,10,5,8],"texture":"#5"},"down":{"uv":[7,8.25,5,9.25],"texture":"#5"}}},{"from":[3.5,9,5.5],"to":[12.5,21,10.75],"rotation":{"angle":0,"axis":"y","origin":[1,8,8]},"faces":{"north":{"uv":[5,10,7,15.75],"texture":"#3"},"east":{"uv":[4,10,5,15.75],"texture":"#3"},"south":{"uv":[8,10,10,15.75],"texture":"#3"},"west":{"uv":[7,10,8,15.75],"texture":"#3"},"up":{"uv":[7,10,5,8],"texture":"#3"},"down":{"uv":[7,6.75,5,8],"texture":"#3"}}},{"from":[12.1875,16.375,-2.5625],"to":[16.1875,20.375,9.4375],"rotation":{"angle":22.5,"axis":"y","origin":[14.1875,18.5625,8]},"faces":{"north":{"uv":[4,6,2,8],"rotation":270,"texture":"#6"},"east":{"uv":[4,0,6,6],"rotation":270,"texture":"#6"},"south":{"uv":[8,2,6,0],"rotation":270,"texture":"#6"},"west":{"uv":[0,0,2,6],"rotation":90,"texture":"#6"},"up":{"uv":[2,0,4,6],"rotation":180,"texture":"#6"},"down":{"uv":[0,6,2,12],"texture":"#6"}}},{"from":[11.4375,16.125,-0.5625],"to":[16.9375,21.125,9.6875],"shade":false,"rotation":{"angle":22.5,"axis":"y","origin":[14.1875,18.5625,8]},"faces":{"north":{"uv":[13,8.75,12,10],"rotation":270,"texture":"#3"},"east":{"uv":[13,10,14,15.5],"rotation":270,"texture":"#3"},"south":{"uv":[12,10,11,8],"rotation":270,"texture":"#3"},"west":{"uv":[12,10,13,15.5],"rotation":90,"texture":"#3"},"up":{"uv":[10,10,11,15.5],"rotation":180,"texture":"#3"},"down":{"uv":[11,10,12,15.5],"texture":"#3"}}},{"from":[-0.1875,16.375,6.8125],"to":[3.8125,20.375,18.8125],"rotation":{"angle":22.5,"axis":"y","origin":[1.8125,18.5625,8]},"faces":{"north":{"uv":[6,2,8,0],"rotation":90,"texture":"#6"},"east":{"uv":[6,0,4,6],"rotation":90,"texture":"#6"},"south":{"uv":[2,6,4,8],"rotation":90,"texture":"#6"},"west":{"uv":[2,0,0,6],"rotation":270,"texture":"#6"},"up":{"uv":[4,0,2,6],"texture":"#6"},"down":{"uv":[2,6,0,12],"rotation":180,"texture":"#6"}}},{"from":[-0.9375,16.125,6.5625],"to":[4.5625,21.125,16.8125],"shade":false,"rotation":{"angle":22.5,"axis":"y","origin":[1.8125,18.5625,8]},"faces":{"north":{"uv":[11,10,12,8],"rotation":90,"texture":"#3"},"east":{"uv":[14,10,13,15.5],"rotation":90,"texture":"#3"},"south":{"uv":[12,8.75,13,10],"rotation":90,"texture":"#3"},"west":{"uv":[13,10,12,15.5],"rotation":270,"texture":"#3"},"up":{"uv":[11,10,10,15.5],"texture":"#3"},"down":{"uv":[12,10,11,15.5],"rotation":180,"texture":"#3"}}},{"from":[4.1,21.1,4.1],"to":[11.9,28.9,11.9],"rotation":{"angle":0,"axis":"x","origin":[8,25,8]},"faces":{"north":{"uv":[4,12,0,8],"rotation":180,"texture":"#4"},"east":{"uv":[0,4,4,8],"rotation":90,"texture":"#4"},"south":{"uv":[12,0,8,4],"texture":"#4"},"west":{"uv":[4,4,8,8],"rotation":270,"texture":"#4"},"up":{"uv":[4,0,8,4],"texture":"#4"},"down":{"uv":[0,0,4,4],"rotation":180,"texture":"#4"}}},{"from":[8,-3,5.75],"to":[12.25,9,10.25],"rotation":{"angle":0,"axis":"y","origin":[10.1875,1,8]},"faces":{"north":{"uv":[1,10,2,15.5],"texture":"#5"},"east":{"uv":[0,10,1,15.5],"texture":"#5"},"south":{"uv":[3,10,4,15.5],"texture":"#5"},"west":{"uv":[2,10,3,15.5],"texture":"#5"},"up":{"uv":[2,10,1,8],"texture":"#5"},"down":{"uv":[3,9,2,10],"texture":"#5"}}},{"from":[8,-3,5.5],"to":[12.5,1,10.5],"shade":false,"rotation":{"angle":0,"axis":"y","origin":[10.1875,1,8]},"faces":{"north":{"uv":[1,14,2,16],"texture":"#2"},"east":{"uv":[0,14,1,16],"texture":"#2"},"south":{"uv":[3,14,4,16],"texture":"#2"},"west":{"uv":[2,14,3,16],"texture":"#2"},"up":{"uv":[1,12.5,0,11.25],"texture":"#2"},"down":{"uv":[3,8,2,10],"texture":"#2"}}},{"from":[3.75,-3,5.75],"to":[8,9,10.25],"rotation":{"angle":0,"axis":"y","origin":[5.8125,1,8]},"faces":{"north":{"uv":[2,10,1,15.5],"texture":"#5"},"east":{"uv":[3,10,2,15.5],"texture":"#5"},"south":{"uv":[4,10,3,15.5],"texture":"#5"},"west":{"uv":[1,10,0,15.5],"texture":"#5"},"up":{"uv":[1,10,2,8],"texture":"#5"},"down":{"uv":[2,9,3,10],"texture":"#5"}}},{"from":[3.5,-3,5.5],"to":[8,1,10.5],"shade":false,"rotation":{"angle":0,"axis":"y","origin":[5.8125,1,8]},"faces":{"north":{"uv":[2,14,1,16],"texture":"#2"},"east":{"uv":[3,14,2,16],"texture":"#2"},"south":{"uv":[4,14,3,16],"texture":"#2"},"west":{"uv":[1,14,0,16],"texture":"#2"},"up":{"uv":[0,12.5,1,11.25],"texture":"#2"},"down":{"uv":[2,8,3,10],"texture":"#2"}}},{"from":[9.87607,17.55197,-2.70027],"to":[10.25107,18.30197,-1.95027],"rotation":{"angle":-22.5,"axis":"y","origin":[6.61665,13.47911,2.669]},"faces":{"north":{"uv":[7.75,0.75,8,1],"rotation":90,"texture":"#1"},"east":{"uv":[2,7.75,1.75,8],"rotation":270,"texture":"#1"},"south":{"uv":[1.25,7.75,1.5,8],"rotation":270,"texture":"#1"},"west":{"uv":[1.75,8,1.5,7.75],"rotation":270,"texture":"#1"},"up":{"uv":[7.75,1,8,1.25],"rotation":270,"texture":"#1"},"down":{"uv":[7.75,1.25,8,1.5],"rotation":270,"texture":"#1"}}},{"from":[6.00107,17.42697,-2.82527],"to":[9.87607,18.42697,-1.82527],"rotation":{"angle":-22.5,"axis":"y","origin":[6.61665,13.47911,2.669]},"faces":{"north":{"uv":[1,5.75,1.25,6.75],"rotation":90,"texture":"#1"},"east":{"uv":[8,2.25,7.75,2.5],"rotation":270,"texture":"#1"},"south":{"uv":[5.25,6,5.5,7],"rotation":270,"texture":"#1"},"west":{"uv":[2.25,8,2,7.75],"rotation":270,"texture":"#1"},"up":{"uv":[2.75,5.75,3,6.75],"rotation":270,"texture":"#1"},"down":{"uv":[6.25,1,6.5,2],"rotation":270,"texture":"#1"}}},{"from":[6.00107,17.42697,-3.82527],"to":[7.37607,18.42697,-2.82527],"rotation":{"angle":-22.5,"axis":"y","origin":[6.61665,13.47911,2.669]},"faces":{"north":{"uv":[2.5,7.75,2.75,8],"rotation":90,"texture":"#1"},"east":{"uv":[3.5,7.75,3.25,8],"rotation":270,"texture":"#1"},"south":{"uv":[2.75,7.75,3,8],"rotation":270,"texture":"#1"},"west":{"uv":[8,3.25,7.75,3],"rotation":270,"texture":"#1"},"up":{"uv":[7.75,2.5,8,2.75],"rotation":270,"texture":"#1"},"down":{"uv":[3,7.75,3.25,8],"rotation":270,"texture":"#1"}}},{"from":[7.37607,17.42697,-3.82527],"to":[8.37607,18.42697,-3.57527],"rotation":{"angle":-22.5,"axis":"y","origin":[6.61665,13.47911,2.669]},"faces":{"north":{"uv":[3.5,7.75,3.75,8],"rotation":90,"texture":"#1"},"east":{"uv":[8,4.25,7.75,4.5],"rotation":270,"texture":"#1"},"south":{"uv":[7.75,3.75,8,4],"rotation":270,"texture":"#1"},"west":{"uv":[4.5,8,4.25,7.75],"rotation":270,"texture":"#1"},"up":{"uv":[7.75,3.5,8,3.75],"rotation":270,"texture":"#1"},"down":{"uv":[4,7.75,4.25,8],"rotation":270,"texture":"#1"}}},{"from":[8.18857,17.48947,-3.76277],"to":[8.43857,18.36447,-2.82527],"rotation":{"angle":-22.5,"axis":"y","origin":[6.61665,13.47911,2.669]},"faces":{"north":{"uv":[4.5,7.75,4.75,8],"rotation":90,"texture":"#1"},"east":{"uv":[5.75,7.75,5.5,8],"rotation":270,"texture":"#1"},"south":{"uv":[4.75,7.75,5,8],"rotation":270,"texture":"#1"},"west":{"uv":[5.5,8,5.25,7.75],"rotation":270,"texture":"#1"},"up":{"uv":[7.75,4.5,8,4.75],"rotation":270,"texture":"#1"},"down":{"uv":[5,7.75,5.25,8],"rotation":270,"texture":"#1"}}},{"from":[5.33778,17.48947,-3.3381],"to":[5.58778,18.36447,-2.8381],"rotation":{"angle":-45,"axis":"y","origin":[6.61665,13.47911,2.669]},"faces":{"north":{"uv":[8,6.5,7.75,6.75],"rotation":270,"texture":"#1"},"east":{"uv":[6,7.75,6.25,8],"rotation":270,"texture":"#1"},"south":{"uv":[8,6.5,7.75,6.25],"rotation":270,"texture":"#1"},"west":{"uv":[7.75,5.5,8,5.75],"rotation":90,"texture":"#1"},"up":{"uv":[7.75,5.75,8,6],"rotation":180,"texture":"#1"},"down":{"uv":[6.25,7.75,6.5,8],"texture":"#1"}}},{"from":[5.78705,17.48947,-3.75954],"to":[6.03705,18.36447,-1.88454],"rotation":{"angle":-22.5,"axis":"y","origin":[6.61665,13.47911,2.669]},"faces":{"north":{"uv":[7.75,6.75,8,7],"rotation":90,"texture":"#1"},"east":{"uv":[6.75,1.5,6.5,2],"rotation":270,"texture":"#1"},"south":{"uv":[7,7.75,7.25,8],"rotation":270,"texture":"#1"},"west":{"uv":[5,6,4.75,5.5],"rotation":270,"texture":"#1"},"up":{"uv":[1.5,7,2,7.25],"rotation":270,"texture":"#1"},"down":{"uv":[7,1.5,7.5,1.75],"rotation":270,"texture":"#1"}}},{"from":[12.875,11.65838,5.51481],"to":[13.125,11.90838,6.76481],"rotation":{"angle":-22.5,"axis":"y","origin":[6.61665,13.47911,2.669]},"faces":{"north":{"uv":[1,8,1.25,8.25],"texture":"#1"},"east":{"uv":[8,1,8.25,1.25],"texture":"#1"},"south":{"uv":[1.25,8,1.5,8.25],"texture":"#1"},"west":{"uv":[8,1.25,8.25,1.5],"texture":"#1"},"up":{"uv":[1.75,8.25,1.5,8],"texture":"#1"},"down":{"uv":[8.25,1.5,8,1.75],"texture":"#1"}}},{"from":[12.875,10.24171,5.70895],"to":[13.125,10.49171,6.95895],"rotation":{"angle":-22.5,"axis":"y","origin":[6.61665,13.47911,2.669]},"faces":{"north":{"uv":[1.75,8,2,8.25],"texture":"#1"},"east":{"uv":[8,1.75,8.25,2],"texture":"#1"},"south":{"uv":[2,8,2.25,8.25],"texture":"#1"},"west":{"uv":[8,2,8.25,2.25],"texture":"#1"},"up":{"uv":[2.5,8.25,2.25,8],"texture":"#1"},"down":{"uv":[8.25,2.25,8,2.5],"texture":"#1"}}},{"from":[13.3768,8.875,2.61073],"to":[13.6268,9.125,3.86073],"rotation":{"angle":-45,"axis":"y","origin":[6.61665,13.47911,2.669]},"faces":{"north":{"uv":[2.5,8,2.75,8.25],"texture":"#1"},"east":{"uv":[8,2.5,8.25,2.75],"texture":"#1"},"south":{"uv":[2.75,8,3,8.25],"texture":"#1"},"west":{"uv":[8,2.75,8.25,3],"texture":"#1"},"up":{"uv":[3.25,8.25,3,8],"texture":"#1"},"down":{"uv":[8.25,3,8,3.25],"texture":"#1"}}},{"from":[12.40747,7.63697,1.92673],"to":[12.65747,7.88697,3.17673],"rotation":{"angle":-22.5,"axis":"y","origin":[6.61665,13.47911,2.669]},"faces":{"north":{"uv":[3.25,8,3.5,8.25],"texture":"#1"},"east":{"uv":[8,3.25,8.25,3.5],"texture":"#1"},"south":{"uv":[3.5,8,3.75,8.25],"texture":"#1"},"west":{"uv":[8,3.5,8.25,3.75],"texture":"#1"},"up":{"uv":[4,8.25,3.75,8],"texture":"#1"},"down":{"uv":[8.25,3.75,8,4],"texture":"#1"}}},{"from":[13.6268,9.625,4.36073],"to":[13.8768,9.875,5.98573],"rotation":{"angle":-45,"axis":"y","origin":[6.61665,13.47911,2.669]},"faces":{"north":{"uv":[4,8,4.25,8.25],"texture":"#1"},"east":{"uv":[7,1.75,7.5,2],"texture":"#1"},"south":{"uv":[8,4,8.25,4.25],"texture":"#1"},"west":{"uv":[7,2,7.5,2.25],"texture":"#1"},"up":{"uv":[6.75,3,6.5,2.5],"texture":"#1"},"down":{"uv":[7.25,2.25,7,2.75],"texture":"#1"}}},{"from":[4.5954,9.625,10.40527],"to":[6.3454,9.875,10.65527],"rotation":{"angle":22.5,"axis":"y","origin":[6.61665,13.47911,2.669]},"faces":{"north":{"uv":[7,3.25,7.5,3.5],"texture":"#1"},"east":{"uv":[4.25,8,4.5,8.25],"texture":"#1"},"south":{"uv":[7,2.75,7.5,3],"texture":"#1"},"west":{"uv":[8,4.25,8.25,4.5],"texture":"#1"},"up":{"uv":[7.25,4,7,3.5],"rotation":90,"texture":"#1"},"down":{"uv":[5.5,7,5.25,7.5],"rotation":270,"texture":"#1"}}},{"from":[9.34893,18.30197,14.64973],"to":[9.72393,19.05197,15.39973],"rotation":{"angle":-22.5,"axis":"y","origin":[0.98438,13.6926,1.20442]},"faces":{"north":{"uv":[8,0.75,7.75,1],"rotation":270,"texture":"#1"},"east":{"uv":[1.5,8,1.75,7.75],"rotation":90,"texture":"#1"},"south":{"uv":[1.5,7.75,1.25,8],"rotation":90,"texture":"#1"},"west":{"uv":[1.75,7.75,2,8],"rotation":90,"texture":"#1"},"up":{"uv":[8,1,7.75,1.25],"rotation":90,"texture":"#1"},"down":{"uv":[8,1.25,7.75,1.5],"rotation":90,"texture":"#1"}}},{"from":[9.72393,18.17697,14.52473],"to":[13.59893,19.17697,15.52473],"rotation":{"angle":-22.5,"axis":"y","origin":[0.98438,13.6926,1.20442]},"faces":{"north":{"uv":[1.25,5.75,1,6.75],"rotation":270,"texture":"#1"},"east":{"uv":[2,8,2.25,7.75],"rotation":90,"texture":"#1"},"south":{"uv":[5.5,6,5.25,7],"rotation":90,"texture":"#1"},"west":{"uv":[7.75,2.25,8,2.5],"rotation":90,"texture":"#1"},"up":{"uv":[3,5.75,2.75,6.75],"rotation":90,"texture":"#1"},"down":{"uv":[6.5,1,6.25,2],"rotation":90,"texture":"#1"}}},{"from":[12.22393,18.17697,13.52473],"to":[13.59893,19.17697,14.52473],"rotation":{"angle":-22.5,"axis":"y","origin":[0.98438,13.6926,1.20442]},"faces":{"north":{"uv":[2.75,7.75,2.5,8],"rotation":270,"texture":"#1"},"east":{"uv":[7.75,3.25,8,3],"rotation":90,"texture":"#1"},"south":{"uv":[3,7.75,2.75,8],"rotation":90,"texture":"#1"},"west":{"uv":[3.25,7.75,3.5,8],"rotation":90,"texture":"#1"},"up":{"uv":[8,2.5,7.75,2.75],"rotation":90,"texture":"#1"},"down":{"uv":[3.25,7.75,3,8],"rotation":90,"texture":"#1"}}},{"from":[11.22393,18.17697,13.52473],"to":[12.22393,19.17697,13.77473],"rotation":{"angle":-22.5,"axis":"y","origin":[0.98438,13.6926,1.20442]},"faces":{"north":{"uv":[3.75,7.75,3.5,8],"rotation":270,"texture":"#1"},"east":{"uv":[4.25,8,4.5,7.75],"rotation":90,"texture":"#1"},"south":{"uv":[8,3.75,7.75,4],"rotation":90,"texture":"#1"},"west":{"uv":[7.75,4.25,8,4.5],"rotation":90,"texture":"#1"},"up":{"uv":[8,3.5,7.75,3.75],"rotation":90,"texture":"#1"},"down":{"uv":[4.25,7.75,4,8],"rotation":90,"texture":"#1"}}},{"from":[11.16143,18.23947,13.58723],"to":[11.41143,19.11447,14.52473],"rotation":{"angle":-22.5,"axis":"y","origin":[0.98438,13.6926,1.20442]},"faces":{"north":{"uv":[4.75,7.75,4.5,8],"rotation":270,"texture":"#1"},"east":{"uv":[5.25,8,5.5,7.75],"rotation":90,"texture":"#1"},"south":{"uv":[5,7.75,4.75,8],"rotation":90,"texture":"#1"},"west":{"uv":[5.5,7.75,5.75,8],"rotation":90,"texture":"#1"},"up":{"uv":[8,4.5,7.75,4.75],"rotation":90,"texture":"#1"},"down":{"uv":[5.25,7.75,5,8],"rotation":90,"texture":"#1"}}},{"from":[6.01076,18.23947,17.26288],"to":[6.26076,19.11447,17.76288],"rotation":{"angle":0,"axis":"y","origin":[6.03576,18.67697,16.81288]},"faces":{"north":{"uv":[7.75,6.5,8,6.75],"rotation":90,"texture":"#1"},"east":{"uv":[8,5.5,7.75,5.75],"rotation":270,"texture":"#1"},"south":{"uv":[7.75,6.5,8,6.25],"rotation":90,"texture":"#1"},"west":{"uv":[6.25,7.75,6,8],"rotation":90,"texture":"#1"},"up":{"uv":[8,5.75,7.75,6],"rotation":180,"texture":"#1"},"down":{"uv":[6.5,7.75,6.25,8],"texture":"#1"}}},{"from":[13.56295,18.23947,13.59046],"to":[13.81295,19.11447,15.46546],"rotation":{"angle":-22.5,"axis":"y","origin":[0.98438,13.6926,1.20442]},"faces":{"north":{"uv":[8,6.75,7.75,7],"rotation":270,"texture":"#1"},"east":{"uv":[4.75,6,5,5.5],"rotation":90,"texture":"#1"},"south":{"uv":[7.25,7.75,7,8],"rotation":90,"texture":"#1"},"west":{"uv":[6.5,1.5,6.75,2],"rotation":90,"texture":"#1"},"up":{"uv":[2,7,1.5,7.25],"rotation":90,"texture":"#1"},"down":{"uv":[7.5,1.5,7,1.75],"rotation":90,"texture":"#1"}}},{"from":[2.375,11.69694,7.36665],"to":[2.625,11.94694,8.61665],"rotation":{"angle":45,"axis":"x","origin":[3.30193,13.01777,4.67338]},"faces":{"north":{"uv":[1.25,8,1,8.25],"texture":"#1"},"east":{"uv":[8.25,1.25,8,1.5],"texture":"#1"},"south":{"uv":[1.5,8,1.25,8.25],"texture":"#1"},"west":{"uv":[8.25,1,8,1.25],"texture":"#1"},"up":{"uv":[1.5,8.25,1.75,8],"texture":"#1"},"down":{"uv":[8,1.5,8.25,1.75],"texture":"#1"}}},{"from":[2.375,10.30059,7.76371],"to":[2.625,10.55059,9.01371],"rotation":{"angle":22.5,"axis":"x","origin":[3.30193,13.01777,4.67338]},"faces":{"north":{"uv":[2,8,1.75,8.25],"texture":"#1"},"east":{"uv":[8.25,2,8,2.25],"texture":"#1"},"south":{"uv":[2.25,8,2,8.25],"texture":"#1"},"west":{"uv":[8.25,1.75,8,2],"texture":"#1"},"up":{"uv":[2.25,8.25,2.5,8],"texture":"#1"},"down":{"uv":[8,2.25,8.25,2.5],"texture":"#1"}}},{"from":[1.35434,8.875,6.97795],"to":[1.60434,9.125,8.22795],"rotation":{"angle":22.5,"axis":"y","origin":[3.30193,13.01777,4.67338]},"faces":{"north":{"uv":[2.75,8,2.5,8.25],"texture":"#1"},"east":{"uv":[8.25,2.75,8,3],"texture":"#1"},"south":{"uv":[3,8,2.75,8.25],"texture":"#1"},"west":{"uv":[8.25,2.5,8,2.75],"texture":"#1"},"up":{"uv":[3,8.25,3.25,8],"texture":"#1"},"down":{"uv":[8,3,8.25,3.25],"texture":"#1"}}},{"from":[2.84253,7.32816,4.43101],"to":[3.09253,7.57816,5.68101],"rotation":{"angle":-45,"axis":"x","origin":[3.30193,13.01777,4.67338]},"faces":{"north":{"uv":[3.5,8,3.25,8.25],"texture":"#1"},"east":{"uv":[8.25,3.5,8,3.75],"texture":"#1"},"south":{"uv":[3.75,8,3.5,8.25],"texture":"#1"},"west":{"uv":[8.25,3.25,8,3.5],"texture":"#1"},"up":{"uv":[3.75,8.25,4,8],"texture":"#1"},"down":{"uv":[8,3.75,8.25,4],"texture":"#1"}}},{"from":[1.10434,9.625,8.72795],"to":[1.35434,9.875,10.35295],"rotation":{"angle":22.5,"axis":"y","origin":[3.30193,13.01777,4.67338]},"faces":{"north":{"uv":[4.25,8,4,8.25],"texture":"#1"},"east":{"uv":[7.5,2,7,2.25],"texture":"#1"},"south":{"uv":[8.25,4,8,4.25],"texture":"#1"},"west":{"uv":[7.5,1.75,7,2],"texture":"#1"},"up":{"uv":[6.5,3,6.75,2.5],"texture":"#1"},"down":{"uv":[7,2.25,7.25,2.75],"texture":"#1"}}},{"from":[-0.91136,9.625,9.06497],"to":[-0.66136,9.875,10.81497],"rotation":{"angle":45,"axis":"y","origin":[3.30193,13.01777,4.67338]},"faces":{"north":{"uv":[4.5,8,4.25,8.25],"texture":"#1"},"east":{"uv":[7.5,3.25,7,3.5],"texture":"#1"},"south":{"uv":[8.25,4.25,8,4.5],"texture":"#1"},"west":{"uv":[7.5,2.75,7,3],"texture":"#1"},"up":{"uv":[7,4,7.25,3.5],"texture":"#1"},"down":{"uv":[5.25,7,5.5,7.5],"texture":"#1"}}},{"from":[2,4.50694,2.61031],"to":[4,7.50694,16.61031],"rotation":{"angle":0,"axis":"y","origin":[4.52843,7.80035,8.03953]},"faces":{"north":{"uv":[4,0,3.5,0.75],"texture":"#1"},"east":{"uv":[3.5,0.75,0,1.5],"texture":"#1"},"south":{"uv":[4,0.75,3.5,1.5],"texture":"#1"},"west":{"uv":[3.5,0,0,0.75],"texture":"#1"},"up":{"uv":[0,5,0.5,1.5],"texture":"#1"},"down":{"uv":[0.5,1.5,1,5],"texture":"#1"}}},{"from":[2,4.50694,0.61031],"to":[2.375,7.50694,2.61031],"rotation":{"angle":0,"axis":"y","origin":[4.52843,7.80035,8.03953]},"faces":{"north":{"uv":[1,6.5,0.75,7.25],"texture":"#1"},"east":{"uv":[6,5.5,5.5,6.25],"texture":"#1"},"south":{"uv":[6.75,4.75,6.5,5.5],"texture":"#1"},"west":{"uv":[6,4.75,5.5,5.5],"texture":"#1"},"up":{"uv":[5.5,7.5,5.75,7],"texture":"#1"},"down":{"uv":[5.75,7,6,7.5],"texture":"#1"}}},{"from":[2.875,4.50694,0.61031],"to":[3.125,7.50694,2.61031],"rotation":{"angle":0,"axis":"y","origin":[4.52843,7.80035,8.03953]},"faces":{"north":{"uv":[6.75,6.25,6.5,7],"texture":"#1"},"east":{"uv":[6.25,1,5.75,1.75],"texture":"#1"},"south":{"uv":[1.25,6.75,1,7.5],"texture":"#1"},"west":{"uv":[1,5.75,0.5,6.5],"texture":"#1"},"up":{"uv":[6,7.5,6.25,7],"texture":"#1"},"down":{"uv":[7,6.25,7.25,6.75],"texture":"#1"}}},{"from":[3.625,4.50694,0.61031],"to":[4,7.50694,2.61031],"rotation":{"angle":0,"axis":"y","origin":[4.52843,7.80035,8.03953]},"faces":{"north":{"uv":[1.5,6.75,1.25,7.5],"texture":"#1"},"east":{"uv":[6.25,1.75,5.75,2.5],"texture":"#1"},"south":{"uv":[7,1.5,6.75,2.25],"texture":"#1"},"west":{"uv":[2,5.75,1.5,6.5],"texture":"#1"},"up":{"uv":[6.5,7.5,6.75,7],"texture":"#1"},"down":{"uv":[6.75,7,7,7.5],"texture":"#1"}}},{"from":[1.9375,7.00694,0.54781],"to":[4.0625,7.56944,2.61031],"rotation":{"angle":0,"axis":"y","origin":[4.52843,7.80035,8.03953]},"faces":{"north":{"uv":[7.5,4,7,4.25],"texture":"#1"},"east":{"uv":[2,7.25,1.5,7.5],"texture":"#1"},"south":{"uv":[7.5,7,7,7.25],"texture":"#1"},"west":{"uv":[7.5,6.75,7,7],"texture":"#1"},"up":{"uv":[2,6.75,2.5,6.25],"texture":"#1"},"down":{"uv":[6.25,2,6.75,2.5],"texture":"#1"}}},{"from":[1.9375,4.44444,0.54781],"to":[4.0625,5.00694,2.61031],"rotation":{"angle":0,"axis":"y","origin":[4.52843,7.80035,8.03953]},"faces":{"north":{"uv":[7.75,2.25,7.25,2.5],"texture":"#1"},"east":{"uv":[7.75,3.5,7.25,3.75],"texture":"#1"},"south":{"uv":[7.75,3,7.25,3.25],"texture":"#1"},"west":{"uv":[7.75,2.5,7.25,2.75],"texture":"#1"},"up":{"uv":[5.5,6.75,6,6.25],"texture":"#1"},"down":{"uv":[6,6.25,6.5,6.75],"texture":"#1"}}},{"from":[2.625,7.50694,4.61031],"to":[3.375,8.50694,15.61031],"rotation":{"angle":0,"axis":"y","origin":[4.52843,7.80035,8.03953]},"faces":{"north":{"uv":[4.75,8,4.5,8.25],"texture":"#1"},"east":{"uv":[7.75,0.25,5,0.5],"texture":"#1"},"south":{"uv":[8.25,4.5,8,4.75],"texture":"#1"},"west":{"uv":[7.75,0,5,0.25],"texture":"#1"},"up":{"uv":[3.5,7.5,3.75,4.75],"texture":"#1"},"down":{"uv":[3.75,4.75,4,7.5],"texture":"#1"}}},{"from":[2.5,7.625,4.625],"to":[3.5,8.375,15.625],"rotation":{"angle":0,"axis":"y","origin":[4.52843,7.80035,8.03953]},"faces":{"north":{"uv":[5,8,4.75,8.25],"texture":"#1"},"east":{"uv":[7.75,0.75,5,1],"texture":"#1"},"south":{"uv":[8.25,4.75,8,5],"texture":"#1"},"west":{"uv":[7.75,0.5,5,0.75],"texture":"#1"},"up":{"uv":[0,7.75,0.25,5],"texture":"#1"},"down":{"uv":[0.25,5,0.5,7.75],"texture":"#1"}}},{"from":[2.625,7.625,4.25],"to":[3.375,8.375,15.75],"rotation":{"angle":0,"axis":"y","origin":[4.52843,7.80035,8.03953]},"faces":{"north":{"uv":[5.25,8,5,8.25],"texture":"#1"},"east":{"uv":[4,1.75,1,2],"texture":"#1"},"south":{"uv":[8.25,5,8,5.25],"texture":"#1"},"west":{"uv":[4,1.5,1,1.75],"texture":"#1"},"up":{"uv":[1,5,1.25,2],"texture":"#1"},"down":{"uv":[1.25,2,1.5,5],"texture":"#1"}}},{"from":[2.875,7.875,4],"to":[3.125,8.125,4.25],"rotation":{"angle":0,"axis":"y","origin":[4.52843,7.80035,8.03953]},"faces":{"north":{"uv":[5.5,8,5.25,8.25],"texture":"#1"},"east":{"uv":[8.25,5.5,8,5.75],"texture":"#1"},"south":{"uv":[5.75,8,5.5,8.25],"texture":"#1"},"west":{"uv":[8.25,5.25,8,5.5],"texture":"#1"},"up":{"uv":[5.75,8.25,6,8],"texture":"#1"},"down":{"uv":[8,5.75,8.25,6],"texture":"#1"}}},{"from":[4.98847,5.54274,12.75],"to":[5.23847,12.04274,13.5],"rotation":{"angle":-45,"axis":"z","origin":[4.52843,7.80035,8.03953]},"faces":{"north":{"uv":[1.5,5,1.25,6.75],"texture":"#1"},"east":{"uv":[4.25,5.5,4,7.25],"texture":"#1"},"south":{"uv":[5.5,4.25,5.25,6],"texture":"#1"},"west":{"uv":[5.25,4.25,5,6],"texture":"#1"},"up":{"uv":[6,8.25,6.25,8],"texture":"#1"},"down":{"uv":[8,6,8.25,6.25],"texture":"#1"}}},{"from":[6,6.4375,12.8125],"to":[6.25,8.5,13.4375],"rotation":{"angle":0,"axis":"y","origin":[4.52843,7.80035,8.03953]},"faces":{"north":{"uv":[1,7.25,0.75,7.75],"texture":"#1"},"east":{"uv":[4.5,7.25,4.25,7.75],"texture":"#1"},"south":{"uv":[4.25,7.25,4,7.75],"texture":"#1"},"west":{"uv":[2.75,7.25,2.5,7.75],"texture":"#1"},"up":{"uv":[6.25,8.25,6.5,8],"texture":"#1"},"down":{"uv":[8,6.25,8.25,6.5],"texture":"#1"}}},{"from":[3.1583,8.31855,7],"to":[3.4083,9.06855,13.5],"rotation":{"angle":-22.5,"axis":"z","origin":[4.52843,7.80035,8.03953]},"faces":{"north":{"uv":[6.75,8,6.5,8.25],"texture":"#1"},"east":{"uv":[7.25,4.5,5.5,4.75],"texture":"#1"},"south":{"uv":[8.25,6.5,8,6.75],"texture":"#1"},"west":{"uv":[7.25,4.25,5.5,4.5],"texture":"#1"},"up":{"uv":[4.25,7.25,4.5,5.5],"texture":"#1"},"down":{"uv":[4.5,5.5,4.75,7.25],"texture":"#1"}}},{"from":[2.92785,8.22706,5.5],"to":[3.42785,9.35206,7],"rotation":{"angle":-22.5,"axis":"z","origin":[4.52843,7.80035,8.03953]},"faces":{"north":{"uv":[7,8,6.75,8.25],"texture":"#1"},"east":{"uv":[7.75,4.25,7.25,4.5],"texture":"#1"},"south":{"uv":[8.25,6.75,8,7],"texture":"#1"},"west":{"uv":[7.75,3.75,7.25,4],"texture":"#1"},"up":{"uv":[4.5,7.75,4.75,7.25],"texture":"#1"},"down":{"uv":[7.25,6.25,7.5,6.75],"texture":"#1"}}},{"from":[3.05285,9.22706,6.25],"to":[3.30285,9.53956,6.4375],"rotation":{"angle":-22.5,"axis":"z","origin":[4.52843,7.80035,8.03953]},"faces":{"north":{"uv":[7.25,8,7,8.25],"texture":"#1"},"east":{"uv":[8.25,7.25,8,7.5],"texture":"#1"},"south":{"uv":[7.5,8,7.25,8.25],"texture":"#1"},"west":{"uv":[8.25,7,8,7.25],"texture":"#1"},"up":{"uv":[7.5,8.25,7.75,8],"texture":"#1"},"down":{"uv":[8,7.5,8.25,7.75],"texture":"#1"}}},{"from":[2.92785,8.66456,5],"to":[3.42785,9.35206,5.5],"rotation":{"angle":-22.5,"axis":"z","origin":[4.52843,7.80035,8.03953]},"faces":{"north":{"uv":[8,8,7.75,8.25],"texture":"#1"},"east":{"uv":[0.25,8.25,0,8.5],"texture":"#1"},"south":{"uv":[8.25,8,8,8.25],"texture":"#1"},"west":{"uv":[8.25,7.75,8,8],"texture":"#1"},"up":{"uv":[8.25,0.25,8.5,0],"texture":"#1"},"down":{"uv":[0.25,8.25,0.5,8.5],"texture":"#1"}}},{"from":[3.38342,9.46414,11.75],"to":[4.07092,11.46414,14.75],"rotation":{"angle":-22.5,"axis":"z","origin":[4.52843,7.80035,8.03953]},"faces":{"north":{"uv":[7.25,7.25,7,7.75],"texture":"#1"},"east":{"uv":[6.5,2.5,5.75,3],"texture":"#1"},"south":{"uv":[7.5,7.25,7.25,7.75],"texture":"#1"},"west":{"uv":[2.75,5.75,2,6.25],"texture":"#1"},"up":{"uv":[2,7.5,2.25,6.75],"texture":"#1"},"down":{"uv":[2.25,6.75,2.5,7.5],"texture":"#1"}}},{"from":[3.32092,8.96414,12.25],"to":[4.13342,11.96414,14.25],"rotation":{"angle":-22.5,"axis":"z","origin":[4.52843,7.80035,8.03953]},"faces":{"north":{"uv":[7,2.25,6.75,3],"texture":"#1"},"east":{"uv":[6.5,4.75,6,5.5],"texture":"#1"},"south":{"uv":[3,6.75,2.75,7.5],"texture":"#1"},"west":{"uv":[5.25,6,4.75,6.75],"texture":"#1"},"up":{"uv":[0.5,8,0.75,7.5],"texture":"#1"},"down":{"uv":[1,7.5,1.25,8],"texture":"#1"}}},{"from":[1.75,4.25,3],"to":[4.25,7.75,4],"rotation":{"angle":0,"axis":"y","origin":[4.52843,7.80035,8.03953]},"faces":{"north":{"uv":[2.25,2,1.5,3],"texture":"#1"},"east":{"uv":[0.75,6.5,0.5,7.5],"texture":"#1"},"south":{"uv":[3,2,2.25,3],"texture":"#1"},"west":{"uv":[2.75,6.25,2.5,7.25],"texture":"#1"},"up":{"uv":[6.75,5,7.5,4.75],"texture":"#1"},"down":{"uv":[6.75,5,7.5,5.25],"texture":"#1"}}},{"from":[1.75,4.25,10],"to":[4.25,7.5,11],"rotation":{"angle":0,"axis":"y","origin":[4.52843,7.80035,8.03953]},"faces":{"north":{"uv":[1.25,5,0.5,5.75],"texture":"#1"},"east":{"uv":[5.25,6.75,5,7.5],"texture":"#1"},"south":{"uv":[5.75,1,5,1.75],"texture":"#1"},"west":{"uv":[5,6.75,4.75,7.5],"texture":"#1"},"up":{"uv":[6.75,5.5,7.5,5.25],"texture":"#1"},"down":{"uv":[5.5,6.75,6.25,7],"texture":"#1"}}},{"from":[2.06578,6.39499,10.0625],"to":[2.31578,7.70749,10.9375],"rotation":{"angle":-22.5,"axis":"z","origin":[4.52843,7.80035,8.03953]},"faces":{"north":{"uv":[8.5,0.25,8.25,0.5],"texture":"#1"},"east":{"uv":[1,8.25,0.75,8.5],"texture":"#1"},"south":{"uv":[8.5,0.5,8.25,0.75],"texture":"#1"},"west":{"uv":[0.75,8.25,0.5,8.5],"texture":"#1"},"up":{"uv":[8.25,1,8.5,0.75],"texture":"#1"},"down":{"uv":[1,8.25,1.25,8.5],"texture":"#1"}}},{"from":[3.9057,7.67546,10.0625],"to":[4.1557,8.86296,10.9375],"rotation":{"angle":22.5,"axis":"z","origin":[4.52843,7.80035,8.03953]},"faces":{"north":{"uv":[8.5,1,8.25,1.25],"texture":"#1"},"east":{"uv":[1.75,8.25,1.5,8.5],"texture":"#1"},"south":{"uv":[8.5,1.25,8.25,1.5],"texture":"#1"},"west":{"uv":[1.5,8.25,1.25,8.5],"texture":"#1"},"up":{"uv":[8.25,1.75,8.5,1.5],"texture":"#1"},"down":{"uv":[1.75,8.25,2,8.5],"texture":"#1"}}},{"from":[2.22523,8.52943,10],"to":[3.78773,8.77943,11],"rotation":{"angle":0,"axis":"y","origin":[4.52843,7.80035,8.03953]},"faces":{"north":{"uv":[7.75,4.5,7.25,4.75],"texture":"#1"},"east":{"uv":[2.25,8.25,2,8.5],"texture":"#1"},"south":{"uv":[1.75,7.5,1.25,7.75],"texture":"#1"},"west":{"uv":[8.5,1.75,8.25,2],"texture":"#1"},"up":{"uv":[7.5,1.75,8,1.5],"texture":"#1"},"down":{"uv":[1.75,7.5,2.25,7.75],"texture":"#1"}}},{"from":[2.22523,8.52943,14],"to":[3.78773,8.77943,15],"rotation":{"angle":0,"axis":"y","origin":[4.52843,7.80035,8.03953]},"faces":{"north":{"uv":[8,1.75,7.5,2],"texture":"#1"},"east":{"uv":[2.5,8.25,2.25,8.5],"texture":"#1"},"south":{"uv":[8,2,7.5,2.25],"texture":"#1"},"west":{"uv":[8.5,2,8.25,2.25],"texture":"#1"},"up":{"uv":[2.75,7.75,3.25,7.5],"texture":"#1"},"down":{"uv":[7.5,2.75,8,3],"texture":"#1"}}},{"from":[3.9057,7.67546,14.0625],"to":[4.1557,8.86296,14.9375],"rotation":{"angle":22.5,"axis":"z","origin":[4.52843,7.80035,8.03953]},"faces":{"north":{"uv":[8.5,2.25,8.25,2.5],"texture":"#1"},"east":{"uv":[3,8.25,2.75,8.5],"texture":"#1"},"south":{"uv":[8.5,2.5,8.25,2.75],"texture":"#1"},"west":{"uv":[2.75,8.25,2.5,8.5],"texture":"#1"},"up":{"uv":[8.25,3,8.5,2.75],"texture":"#1"},"down":{"uv":[3,8.25,3.25,8.5],"texture":"#1"}}},{"from":[2.06578,6.45749,14.0625],"to":[2.31578,7.70749,14.9375],"rotation":{"angle":-22.5,"axis":"z","origin":[4.52843,7.80035,8.03953]},"faces":{"north":{"uv":[8.5,3,8.25,3.25],"texture":"#1"},"east":{"uv":[3.75,8.25,3.5,8.5],"texture":"#1"},"south":{"uv":[8.5,3.25,8.25,3.5],"texture":"#1"},"west":{"uv":[3.5,8.25,3.25,8.5],"texture":"#1"},"up":{"uv":[8.25,3.75,8.5,3.5],"texture":"#1"},"down":{"uv":[3.75,8.25,4,8.5],"texture":"#1"}}},{"from":[1.75,4.25,14],"to":[4.25,7.5,15],"rotation":{"angle":0,"axis":"y","origin":[4.52843,7.80035,8.03953]},"faces":{"north":{"uv":[5.75,1.75,5,2.5],"texture":"#1"},"east":{"uv":[7,6.25,6.75,7],"texture":"#1"},"south":{"uv":[5.75,2.5,5,3.25],"texture":"#1"},"west":{"uv":[6.5,6.75,6.25,7.5],"texture":"#1"},"up":{"uv":[7,1.25,7.75,1],"texture":"#1"},"down":{"uv":[7,1.25,7.75,1.5],"texture":"#1"}}},{"from":[4.57802,7.86742,3.50979],"to":[5.82802,8.11742,3.75979],"rotation":{"angle":22.5,"axis":"y","origin":[4.52843,7.80035,8.03953]},"faces":{"north":{"uv":[8.5,3.75,8.25,4],"texture":"#1"},"east":{"uv":[4.5,8.25,4.25,8.5],"texture":"#1"},"south":{"uv":[8.5,4,8.25,4.25],"texture":"#1"},"west":{"uv":[4.25,8.25,4,8.5],"texture":"#1"},"up":{"uv":[8.25,4.5,8.5,4.25],"texture":"#1"},"down":{"uv":[4.5,8.25,4.75,8.5],"texture":"#1"}}},{"from":[3.9375,7.99294,3.62631],"to":[4.1875,8.24294,4.87631],"rotation":{"angle":0,"axis":"y","origin":[4.52843,7.80035,8.03953]},"faces":{"north":{"uv":[8.5,4.5,8.25,4.75],"texture":"#1"},"east":{"uv":[5.25,8.25,5,8.5],"texture":"#1"},"south":{"uv":[8.5,4.75,8.25,5],"texture":"#1"},"west":{"uv":[5,8.25,4.75,8.5],"texture":"#1"},"up":{"uv":[8.25,5.25,8.5,5],"texture":"#1"},"down":{"uv":[5.25,8.25,5.5,8.5],"texture":"#1"}}},{"from":[3.9948,9.28712,5.22596],"to":[4.2448,9.53712,6.47596],"rotation":{"angle":-22.5,"axis":"x","origin":[4.52843,7.80035,8.03953]},"faces":{"north":{"uv":[8.5,5.25,8.25,5.5],"texture":"#1"},"east":{"uv":[6,8.25,5.75,8.5],"texture":"#1"},"south":{"uv":[8.5,5.5,8.25,5.75],"texture":"#1"},"west":{"uv":[5.75,8.25,5.5,8.5],"texture":"#1"},"up":{"uv":[8.25,6,8.5,5.75],"texture":"#1"},"down":{"uv":[6,8.25,6.25,8.5],"texture":"#1"}}},{"from":[4.21753,8.61773,10.04371],"to":[4.46753,8.86773,11.29371],"rotation":{"angle":-45,"axis":"x","origin":[4.52843,7.80035,8.03953]},"faces":{"north":{"uv":[8.5,6,8.25,6.25],"texture":"#1"},"east":{"uv":[6.75,8.25,6.5,8.5],"texture":"#1"},"south":{"uv":[8.5,6.25,8.25,6.5],"texture":"#1"},"west":{"uv":[6.5,8.25,6.25,8.5],"texture":"#1"},"up":{"uv":[8.25,6.75,8.5,6.5],"texture":"#1"},"down":{"uv":[6.75,8.25,7,8.5],"texture":"#1"}}},{"from":[6.04482,10.70267,10.54226],"to":[7.66982,10.95267,10.79226],"rotation":{"angle":-22.5,"axis":"y","origin":[4.52843,7.80035,8.03953]},"faces":{"north":{"uv":[3.75,7.5,3.25,7.75],"texture":"#1"},"east":{"uv":[7.25,8.25,7,8.5],"texture":"#1"},"south":{"uv":[8,3.25,7.5,3.5],"texture":"#1"},"west":{"uv":[8.5,6.75,8.25,7],"texture":"#1"},"up":{"uv":[7.5,4.25,8,4],"texture":"#1"},"down":{"uv":[4.75,7.5,5.25,7.75],"texture":"#1"}}},{"from":[3.17981,10.75,11.84785],"to":[3.42981,11,13.59785],"rotation":{"angle":45,"axis":"y","origin":[4.52843,7.80035,8.03953]},"faces":{"north":{"uv":[8.5,7,8.25,7.25],"texture":"#1"},"east":{"uv":[8,5,7.5,5.25],"texture":"#1"},"south":{"uv":[7.5,8.25,7.25,8.5],"texture":"#1"},"west":{"uv":[8,4.75,7.5,5],"texture":"#1"},"up":{"uv":[2.25,8,2.5,7.5],"texture":"#1"},"down":{"uv":[3.75,7.5,4,8],"texture":"#1"}}},{"from":[3.63999,10.64017,9.48119],"to":[3.88999,10.89017,11.10619],"rotation":{"angle":22.5,"axis":"y","origin":[4.52843,7.80035,8.03953]},"faces":{"north":{"uv":[8.5,7.25,8.25,7.5],"texture":"#1"},"east":{"uv":[8,5.25,7.5,5.5],"texture":"#1"},"south":{"uv":[7.75,8.25,7.5,8.5],"texture":"#1"},"west":{"uv":[5.75,7.5,5.25,7.75],"texture":"#1"},"up":{"uv":[7.5,6,7.75,5.5],"texture":"#1"},"down":{"uv":[5.75,7.5,6,8],"texture":"#1"}}},{"from":[4.21925,9.30152,7.971],"to":[4.46925,9.55152,9.596],"rotation":{"angle":-22.5,"axis":"x","origin":[4.52843,7.80035,8.03953]},"faces":{"north":{"uv":[8.5,7.5,8.25,7.75],"texture":"#1"},"east":{"uv":[8,6,7.5,6.25],"texture":"#1"},"south":{"uv":[8,8.25,7.75,8.5],"texture":"#1"},"west":{"uv":[6.5,7.5,6,7.75],"texture":"#1"},"up":{"uv":[7.5,6.75,7.75,6.25],"texture":"#1"},"down":{"uv":[6.5,7.5,6.75,8],"texture":"#1"}}},{"from":[4.47799,9.13458,6.82202],"to":[4.72799,9.38458,7.44702],"rotation":{"angle":22.5,"axis":"y","origin":[4.52843,7.80035,8.03953]},"faces":{"north":{"uv":[8.5,7.75,8.25,8],"texture":"#1"},"east":{"uv":[8.5,8.25,8.25,8.5],"texture":"#1"},"south":{"uv":[8.5,8,8.25,8.25],"texture":"#1"},"west":{"uv":[8.25,8.25,8,8.5],"texture":"#1"},"up":{"uv":[0,8.75,0.25,8.5],"texture":"#1"},"down":{"uv":[8.5,0,8.75,0.25],"texture":"#1"}}},{"from":[4.00098,9.35439,6.42411],"to":[4.25098,9.60439,7.54911],"rotation":{"angle":-22.5,"axis":"x","origin":[4.52843,7.80035,8.03953]},"faces":{"north":{"uv":[0.5,8.5,0.25,8.75],"texture":"#1"},"east":{"uv":[8.75,0.5,8.5,0.75],"texture":"#1"},"south":{"uv":[0.75,8.5,0.5,8.75],"texture":"#1"},"west":{"uv":[8.75,0.25,8.5,0.5],"texture":"#1"},"up":{"uv":[0.75,8.75,1,8.5],"texture":"#1"},"down":{"uv":[8.5,0.75,8.75,1],"texture":"#1"}}},{"from":[12,4.50694,2.61031],"to":[14,7.50694,16.61031],"rotation":{"angle":0,"axis":"y","origin":[11.47157,7.80035,8.03953]},"faces":{"north":{"uv":[3.5,0,4,0.75],"texture":"#1"},"east":{"uv":[0,0,3.5,0.75],"texture":"#1"},"south":{"uv":[3.5,0.75,4,1.5],"texture":"#1"},"west":{"uv":[0,0.75,3.5,1.5],"texture":"#1"},"up":{"uv":[0.5,5,0,1.5],"texture":"#1"},"down":{"uv":[1,1.5,0.5,5],"texture":"#1"}}},{"from":[13.625,4.50694,0.61031],"to":[14,7.50694,2.61031],"rotation":{"angle":0,"axis":"y","origin":[11.47157,7.80035,8.03953]},"faces":{"north":{"uv":[0.75,6.5,1,7.25],"texture":"#1"},"east":{"uv":[5.5,4.75,6,5.5],"texture":"#1"},"south":{"uv":[6.5,4.75,6.75,5.5],"texture":"#1"},"west":{"uv":[5.5,5.5,6,6.25],"texture":"#1"},"up":{"uv":[5.75,7.5,5.5,7],"texture":"#1"},"down":{"uv":[6,7,5.75,7.5],"texture":"#1"}}},{"from":[12.875,4.50694,0.61031],"to":[13.125,7.50694,2.61031],"rotation":{"angle":0,"axis":"y","origin":[11.47157,7.80035,8.03953]},"faces":{"north":{"uv":[6.5,6.25,6.75,7],"texture":"#1"},"east":{"uv":[0.5,5.75,1,6.5],"texture":"#1"},"south":{"uv":[1,6.75,1.25,7.5],"texture":"#1"},"west":{"uv":[5.75,1,6.25,1.75],"texture":"#1"},"up":{"uv":[6.25,7.5,6,7],"texture":"#1"},"down":{"uv":[7.25,6.25,7,6.75],"texture":"#1"}}},{"from":[12,4.50694,0.61031],"to":[12.375,7.50694,2.61031],"rotation":{"angle":0,"axis":"y","origin":[11.47157,7.80035,8.03953]},"faces":{"north":{"uv":[1.25,6.75,1.5,7.5],"texture":"#1"},"east":{"uv":[1.5,5.75,2,6.5],"texture":"#1"},"south":{"uv":[6.75,1.5,7,2.25],"texture":"#1"},"west":{"uv":[5.75,1.75,6.25,2.5],"texture":"#1"},"up":{"uv":[6.75,7.5,6.5,7],"texture":"#1"},"down":{"uv":[7,7,6.75,7.5],"texture":"#1"}}},{"from":[11.9375,7.00694,0.54781],"to":[14.0625,7.56944,2.61031],"rotation":{"angle":0,"axis":"y","origin":[11.47157,7.80035,8.03953]},"faces":{"north":{"uv":[7,4,7.5,4.25],"texture":"#1"},"east":{"uv":[7,6.75,7.5,7],"texture":"#1"},"south":{"uv":[7,7,7.5,7.25],"texture":"#1"},"west":{"uv":[1.5,7.25,2,7.5],"texture":"#1"},"up":{"uv":[2.5,6.75,2,6.25],"texture":"#1"},"down":{"uv":[6.75,2,6.25,2.5],"texture":"#1"}}},{"from":[11.9375,4.44444,0.54781],"to":[14.0625,5.00694,2.61031],"rotation":{"angle":0,"axis":"y","origin":[11.47157,7.80035,8.03953]},"faces":{"north":{"uv":[7.25,2.25,7.75,2.5],"texture":"#1"},"east":{"uv":[7.25,2.5,7.75,2.75],"texture":"#1"},"south":{"uv":[7.25,3,7.75,3.25],"texture":"#1"},"west":{"uv":[7.25,3.5,7.75,3.75],"texture":"#1"},"up":{"uv":[6,6.75,5.5,6.25],"texture":"#1"},"down":{"uv":[6.5,6.25,6,6.75],"texture":"#1"}}},{"from":[12.625,7.50694,4.61031],"to":[13.375,8.50694,15.61031],"rotation":{"angle":0,"axis":"y","origin":[11.47157,7.80035,8.03953]},"faces":{"north":{"uv":[4.5,8,4.75,8.25],"texture":"#1"},"east":{"uv":[5,0,7.75,0.25],"texture":"#1"},"south":{"uv":[8,4.5,8.25,4.75],"texture":"#1"},"west":{"uv":[5,0.25,7.75,0.5],"texture":"#1"},"up":{"uv":[3.75,7.5,3.5,4.75],"texture":"#1"},"down":{"uv":[4,4.75,3.75,7.5],"texture":"#1"}}},{"from":[12.5,7.625,4.625],"to":[13.5,8.375,15.625],"rotation":{"angle":0,"axis":"y","origin":[11.47157,7.80035,8.03953]},"faces":{"north":{"uv":[4.75,8,5,8.25],"texture":"#1"},"east":{"uv":[5,0.5,7.75,0.75],"texture":"#1"},"south":{"uv":[8,4.75,8.25,5],"texture":"#1"},"west":{"uv":[5,0.75,7.75,1],"texture":"#1"},"up":{"uv":[0.25,7.75,0,5],"texture":"#1"},"down":{"uv":[0.5,5,0.25,7.75],"texture":"#1"}}},{"from":[12.625,7.625,4.25],"to":[13.375,8.375,15.75],"rotation":{"angle":0,"axis":"y","origin":[11.47157,7.80035,8.03953]},"faces":{"north":{"uv":[5,8,5.25,8.25],"texture":"#1"},"east":{"uv":[1,1.5,4,1.75],"texture":"#1"},"south":{"uv":[8,5,8.25,5.25],"texture":"#1"},"west":{"uv":[1,1.75,4,2],"texture":"#1"},"up":{"uv":[1.25,5,1,2],"texture":"#1"},"down":{"uv":[1.5,2,1.25,5],"texture":"#1"}}},{"from":[12.875,7.875,4],"to":[13.125,8.125,4.25],"rotation":{"angle":0,"axis":"y","origin":[11.47157,7.80035,8.03953]},"faces":{"north":{"uv":[5.25,8,5.5,8.25],"texture":"#1"},"east":{"uv":[8,5.25,8.25,5.5],"texture":"#1"},"south":{"uv":[5.5,8,5.75,8.25],"texture":"#1"},"west":{"uv":[8,5.5,8.25,5.75],"texture":"#1"},"up":{"uv":[6,8.25,5.75,8],"texture":"#1"},"down":{"uv":[8.25,5.75,8,6],"texture":"#1"}}},{"from":[10.76153,5.54274,12.75],"to":[11.01153,12.04274,13.5],"rotation":{"angle":45,"axis":"z","origin":[11.47157,7.80035,8.03953]},"faces":{"north":{"uv":[1.25,5,1.5,6.75],"texture":"#1"},"east":{"uv":[5,4.25,5.25,6],"texture":"#1"},"south":{"uv":[5.25,4.25,5.5,6],"texture":"#1"},"west":{"uv":[4,5.5,4.25,7.25],"texture":"#1"},"up":{"uv":[6.25,8.25,6,8],"texture":"#1"},"down":{"uv":[8.25,6,8,6.25],"texture":"#1"}}},{"from":[9.75,6.4375,12.8125],"to":[10,8.5,13.4375],"rotation":{"angle":0,"axis":"y","origin":[11.47157,7.80035,8.03953]},"faces":{"north":{"uv":[0.75,7.25,1,7.75],"texture":"#1"},"east":{"uv":[2.5,7.25,2.75,7.75],"texture":"#1"},"south":{"uv":[4,7.25,4.25,7.75],"texture":"#1"},"west":{"uv":[4.25,7.25,4.5,7.75],"texture":"#1"},"up":{"uv":[6.5,8.25,6.25,8],"texture":"#1"},"down":{"uv":[8.25,6.25,8,6.5],"texture":"#1"}}},{"from":[12.5917,8.31855,7],"to":[12.8417,9.06855,13.5],"rotation":{"angle":22.5,"axis":"z","origin":[11.47157,7.80035,8.03953]},"faces":{"north":{"uv":[6.5,8,6.75,8.25],"texture":"#1"},"east":{"uv":[5.5,4.25,7.25,4.5],"texture":"#1"},"south":{"uv":[8,6.5,8.25,6.75],"texture":"#1"},"west":{"uv":[5.5,4.5,7.25,4.75],"texture":"#1"},"up":{"uv":[4.5,7.25,4.25,5.5],"texture":"#1"},"down":{"uv":[4.75,5.5,4.5,7.25],"texture":"#1"}}},{"from":[12.57215,8.22706,5.5],"to":[13.07215,9.35206,7],"rotation":{"angle":22.5,"axis":"z","origin":[11.47157,7.80035,8.03953]},"faces":{"north":{"uv":[6.75,8,7,8.25],"texture":"#1"},"east":{"uv":[7.25,3.75,7.75,4],"texture":"#1"},"south":{"uv":[8,6.75,8.25,7],"texture":"#1"},"west":{"uv":[7.25,4.25,7.75,4.5],"texture":"#1"},"up":{"uv":[4.75,7.75,4.5,7.25],"texture":"#1"},"down":{"uv":[7.5,6.25,7.25,6.75],"texture":"#1"}}},{"from":[12.69715,9.22706,6.25],"to":[12.94715,9.53956,6.4375],"rotation":{"angle":22.5,"axis":"z","origin":[11.47157,7.80035,8.03953]},"faces":{"north":{"uv":[7,8,7.25,8.25],"texture":"#1"},"east":{"uv":[8,7,8.25,7.25],"texture":"#1"},"south":{"uv":[7.25,8,7.5,8.25],"texture":"#1"},"west":{"uv":[8,7.25,8.25,7.5],"texture":"#1"},"up":{"uv":[7.75,8.25,7.5,8],"texture":"#1"},"down":{"uv":[8.25,7.5,8,7.75],"texture":"#1"}}},{"from":[12.57215,8.66456,5],"to":[13.07215,9.35206,5.5],"rotation":{"angle":22.5,"axis":"z","origin":[11.47157,7.80035,8.03953]},"faces":{"north":{"uv":[7.75,8,8,8.25],"texture":"#1"},"east":{"uv":[8,7.75,8.25,8],"texture":"#1"},"south":{"uv":[8,8,8.25,8.25],"texture":"#1"},"west":{"uv":[0,8.25,0.25,8.5],"texture":"#1"},"up":{"uv":[8.5,0.25,8.25,0],"texture":"#1"},"down":{"uv":[0.5,8.25,0.25,8.5],"texture":"#1"}}},{"from":[11.92908,9.46414,11.75],"to":[12.61658,11.46414,14.75],"rotation":{"angle":22.5,"axis":"z","origin":[11.47157,7.80035,8.03953]},"faces":{"north":{"uv":[7,7.25,7.25,7.75],"texture":"#1"},"east":{"uv":[2,5.75,2.75,6.25],"texture":"#1"},"south":{"uv":[7.25,7.25,7.5,7.75],"texture":"#1"},"west":{"uv":[5.75,2.5,6.5,3],"texture":"#1"},"up":{"uv":[2.25,7.5,2,6.75],"texture":"#1"},"down":{"uv":[2.5,6.75,2.25,7.5],"texture":"#1"}}},{"from":[11.86658,8.96414,12.25],"to":[12.67908,11.96414,14.25],"rotation":{"angle":22.5,"axis":"z","origin":[11.47157,7.80035,8.03953]},"faces":{"north":{"uv":[6.75,2.25,7,3],"texture":"#1"},"east":{"uv":[4.75,6,5.25,6.75],"texture":"#1"},"south":{"uv":[2.75,6.75,3,7.5],"texture":"#1"},"west":{"uv":[6,4.75,6.5,5.5],"texture":"#1"},"up":{"uv":[0.75,8,0.5,7.5],"texture":"#1"},"down":{"uv":[1.25,7.5,1,8],"texture":"#1"}}},{"from":[11.75,4.25,3],"to":[14.25,7.75,4],"rotation":{"angle":0,"axis":"y","origin":[11.47157,7.80035,8.03953]},"faces":{"north":{"uv":[1.5,2,2.25,3],"texture":"#1"},"east":{"uv":[2.5,6.25,2.75,7.25],"texture":"#1"},"south":{"uv":[2.25,2,3,3],"texture":"#1"},"west":{"uv":[0.5,6.5,0.75,7.5],"texture":"#1"},"up":{"uv":[7.5,5,6.75,4.75],"texture":"#1"},"down":{"uv":[7.5,5,6.75,5.25],"texture":"#1"}}},{"from":[11.75,4.25,10],"to":[14.25,7.5,11],"rotation":{"angle":0,"axis":"y","origin":[11.47157,7.80035,8.03953]},"faces":{"north":{"uv":[0.5,5,1.25,5.75],"texture":"#1"},"east":{"uv":[4.75,6.75,5,7.5],"texture":"#1"},"south":{"uv":[5,1,5.75,1.75],"texture":"#1"},"west":{"uv":[5,6.75,5.25,7.5],"texture":"#1"},"up":{"uv":[7.5,5.5,6.75,5.25],"texture":"#1"},"down":{"uv":[6.25,6.75,5.5,7],"texture":"#1"}}},{"from":[13.68422,6.39499,10.0625],"to":[13.93422,7.70749,10.9375],"rotation":{"angle":22.5,"axis":"z","origin":[11.47157,7.80035,8.03953]},"faces":{"north":{"uv":[8.25,0.25,8.5,0.5],"texture":"#1"},"east":{"uv":[0.5,8.25,0.75,8.5],"texture":"#1"},"south":{"uv":[8.25,0.5,8.5,0.75],"texture":"#1"},"west":{"uv":[0.75,8.25,1,8.5],"texture":"#1"},"up":{"uv":[8.5,1,8.25,0.75],"texture":"#1"},"down":{"uv":[1.25,8.25,1,8.5],"texture":"#1"}}},{"from":[11.8443,7.67546,10.0625],"to":[12.0943,8.86296,10.9375],"rotation":{"angle":-22.5,"axis":"z","origin":[11.47157,7.80035,8.03953]},"faces":{"north":{"uv":[8.25,1,8.5,1.25],"texture":"#1"},"east":{"uv":[1.25,8.25,1.5,8.5],"texture":"#1"},"south":{"uv":[8.25,1.25,8.5,1.5],"texture":"#1"},"west":{"uv":[1.5,8.25,1.75,8.5],"texture":"#1"},"up":{"uv":[8.5,1.75,8.25,1.5],"texture":"#1"},"down":{"uv":[2,8.25,1.75,8.5],"texture":"#1"}}},{"from":[12.21227,8.52943,10],"to":[13.77477,8.77943,11],"rotation":{"angle":0,"axis":"y","origin":[11.47157,7.80035,8.03953]},"faces":{"north":{"uv":[7.25,4.5,7.75,4.75],"texture":"#1"},"east":{"uv":[8.25,1.75,8.5,2],"texture":"#1"},"south":{"uv":[1.25,7.5,1.75,7.75],"texture":"#1"},"west":{"uv":[2,8.25,2.25,8.5],"texture":"#1"},"up":{"uv":[8,1.75,7.5,1.5],"texture":"#1"},"down":{"uv":[2.25,7.5,1.75,7.75],"texture":"#1"}}},{"from":[12.21227,8.52943,14],"to":[13.77477,8.77943,15],"rotation":{"angle":0,"axis":"y","origin":[11.47157,7.80035,8.03953]},"faces":{"north":{"uv":[7.5,1.75,8,2],"texture":"#1"},"east":{"uv":[8.25,2,8.5,2.25],"texture":"#1"},"south":{"uv":[7.5,2,8,2.25],"texture":"#1"},"west":{"uv":[2.25,8.25,2.5,8.5],"texture":"#1"},"up":{"uv":[3.25,7.75,2.75,7.5],"texture":"#1"},"down":{"uv":[8,2.75,7.5,3],"texture":"#1"}}},{"from":[11.8443,7.67546,14.0625],"to":[12.0943,8.86296,14.9375],"rotation":{"angle":-22.5,"axis":"z","origin":[11.47157,7.80035,8.03953]},"faces":{"north":{"uv":[8.25,2.25,8.5,2.5],"texture":"#1"},"east":{"uv":[2.5,8.25,2.75,8.5],"texture":"#1"},"south":{"uv":[8.25,2.5,8.5,2.75],"texture":"#1"},"west":{"uv":[2.75,8.25,3,8.5],"texture":"#1"},"up":{"uv":[8.5,3,8.25,2.75],"texture":"#1"},"down":{"uv":[3.25,8.25,3,8.5],"texture":"#1"}}},{"from":[13.68422,6.45749,14.0625],"to":[13.93422,7.70749,14.9375],"rotation":{"angle":22.5,"axis":"z","origin":[11.47157,7.80035,8.03953]},"faces":{"north":{"uv":[8.25,3,8.5,3.25],"texture":"#1"},"east":{"uv":[3.25,8.25,3.5,8.5],"texture":"#1"},"south":{"uv":[8.25,3.25,8.5,3.5],"texture":"#1"},"west":{"uv":[3.5,8.25,3.75,8.5],"texture":"#1"},"up":{"uv":[8.5,3.75,8.25,3.5],"texture":"#1"},"down":{"uv":[4,8.25,3.75,8.5],"texture":"#1"}}},{"from":[11.75,4.25,14],"to":[14.25,7.5,15],"rotation":{"angle":0,"axis":"y","origin":[11.47157,7.80035,8.03953]},"faces":{"north":{"uv":[5,1.75,5.75,2.5],"texture":"#1"},"east":{"uv":[6.25,6.75,6.5,7.5],"texture":"#1"},"south":{"uv":[5,2.5,5.75,3.25],"texture":"#1"},"west":{"uv":[6.75,6.25,7,7],"texture":"#1"},"up":{"uv":[7.75,1.25,7,1],"texture":"#1"},"down":{"uv":[7.75,1.25,7,1.5],"texture":"#1"}}},{"from":[10.17198,7.86742,3.50979],"to":[11.42198,8.11742,3.75979],"rotation":{"angle":-22.5,"axis":"y","origin":[11.47157,7.80035,8.03953]},"faces":{"north":{"uv":[8.25,3.75,8.5,4],"texture":"#1"},"east":{"uv":[4,8.25,4.25,8.5],"texture":"#1"},"south":{"uv":[8.25,4,8.5,4.25],"texture":"#1"},"west":{"uv":[4.25,8.25,4.5,8.5],"texture":"#1"},"up":{"uv":[8.5,4.5,8.25,4.25],"texture":"#1"},"down":{"uv":[4.75,8.25,4.5,8.5],"texture":"#1"}}},{"from":[11.8125,7.99294,3.62631],"to":[12.0625,8.24294,4.87631],"rotation":{"angle":0,"axis":"y","origin":[11.47157,7.80035,8.03953]},"faces":{"north":{"uv":[8.25,4.5,8.5,4.75],"texture":"#1"},"east":{"uv":[4.75,8.25,5,8.5],"texture":"#1"},"south":{"uv":[8.25,4.75,8.5,5],"texture":"#1"},"west":{"uv":[5,8.25,5.25,8.5],"texture":"#1"},"up":{"uv":[8.5,5.25,8.25,5],"texture":"#1"},"down":{"uv":[5.5,8.25,5.25,8.5],"texture":"#1"}}},{"from":[11.7552,9.28712,5.22596],"to":[12.0052,9.53712,6.47596],"rotation":{"angle":-22.5,"axis":"x","origin":[11.47157,7.80035,8.03953]},"faces":{"north":{"uv":[8.25,5.25,8.5,5.5],"texture":"#1"},"east":{"uv":[5.5,8.25,5.75,8.5],"texture":"#1"},"south":{"uv":[8.25,5.5,8.5,5.75],"texture":"#1"},"west":{"uv":[5.75,8.25,6,8.5],"texture":"#1"},"up":{"uv":[8.5,6,8.25,5.75],"texture":"#1"},"down":{"uv":[6.25,8.25,6,8.5],"texture":"#1"}}},{"from":[11.53247,8.61773,10.04371],"to":[11.78247,8.86773,11.29371],"rotation":{"angle":-45,"axis":"x","origin":[11.47157,7.80035,8.03953]},"faces":{"north":{"uv":[8.25,6,8.5,6.25],"texture":"#1"},"east":{"uv":[6.25,8.25,6.5,8.5],"texture":"#1"},"south":{"uv":[8.25,6.25,8.5,6.5],"texture":"#1"},"west":{"uv":[6.5,8.25,6.75,8.5],"texture":"#1"},"up":{"uv":[8.5,6.75,8.25,6.5],"texture":"#1"},"down":{"uv":[7,8.25,6.75,8.5],"texture":"#1"}}},{"from":[8.33018,10.70267,10.54226],"to":[9.95518,10.95267,10.79226],"rotation":{"angle":22.5,"axis":"y","origin":[11.47157,7.80035,8.03953]},"faces":{"north":{"uv":[3.25,7.5,3.75,7.75],"texture":"#1"},"east":{"uv":[8.25,6.75,8.5,7],"texture":"#1"},"south":{"uv":[7.5,3.25,8,3.5],"texture":"#1"},"west":{"uv":[7,8.25,7.25,8.5],"texture":"#1"},"up":{"uv":[8,4.25,7.5,4],"texture":"#1"},"down":{"uv":[5.25,7.5,4.75,7.75],"texture":"#1"}}},{"from":[12.57019,10.75,11.84785],"to":[12.82019,11,13.59785],"rotation":{"angle":-45,"axis":"y","origin":[11.47157,7.80035,8.03953]},"faces":{"north":{"uv":[8.25,7,8.5,7.25],"texture":"#1"},"east":{"uv":[7.5,4.75,8,5],"texture":"#1"},"south":{"uv":[7.25,8.25,7.5,8.5],"texture":"#1"},"west":{"uv":[7.5,5,8,5.25],"texture":"#1"},"up":{"uv":[2.5,8,2.25,7.5],"texture":"#1"},"down":{"uv":[4,7.5,3.75,8],"texture":"#1"}}},{"from":[12.11001,10.64017,9.48119],"to":[12.36001,10.89017,11.10619],"rotation":{"angle":-22.5,"axis":"y","origin":[11.47157,7.80035,8.03953]},"faces":{"north":{"uv":[8.25,7.25,8.5,7.5],"texture":"#1"},"east":{"uv":[5.25,7.5,5.75,7.75],"texture":"#1"},"south":{"uv":[7.5,8.25,7.75,8.5],"texture":"#1"},"west":{"uv":[7.5,5.25,8,5.5],"texture":"#1"},"up":{"uv":[7.75,6,7.5,5.5],"texture":"#1"},"down":{"uv":[6,7.5,5.75,8],"texture":"#1"}}},{"from":[11.53075,9.30152,7.971],"to":[11.78075,9.55152,9.596],"rotation":{"angle":-22.5,"axis":"x","origin":[11.47157,7.80035,8.03953]},"faces":{"north":{"uv":[8.25,7.5,8.5,7.75],"texture":"#1"},"east":{"uv":[6,7.5,6.5,7.75],"texture":"#1"},"south":{"uv":[7.75,8.25,8,8.5],"texture":"#1"},"west":{"uv":[7.5,6,8,6.25],"texture":"#1"},"up":{"uv":[7.75,6.75,7.5,6.25],"texture":"#1"},"down":{"uv":[6.75,7.5,6.5,8],"texture":"#1"}}},{"from":[11.27201,9.13458,6.82202],"to":[11.52201,9.38458,7.44702],"rotation":{"angle":-22.5,"axis":"y","origin":[11.47157,7.80035,8.03953]},"faces":{"north":{"uv":[8.25,7.75,8.5,8],"texture":"#1"},"east":{"uv":[8,8.25,8.25,8.5],"texture":"#1"},"south":{"uv":[8.25,8,8.5,8.25],"texture":"#1"},"west":{"uv":[8.25,8.25,8.5,8.5],"texture":"#1"},"up":{"uv":[0.25,8.75,0,8.5],"texture":"#1"},"down":{"uv":[8.75,0,8.5,0.25],"texture":"#1"}}},{"from":[11.74902,9.35439,6.42411],"to":[11.99902,9.60439,7.54911],"rotation":{"angle":-22.5,"axis":"x","origin":[11.47157,7.80035,8.03953]},"faces":{"north":{"uv":[0.25,8.5,0.5,8.75],"texture":"#1"},"east":{"uv":[8.5,0.25,8.75,0.5],"texture":"#1"},"south":{"uv":[0.5,8.5,0.75,8.75],"texture":"#1"},"west":{"uv":[8.5,0.5,8.75,0.75],"texture":"#1"},"up":{"uv":[1,8.75,0.75,8.5],"texture":"#1"},"down":{"uv":[8.75,0.75,8.5,1],"texture":"#1"}}},{"from":[7,9.23947,11.19813],"to":[9,11.23947,11.44813],"rotation":{"angle":0,"axis":"y","origin":[9.25,7.48302,10.0726]},"faces":{"north":{"uv":[6.5,1,7,1.5],"texture":"#1"},"east":{"uv":[6.75,7.5,7,8],"texture":"#1"},"south":{"uv":[1.5,6.5,2,7],"texture":"#1"},"west":{"uv":[7.5,6.75,7.75,7.25],"texture":"#1"},"up":{"uv":[8,7.5,7.5,7.25],"texture":"#1"},"down":{"uv":[8,7.5,7.5,7.75],"texture":"#1"}}},{"from":[7.75,9.75,11.375],"to":[8.25,10.5,12.875],"rotation":{"angle":0,"axis":"y","origin":[0,4,3]},"faces":{"north":{"uv":[1,8.5,1.25,8.75],"texture":"#1"},"east":{"uv":[0,7.75,0.5,8],"texture":"#1"},"south":{"uv":[8.5,1,8.75,1.25],"texture":"#1"},"west":{"uv":[7.75,0,8.25,0.25],"texture":"#1"},"up":{"uv":[8,0.75,7.75,0.25],"texture":"#1"},"down":{"uv":[1,7.75,0.75,8.25],"texture":"#1"}}},{"from":[5,10,12.75],"to":[11,11,13.75],"rotation":{"angle":0,"axis":"y","origin":[0,4,3.75]},"faces":{"north":{"uv":[5.75,3,7.25,3.25],"texture":"#1"},"east":{"uv":[1.25,8.5,1.5,8.75],"texture":"#1"},"south":{"uv":[6,5.5,7.5,5.75],"texture":"#1"},"west":{"uv":[8.5,1.25,8.75,1.5],"texture":"#1"},"up":{"uv":[7.5,6,6,5.75],"texture":"#1"},"down":{"uv":[7.5,6,6,6.25],"texture":"#1"}}},{"from":[4,6.25,12.6875],"to":[12,6.5,13.5625],"rotation":{"angle":0,"axis":"y","origin":[0,4,3.75]},"faces":{"north":{"uv":[5,3.25,7,3.5],"texture":"#1"},"east":{"uv":[1.5,8.5,1.75,8.75],"texture":"#1"},"south":{"uv":[5,3.5,7,3.75],"texture":"#1"},"west":{"uv":[8.5,1.5,8.75,1.75],"texture":"#1"},"up":{"uv":[7,4,5,3.75],"texture":"#1"},"down":{"uv":[7,4,5,4.25],"texture":"#1"}}},{"from":[7.3125,11,12.6875],"to":[8.6875,11.8125,13.8125],"rotation":{"angle":0,"axis":"y","origin":[0,4,3]},"faces":{"north":{"uv":[1.75,8.5,2,8.75],"texture":"#1"},"east":{"uv":[8.5,1.75,8.75,2],"texture":"#1"},"south":{"uv":[2,8.5,2.25,8.75],"texture":"#1"},"west":{"uv":[8.5,2,8.75,2.25],"texture":"#1"},"up":{"uv":[2.5,8.75,2.25,8.5],"texture":"#1"},"down":{"uv":[8.75,2.25,8.5,2.5],"texture":"#1"}}},{"from":[7.4375,11,12.5625],"to":[8.5625,11.875,13.9375],"rotation":{"angle":0,"axis":"y","origin":[0,4,3]},"faces":{"north":{"uv":[2.5,8.5,2.75,8.75],"texture":"#1"},"east":{"uv":[8.5,2.5,8.75,2.75],"texture":"#1"},"south":{"uv":[2.75,8.5,3,8.75],"texture":"#1"},"west":{"uv":[8.5,2.75,8.75,3],"texture":"#1"},"up":{"uv":[3.25,8.75,3,8.5],"texture":"#1"},"down":{"uv":[8.75,3,8.5,3.25],"texture":"#1"}}},{"from":[-7.28563,17.875,-5.32194],"to":[7.85187,18.0625,-5.13444],"rotation":{"angle":-22.5,"axis":"y","origin":[0.72531,20.96874,-2.71413]},"faces":{"north":{"uv":[1.75,3,1.5,5.75],"rotation":90,"texture":"#1"},"east":{"uv":[7.25,7.75,7.5,8],"rotation":270,"texture":"#1"},"south":{"uv":[2.25,3,2,5.75],"rotation":270,"texture":"#1"},"west":{"uv":[7.75,7.25,8,7],"rotation":270,"texture":"#1"},"up":{"uv":[3.25,2,3,4.75],"rotation":270,"texture":"#1"},"down":{"uv":[2,3,1.75,5.75],"rotation":270,"texture":"#1"}}},{"from":[7.46437,17.775,-6.17194],"to":[8.21437,18.1625,-5.03444],"rotation":{"angle":-22.5,"axis":"y","origin":[0.72531,20.96874,-2.71413]},"faces":{"north":{"uv":[1,10.25,0.5,11.25],"rotation":90,"texture":"#1"},"east":{"uv":[2,9.75,2.5,11.25],"rotation":270,"texture":"#1"},"south":{"uv":[0.5,10.25,0,11.25],"rotation":270,"texture":"#1"},"west":{"uv":[1.5,11.25,2,9.75],"rotation":270,"texture":"#1"},"up":{"uv":[0,9,1.5,10],"rotation":270,"texture":"#1"},"down":{"uv":[1.5,9,0,10],"rotation":270,"texture":"#1"}}},{"from":[8.21437,17.875,-5.42194],"to":[8.56437,18.0625,-5.03444],"rotation":{"angle":-22.5,"axis":"y","origin":[0.72531,20.96874,-2.71413]},"faces":{"north":{"uv":[1,10.25,0.5,11.25],"rotation":90,"texture":"#1"},"east":{"uv":[2,9.75,2.5,10.25],"rotation":270,"texture":"#1"},"south":{"uv":[0.5,10.25,0,11.25],"rotation":270,"texture":"#1"},"west":{"uv":[1.5,11.25,2,9.75],"rotation":270,"texture":"#1"},"up":{"uv":[0,9,0.5,10],"rotation":270,"texture":"#1"},"down":{"uv":[0.5,9,0,10],"rotation":270,"texture":"#1"}}},{"from":[8.21437,17.875,-6.17194],"to":[8.56437,18.0625,-5.78444],"rotation":{"angle":-22.5,"axis":"y","origin":[0.72531,20.96874,-2.71413]},"faces":{"north":{"uv":[1,10.25,0.5,11.25],"rotation":90,"texture":"#1"},"east":{"uv":[2,10.75,2.5,11.25],"rotation":270,"texture":"#1"},"south":{"uv":[0.5,10.25,0,11.25],"rotation":270,"texture":"#1"},"west":{"uv":[1.5,11.25,2,9.75],"rotation":270,"texture":"#1"},"up":{"uv":[1,9,1.5,10],"rotation":270,"texture":"#1"},"down":{"uv":[1.5,9,1,10],"rotation":270,"texture":"#1"}}},{"from":[-7.41063,17.875,-5.50944],"to":[7.76437,18.0625,-5.32194],"rotation":{"angle":-22.5,"axis":"y","origin":[0.72531,20.96874,-2.71413]},"faces":{"north":{"uv":[2.5,3,2.25,5.75],"rotation":90,"texture":"#1"},"east":{"uv":[7.75,7.75,8,8],"rotation":270,"texture":"#1"},"south":{"uv":[3,3,2.75,5.75],"rotation":270,"texture":"#1"},"west":{"uv":[7.5,8,7.75,7.75],"rotation":270,"texture":"#1"},"up":{"uv":[3.5,2,3.25,4.75],"rotation":270,"texture":"#1"},"down":{"uv":[2.75,3,2.5,5.75],"rotation":270,"texture":"#1"}}},{"from":[-7.53563,17.875,-5.69694],"to":[7.66437,18.0625,-5.50944],"rotation":{"angle":-22.5,"axis":"y","origin":[0.72531,20.96874,-2.71413]},"faces":{"north":{"uv":[3.75,2,3.5,4.75],"rotation":90,"texture":"#1"},"east":{"uv":[0.25,8,0.5,8.25],"rotation":270,"texture":"#1"},"south":{"uv":[4.25,0,4,2.75],"rotation":270,"texture":"#1"},"west":{"uv":[0,8.25,0.25,8],"rotation":270,"texture":"#1"},"up":{"uv":[4.25,2.75,4,5.5],"rotation":270,"texture":"#1"},"down":{"uv":[4,2,3.75,4.75],"rotation":270,"texture":"#1"}}},{"from":[-7.66063,17.92312,-5.88444],"to":[7.56437,18.01062,-5.69694],"rotation":{"angle":-22.5,"axis":"y","origin":[0.72531,20.96874,-2.71413]},"faces":{"north":{"uv":[4.5,0,4.25,2.75],"rotation":90,"texture":"#1"},"east":{"uv":[0.5,8,0.75,8.25],"rotation":270,"texture":"#1"},"south":{"uv":[4.75,0,4.5,2.75],"rotation":270,"texture":"#1"},"west":{"uv":[8,0.5,8.25,0.25],"rotation":270,"texture":"#1"},"up":{"uv":[4.75,2.75,4.5,5.5],"rotation":270,"texture":"#1"},"down":{"uv":[4.5,2.75,4.25,5.5],"rotation":270,"texture":"#1"}}},{"from":[-7.78563,17.97062,-6.07194],"to":[7.46437,17.97062,-5.88444],"rotation":{"angle":-22.5,"axis":"y","origin":[0.72531,20.96874,-2.71413]},"faces":{"north":{"uv":[5,0,4.75,2.75],"rotation":90,"texture":"#1"},"east":{"uv":[8,0.75,8.25,1],"rotation":270,"texture":"#1"},"south":{"uv":[3.25,4.75,3,7.5],"rotation":270,"texture":"#1"},"west":{"uv":[8,0.75,8.25,0.5],"rotation":270,"texture":"#1"},"up":{"uv":[3.5,4.75,3.25,7.5],"rotation":270,"texture":"#1"},"down":{"uv":[5,2.75,4.75,5.5],"rotation":270,"texture":"#1"}}},{"from":[15.88808,18.72062,15.99],"to":[31.13808,18.72062,16.1775],"rotation":{"angle":-22.5,"axis":"y","origin":[5.1055,17.96874,-4.08634]},"faces":{"north":{"uv":[3.25,4.75,3,7.5],"rotation":270,"texture":"#1"},"east":{"uv":[8,0.75,8.25,0.5],"rotation":270,"texture":"#1"},"south":{"uv":[5,0,4.75,2.75],"rotation":90,"texture":"#1"},"west":{"uv":[8,0.75,8.25,1],"rotation":270,"texture":"#1"},"up":{"uv":[3.5,4.75,3.25,7.5],"rotation":90,"texture":"#1"},"down":{"uv":[5,2.75,4.75,5.5],"rotation":90,"texture":"#1"}}},{"from":[15.50058,18.625,15.24],"to":[30.63808,18.8125,15.4275],"rotation":{"angle":-22.5,"axis":"y","origin":[5.1055,17.96874,-4.08634]},"faces":{"north":{"uv":[2.25,3,2,5.75],"rotation":270,"texture":"#1"},"east":{"uv":[7.75,7.25,8,7],"rotation":270,"texture":"#1"},"south":{"uv":[1.75,3,1.5,5.75],"rotation":90,"texture":"#1"},"west":{"uv":[7.25,7.75,7.5,8],"rotation":270,"texture":"#1"},"up":{"uv":[3.25,2,3,4.75],"rotation":90,"texture":"#1"},"down":{"uv":[2,3,1.75,5.75],"rotation":90,"texture":"#1"}}},{"from":[15.13808,18.525,15.14],"to":[15.88808,18.9125,16.2775],"rotation":{"angle":-22.5,"axis":"y","origin":[5.1055,17.96874,-4.08634]},"faces":{"north":{"uv":[0.5,10.25,0,11.25],"rotation":270,"texture":"#1"},"east":{"uv":[1.5,11.25,2,9.75],"rotation":270,"texture":"#1"},"south":{"uv":[1,10.25,0.5,11.25],"rotation":90,"texture":"#1"},"west":{"uv":[2,9.75,2.5,11.25],"rotation":270,"texture":"#1"},"up":{"uv":[0,9,1.5,10],"rotation":90,"texture":"#1"},"down":{"uv":[1.5,9,0,10],"rotation":90,"texture":"#1"}}},{"from":[14.78808,18.625,15.14],"to":[15.13808,18.8125,15.5275],"rotation":{"angle":-22.5,"axis":"y","origin":[5.1055,17.96874,-4.08634]},"faces":{"north":{"uv":[0.5,10.25,0,11.25],"rotation":270,"texture":"#1"},"east":{"uv":[1.5,11.25,2,9.75],"rotation":270,"texture":"#1"},"south":{"uv":[1,10.25,0.5,11.25],"rotation":90,"texture":"#1"},"west":{"uv":[2,9.75,2.5,10.25],"rotation":270,"texture":"#1"},"up":{"uv":[0,9,0.5,10],"rotation":90,"texture":"#1"},"down":{"uv":[0.5,9,0,10],"rotation":90,"texture":"#1"}}},{"from":[14.78808,18.625,15.89],"to":[15.13808,18.8125,16.2775],"rotation":{"angle":-22.5,"axis":"y","origin":[5.1055,17.96874,-4.08634]},"faces":{"north":{"uv":[0.5,10.25,0,11.25],"rotation":270,"texture":"#1"},"east":{"uv":[1.5,11.25,2,9.75],"rotation":270,"texture":"#1"},"south":{"uv":[1,10.25,0.5,11.25],"rotation":90,"texture":"#1"},"west":{"uv":[2,10.75,2.5,11.25],"rotation":270,"texture":"#1"},"up":{"uv":[1,9,1.5,10],"rotation":90,"texture":"#1"},"down":{"uv":[1.5,9,1,10],"rotation":90,"texture":"#1"}}},{"from":[15.58808,18.625,15.4275],"to":[30.76308,18.8125,15.615],"rotation":{"angle":-22.5,"axis":"y","origin":[5.1055,17.96874,-4.08634]},"faces":{"north":{"uv":[3,3,2.75,5.75],"rotation":270,"texture":"#1"},"east":{"uv":[7.5,8,7.75,7.75],"rotation":270,"texture":"#1"},"south":{"uv":[2.5,3,2.25,5.75],"rotation":90,"texture":"#1"},"west":{"uv":[7.75,7.75,8,8],"rotation":270,"texture":"#1"},"up":{"uv":[3.5,2,3.25,4.75],"rotation":90,"texture":"#1"},"down":{"uv":[2.75,3,2.5,5.75],"rotation":90,"texture":"#1"}}},{"from":[15.68808,18.625,15.615],"to":[30.88808,18.8125,15.8025],"rotation":{"angle":-22.5,"axis":"y","origin":[5.1055,17.96874,-4.08634]},"faces":{"north":{"uv":[4.25,0,4,2.75],"rotation":270,"texture":"#1"},"east":{"uv":[0,8.25,0.25,8],"rotation":270,"texture":"#1"},"south":{"uv":[3.75,2,3.5,4.75],"rotation":90,"texture":"#1"},"west":{"uv":[0.25,8,0.5,8.25],"rotation":270,"texture":"#1"},"up":{"uv":[4.25,2.75,4,5.5],"rotation":90,"texture":"#1"},"down":{"uv":[4,2,3.75,4.75],"rotation":90,"texture":"#1"}}},{"from":[15.78808,18.67312,15.8025],"to":[31.01308,18.76062,15.99],"rotation":{"angle":-22.5,"axis":"y","origin":[5.1055,17.96874,-4.08634]},"faces":{"north":{"uv":[4.75,0,4.5,2.75],"rotation":270,"texture":"#1"},"east":{"uv":[8,0.5,8.25,0.25],"rotation":270,"texture":"#1"},"south":{"uv":[4.5,0,4.25,2.75],"rotation":90,"texture":"#1"},"west":{"uv":[0.5,8,0.75,8.25],"rotation":270,"texture":"#1"},"up":{"uv":[4.75,2.75,4.5,5.5],"rotation":90,"texture":"#1"},"down":{"uv":[4.5,2.75,4.25,5.5],"rotation":90,"texture":"#1"}}},{"from":[4,29,4],"to":[12,29,12],"rotation":{"angle":0,"axis":"y","origin":[0,4,0]},"faces":{"north":{"uv":[4,4,8,8],"texture":"#7"},"east":{"uv":[8,4,12,8],"texture":"#7"},"south":{"uv":[12,4,16,8],"texture":"#7"},"west":{"uv":[8,4,12,8],"texture":"#7"},"up":{"uv":[8,4,4,0],"texture":"#7"},"down":{"uv":[8,0,4,4],"texture":"#7"}}},{"from":[4,21,4],"to":[12,21,12],"rotation":{"angle":0,"axis":"y","origin":[0,4,0]},"faces":{"north":{"uv":[4,4,8,8],"texture":"#7"},"east":{"uv":[8,4,12,8],"texture":"#7"},"south":{"uv":[12,4,16,8],"texture":"#7"},"west":{"uv":[8,4,12,8],"texture":"#7"},"up":{"uv":[12,4,8,0],"texture":"#7"},"down":{"uv":[12,0,8,4],"texture":"#7"}}},{"from":[4,21,4],"to":[4,29,12],"rotation":{"angle":0,"axis":"y","origin":[0,4,0]},"faces":{"north":{"uv":[4,4,8,8],"texture":"#7"},"east":{"uv":[8,4,12,8],"texture":"#7"},"south":{"uv":[12,4,16,8],"texture":"#7"},"west":{"uv":[8,4,12,8],"texture":"#7"},"up":{"uv":[8,4,4,0],"texture":"#7"},"down":{"uv":[12,0,8,4],"texture":"#7"}}},{"from":[12,21,4],"to":[12,29,12],"rotation":{"angle":0,"axis":"y","origin":[0,4,0]},"faces":{"north":{"uv":[4,4,8,8],"texture":"#7"},"east":{"uv":[0,4,4,8],"texture":"#7"},"south":{"uv":[12,4,16,8],"texture":"#7"},"west":{"uv":[0,4,4,8],"texture":"#7"},"up":{"uv":[8,4,4,0],"texture":"#7"},"down":{"uv":[12,0,8,4],"texture":"#7"}}},{"from":[4,21,4],"to":[12,29,4],"rotation":{"angle":0,"axis":"y","origin":[0,4,0]},"faces":{"north":{"uv":[4,4,8,8],"texture":"#7"},"east":{"uv":[0,4,4,8],"texture":"#7"},"south":{"uv":[4,4,8,8],"texture":"#7"},"west":{"uv":[8,4,12,8],"texture":"#7"},"up":{"uv":[8,4,4,0],"texture":"#7"},"down":{"uv":[12,0,8,4],"texture":"#7"}}},{"from":[4,21,12],"to":[12,29,12],"rotation":{"angle":0,"axis":"y","origin":[0,4,0]},"faces":{"north":{"uv":[12,4,16,8],"texture":"#7"},"east":{"uv":[0,4,4,8],"texture":"#7"},"south":{"uv":[12,4,16,8],"texture":"#7"},"west":{"uv":[8,4,12,8],"texture":"#7"},"up":{"uv":[8,4,4,0],"texture":"#7"},"down":{"uv":[12,0,8,4],"texture":"#7"}}},{"from":[3.5,20.5,12.5],"to":[12.5,29.5,12.5],"rotation":{"angle":0,"axis":"y","origin":[0.5,4,0]},"faces":{"north":{"uv":[12,12,16,16],"texture":"#7"},"east":{"uv":[0,12,4,16],"texture":"#7"},"south":{"uv":[12,12,16,16],"texture":"#7"},"west":{"uv":[8,12,12,16],"texture":"#7"},"up":{"uv":[8,12,4,8],"texture":"#7"},"down":{"uv":[12,8,8,12],"texture":"#7"}}},{"from":[3.5,20.5,3.5],"to":[12.5,20.5,12.5],"rotation":{"angle":0,"axis":"y","origin":[0.5,4,0]},"faces":{"north":{"uv":[12,12,16,16],"texture":"#7"},"east":{"uv":[0,12,4,16],"texture":"#7"},"south":{"uv":[12,12,16,16],"texture":"#7"},"west":{"uv":[8,12,12,16],"texture":"#7"},"up":{"uv":[12,12,8,8],"texture":"#7"},"down":{"uv":[12,8,8,12],"texture":"#7"}}},{"from":[3.5,29.5,3.5],"to":[12.5,29.5,12.5],"rotation":{"angle":0,"axis":"y","origin":[0.5,4,0]},"faces":{"north":{"uv":[4,12,8,16],"texture":"#7"},"east":{"uv":[0,12,4,16],"texture":"#7"},"south":{"uv":[12,12,16,16],"texture":"#7"},"west":{"uv":[8,12,12,16],"texture":"#7"},"up":{"uv":[8,12,4,8],"texture":"#7"},"down":{"uv":[8,8,4,12],"texture":"#7"}}},{"from":[3.5,20.5,3.5],"to":[12.5,29.5,3.5],"rotation":{"angle":0,"axis":"y","origin":[0.5,4,0]},"faces":{"north":{"uv":[4,12,8,16],"texture":"#7"},"east":{"uv":[0,12,4,16],"texture":"#7"},"south":{"uv":[4,12,8,16],"texture":"#7"},"west":{"uv":[8,12,12,16],"texture":"#7"},"up":{"uv":[8,12,4,8],"texture":"#7"},"down":{"uv":[12,8,8,12],"texture":"#7"}}},{"from":[12.5,20.5,3.5],"to":[12.5,29.5,12.5],"rotation":{"angle":0,"axis":"y","origin":[0.5,4,0]},"faces":{"north":{"uv":[4,12,8,16],"texture":"#7"},"east":{"uv":[0,12,4,16],"texture":"#7"},"south":{"uv":[12,12,16,16],"texture":"#7"},"west":{"uv":[0,12,4,16],"texture":"#7"},"up":{"uv":[8,12,4,8],"texture":"#7"},"down":{"uv":[12,8,8,12],"texture":"#7"}}},{"from":[3.5,20.5,3.5],"to":[3.5,29.5,12.5],"rotation":{"angle":0,"axis":"y","origin":[0.5,4,0]},"faces":{"north":{"uv":[4,12,8,16],"texture":"#7"},"east":{"uv":[8,12,12,16],"texture":"#7"},"south":{"uv":[12,12,16,16],"texture":"#7"},"west":{"uv":[8,12,12,16],"texture":"#7"},"up":{"uv":[8,12,4,8],"texture":"#7"},"down":{"uv":[12,8,8,12],"texture":"#7"}}}],"display":{"head":{"rotation":[-90,-60,0],"translation":[0,0,27.25],"scale":[1.61,1.61,1.61]}},"groups":[{"name":"group","origin":[9,-1,16],"color":0,"children":[{"name":"group","origin":[9,-1,16],"color":0,"children":[0,1]},{"name":"group","origin":[9,-1,16],"color":0,"children":[2,3]},{"name":"group","origin":[9,-1,16],"color":0,"children":[4,5]},6,{"name":"group","origin":[1,8,8],"color":0,"children":[7,8]},{"name":"group","origin":[1,8,8],"color":0,"children":[9,10]}]},{"name":"group","origin":[8,8,8],"color":0,"children":[{"name":"group","origin":[0,0,0],"color":0,"children":[{"name":"group","origin":[0,0,0],"color":0,"children":[11,12,13,14,15,16,17]},{"name":"group","origin":[0,0,0],"color":0,"children":[18,19,20,21,22,23]}]},{"name":"group","origin":[0,0,0],"color":0,"children":[{"name":"group","origin":[0,0,0],"color":0,"children":[24,25,26,27,28,29,30]},{"name":"group","origin":[0,0,0],"color":0,"children":[31,32,33,34,35,36]}]},{"name":"all","origin":[8,8,8],"color":0,"children":[{"name":"side","origin":[0,0,0],"color":0,"children":[{"name":"case","origin":[0,0,0],"color":0,"children":[37,38,39,40,41,42]},{"name":"gas","origin":[9.25,3.48302,7.0726],"color":0,"children":[43,44,45,46]},47,48,{"name":"attach","origin":[0,0,0],"color":0,"children":[49,50,51,52,53,54]},{"name":"enhancements","origin":[0,0,0],"color":0,"children":[55,56,57,58,59,60,61,62,63]},{"name":"rope","origin":[0,0,0],"color":0,"children":[64,65,66,67,68,69,70,71,72,73]}]},{"name":"side","origin":[0,0,0],"color":0,"children":[{"name":"case","origin":[0,0,0],"color":0,"children":[74,75,76,77,78,79]},{"name":"gas","origin":[9.25,3.48302,7.0726],"color":0,"children":[80,81,82,83]},84,85,{"name":"attach","origin":[0,0,0],"color":0,"children":[86,87,88,89,90,91]},{"name":"enhancements","origin":[0,0,0],"color":0,"children":[92,93,94,95,96,97,98,99,100]},{"name":"rope","origin":[0,0,0],"color":0,"children":[101,102,103,104,105,106,107,108,109,110]}]},{"name":"support","origin":[9.25,3.48302,7.0726],"color":0,"children":[111,112,113,114,115,116]}]}]},117,118,119,120,121,122,123,124,125,126,127,128,129,130,131,132,{"name":"group","origin":[0,4,0],"color":0,"children":[133,134,135,136,137,138]},{"name":"group","origin":[0.5,4,0],"color":0,"children":[139,140,141,142,143,144]}]}