{
	"credit": "Made with Blockbench",
	"texture_size": [32, 32],
	"textures": {
		"0": "custom/item/gun/chains",
		"particle": "custom/item/gun/chains"
	},
	"elements": [
		{
			"from": [8.5, -4, 8],
			"to": [11.5, 13, 8],
			"rotation": {"angle": 0, "axis": "x", "origin": [10, 13, 8]},
			"faces": {
				"north": {"uv": [0, 0, 1.5, 8.5], "texture": "#0"},
				"east": {"uv": [0, 0, 0, 8.5], "texture": "#0"},
				"south": {"uv": [1.5, 0, 3, 8.5], "texture": "#0"},
				"west": {"uv": [0, 0, 0, 8.5], "texture": "#0"},
				"up": {"uv": [1.5, 0, 0, 0], "texture": "#0"},
				"down": {"uv": [1.5, 0, 0, 0], "texture": "#0"}
			}
		},
		{
			"from": [10, -4, 6.5],
			"to": [10, 13, 9.5],
			"rotation": {"angle": 0, "axis": "x", "origin": [10, 13, 8]},
			"faces": {
				"north": {"uv": [0, 0, 0, 8.5], "texture": "#0"},
				"east": {"uv": [3, 0, 4.5, 8.5], "texture": "#0"},
				"south": {"uv": [0, 0, 0, 8.5], "texture": "#0"},
				"west": {"uv": [4.5, 0, 6, 8.5], "texture": "#0"},
				"up": {"uv": [0, 1.5, 0, 0], "texture": "#0"},
				"down": {"uv": [0, 0, 0, 1.5], "texture": "#0"}
			}
		},
		{
			"from": [5.75, 12, 5.75],
			"to": [5.75, 14, 10.25],
			"faces": {
				"north": {"uv": [6, 5, 8.5, 6], "texture": "#0"},
				"east": {"uv": [6, 6, 8.5, 7], "texture": "#0"},
				"south": {"uv": [6, 7, 8.5, 8], "texture": "#0"},
				"west": {"uv": [6, 8, 8.5, 9], "texture": "#0"},
				"up": {"uv": [8.5, 2.5, 6, 0], "texture": "#0"},
				"down": {"uv": [8.5, 2.5, 6, 5], "texture": "#0"}
			}
		},
		{
			"from": [10.25, 12, 5.75],
			"to": [10.25, 14, 10.25],
			"faces": {
				"north": {"uv": [6, 5, 8.5, 6], "texture": "#0"},
				"east": {"uv": [6, 6, 8.5, 7], "texture": "#0"},
				"south": {"uv": [6, 7, 8.5, 8], "texture": "#0"},
				"west": {"uv": [6, 8, 8.5, 9], "texture": "#0"},
				"up": {"uv": [8.5, 2.5, 6, 0], "texture": "#0"},
				"down": {"uv": [8.5, 2.5, 6, 5], "texture": "#0"}
			}
		},
		{
			"from": [5.75, 12, 10.25],
			"to": [10.25, 14, 10.25],
			"faces": {
				"north": {"uv": [6, 5, 8.5, 6], "texture": "#0"},
				"east": {"uv": [6, 6, 8.5, 7], "texture": "#0"},
				"south": {"uv": [6, 7, 8.5, 8], "texture": "#0"},
				"west": {"uv": [6, 8, 8.5, 9], "texture": "#0"},
				"up": {"uv": [8.5, 2.5, 6, 0], "texture": "#0"},
				"down": {"uv": [8.5, 2.5, 6, 5], "texture": "#0"}
			}
		},
		{
			"from": [5.75, 12, 5.75],
			"to": [10.25, 14, 5.75],
			"faces": {
				"north": {"uv": [6, 5, 8.5, 6], "texture": "#0"},
				"east": {"uv": [6, 6, 8.5, 7], "texture": "#0"},
				"south": {"uv": [6, 7, 8.5, 8], "texture": "#0"},
				"west": {"uv": [6, 8, 8.5, 9], "texture": "#0"},
				"up": {"uv": [8.5, 2.5, 6, 0], "texture": "#0"},
				"down": {"uv": [8.5, 2.5, 6, 5], "texture": "#0"}
			}
		}
	],
	"display": {
		"thirdperson_righthand": {
			"rotation": [92, 0, 0],
			"translation": [0, -1.8, -3]
		},
		"thirdperson_lefthand": {
			"rotation": [92, 180, 0],
			"translation": [0, -1.8, -3]
		},
		"firstperson_lefthand": {
			"rotation": [0, 180, 0]
		},
		"gui": {
			"rotation": [-54, 180, 36],
			"translation": [1.75, 0, 0]
		}
	},
	"groups": [
		{
			"name": "group",
			"origin": [8, 8, 8],
			"color": 0,
			"nbt": "{}",
			"children": [0, 1, 2, 3, 4, 5]
		}
	]
}