{
    "anvil_cost": 0,
    "description": "Cape",
    "effects": {
		"minecraft:tick": [{
			"effect": {
				"type": "minecraft:run_function",
				"function": "snc:player/cape"
			}
		}]},
    "exclusive_set": "#minecraft:exclusive_set/armor",
    "max_cost": {
        "base": 0, "per_level_above_first": 0
    },
    "max_level": 1,
    "min_cost": {
        "base": 0, "per_level_above_first": 0
    },
    "slots": ["armor"],
    "supported_items": "#minecraft:enchantable/armor",
    "weight": 1
}