{"texture_size":[64,64],"textures":{"0":"custom/manuever","particle":"custom/manuever"},"elements":[{"from":[2.125,5.375,0.375],"to":[2.875,5.75,1.125],"rotation":{"angle":-45,"axis":"x","origin":[2.5,8.25,0.75]},"faces":{"north":{"uv":[8,0.75,7.75,1],"texture":"#0"},"east":{"uv":[8,1.25,7.75,1.5],"texture":"#0"},"south":{"uv":[1.5,7.75,1.25,8],"texture":"#0"},"west":{"uv":[8,1,7.75,1.25],"texture":"#0"},"up":{"uv":[1.5,8,1.75,7.75],"texture":"#0"},"down":{"uv":[1.75,7.75,2,8],"texture":"#0"}}},{"from":[2,5.75,0.25],"to":[3,9.625,1.25],"rotation":{"angle":-45,"axis":"x","origin":[2.5,8.25,0.75]},"faces":{"north":{"uv":[1.25,5.75,1,6.75],"texture":"#0"},"east":{"uv":[6.5,1,6.25,2],"texture":"#0"},"south":{"uv":[5.5,6,5.25,7],"texture":"#0"},"west":{"uv":[3,5.75,2.75,6.75],"texture":"#0"},"up":{"uv":[2,8,2.25,7.75],"texture":"#0"},"down":{"uv":[7.75,2.25,8,2.5],"texture":"#0"}}},{"from":[2,8.25,-0.75],"to":[3,9.625,0.25],"rotation":{"angle":-45,"axis":"x","origin":[2.5,8.25,0.75]},"faces":{"north":{"uv":[2.75,7.75,2.5,8],"texture":"#0"},"east":{"uv":[5,8.5,4,9.75],"texture":"#0"},"south":{"uv":[3,7.75,2.75,8],"texture":"#0"},"west":{"uv":[4,8.5,5,9.75],"texture":"#0"},"up":{"uv":[7.75,3.25,8,3],"texture":"#0"},"down":{"uv":[3.25,7.75,3.5,8],"texture":"#0"}}},{"from":[2.75,7.25,-0.5],"to":[2.75,8.625,0.25],"rotation":{"angle":-45,"axis":"x","origin":[2.5,8.25,0.75]},"faces":{"north":{"uv":[2.75,7.75,2.5,8],"texture":"#0"},"east":{"uv":[3.5,9,2.75,10.25],"texture":"#0"},"south":{"uv":[3,7.75,2.75,8],"texture":"#0"},"west":{"uv":[2.75,9,3.5,10.25],"texture":"#0"},"up":{"uv":[7.75,3.25,8,3],"texture":"#0"},"down":{"uv":[3.25,7.75,3.5,8],"texture":"#0"}}},{"from":[2.0625,7.02992,-2.49395],"to":[2.9375,7.27992,-0.61895],"rotation":{"angle":-45,"axis":"x","origin":[2.5,9.15492,-3.24395]},"faces":{"north":{"uv":[8,6.75,7.75,7],"texture":"#0"},"east":{"uv":[7.5,1.5,7,1.75],"texture":"#0"},"south":{"uv":[7.25,7.75,7,8],"texture":"#0"},"west":{"uv":[2,7,1.5,7.25],"texture":"#0"},"up":{"uv":[4.75,6,5,5.5],"texture":"#0"},"down":{"uv":[6.5,1.5,6.75,2],"texture":"#0"}}},{"from":[2.375,4.375,2],"to":[2.625,4.625,3.25],"rotation":{"angle":45,"axis":"x","origin":[2.5,4.5,4.5]},"faces":{"north":{"uv":[1.25,8,1,8.25],"texture":"#0"},"east":{"uv":[8.25,1.25,8,1.5],"texture":"#0"},"south":{"uv":[1.5,8,1.25,8.25],"texture":"#0"},"west":{"uv":[8.25,1,8,1.25],"texture":"#0"},"up":{"uv":[1.5,8.25,1.75,8],"texture":"#0"},"down":{"uv":[8,1.5,8.25,1.75],"texture":"#0"}}},{"from":[2.375,4.875,3.25],"to":[2.625,5.125,4.5],"rotation":{"angle":22.5,"axis":"x","origin":[2.5,4.5,4.5]},"faces":{"north":{"uv":[2,8,1.75,8.25],"texture":"#0"},"east":{"uv":[8.25,2,8,2.25],"texture":"#0"},"south":{"uv":[2.25,8,2,8.25],"texture":"#0"},"west":{"uv":[8.25,1.75,8,2],"texture":"#0"},"up":{"uv":[2.25,8.25,2.5,8],"texture":"#0"},"down":{"uv":[8,2.25,8.25,2.5],"texture":"#0"}}},{"from":[2.375,4.875,4.5],"to":[2.625,5.125,5.75],"rotation":{"angle":22.5,"axis":"y","origin":[2.5,4.5,4.5]},"faces":{"north":{"uv":[2.75,8,2.5,8.25],"texture":"#0"},"east":{"uv":[8.25,2.75,8,3],"texture":"#0"},"south":{"uv":[3,8,2.75,8.25],"texture":"#0"},"west":{"uv":[8.25,2.5,8,2.75],"texture":"#0"},"up":{"uv":[3,8.25,3.25,8],"texture":"#0"},"down":{"uv":[8,3,8.25,3.25],"texture":"#0"}}},{"from":[2.84253,5.375,5.60727],"to":[3.09253,5.625,6.85727],"rotation":{"angle":-45,"axis":"x","origin":[3.21753,5,6.23227]},"faces":{"north":{"uv":[3.5,8,3.25,8.25],"texture":"#0"},"east":{"uv":[8.25,3.5,8,3.75],"texture":"#0"},"south":{"uv":[3.75,8,3.5,8.25],"texture":"#0"},"west":{"uv":[8.25,3.25,8,3.5],"texture":"#0"},"up":{"uv":[3.75,8.25,4,8],"texture":"#0"},"down":{"uv":[8,3.75,8.25,4],"texture":"#0"}}},{"from":[2.84253,5.625,6.10727],"to":[3.09253,5.875,7.73227],"rotation":{"angle":22.5,"axis":"y","origin":[3.21753,5,6.23227]},"faces":{"north":{"uv":[4.25,8,4,8.25],"texture":"#0"},"east":{"uv":[7.5,2,7,2.25],"texture":"#0"},"south":{"uv":[8.25,4,8,4.25],"texture":"#0"},"west":{"uv":[7.5,1.75,7,2],"texture":"#0"},"up":{"uv":[6.5,3,6.75,2.5],"texture":"#0"},"down":{"uv":[7,2.25,7.25,2.75],"texture":"#0"}}},{"from":[3.43559,5.625,7.65126],"to":[3.68559,5.875,9.40126],"rotation":{"angle":45,"axis":"y","origin":[3.56059,5.75,7.71376]},"faces":{"north":{"uv":[4.5,8,4.25,8.25],"texture":"#0"},"east":{"uv":[7.5,3.25,7,3.5],"texture":"#0"},"south":{"uv":[8.25,4.25,8,4.5],"texture":"#0"},"west":{"uv":[7.5,2.75,7,3],"texture":"#0"},"up":{"uv":[7,4,7.25,3.5],"texture":"#0"},"down":{"uv":[5.25,7,5.5,7.5],"texture":"#0"}}},{"from":[12,0.50694,-0.38969],"to":[14,3.50694,13.61031],"rotation":{"angle":0,"axis":"y","origin":[9.25,3.48302,7.0726]},"faces":{"north":{"uv":[3.5,0,4,0.75],"texture":"#0"},"east":{"uv":[0,0,3.5,0.75],"texture":"#0"},"south":{"uv":[3.5,0.75,4,1.5],"texture":"#0"},"west":{"uv":[0,0.75,3.5,1.5],"texture":"#0"},"up":{"uv":[0.5,5,0,1.5],"texture":"#0"},"down":{"uv":[1,1.5,0.5,5],"texture":"#0"}}},{"from":[13.625,0.50694,-2.38969],"to":[14,3.50694,-0.38969],"rotation":{"angle":0,"axis":"y","origin":[9.25,3.48302,7.0726]},"faces":{"north":{"uv":[0.75,6.5,1,7.25],"texture":"#0"},"east":{"uv":[5.5,4.75,6,5.5],"texture":"#0"},"south":{"uv":[6.5,4.75,6.75,5.5],"texture":"#0"},"west":{"uv":[5.5,5.5,6,6.25],"texture":"#0"},"up":{"uv":[5.75,7.5,5.5,7],"texture":"#0"},"down":{"uv":[6,7,5.75,7.5],"texture":"#0"}}},{"from":[12.875,0.50694,-2.38969],"to":[13.125,3.50694,-0.38969],"rotation":{"angle":0,"axis":"y","origin":[9.25,3.48302,7.0726]},"faces":{"north":{"uv":[6.5,6.25,6.75,7],"texture":"#0"},"east":{"uv":[0.5,5.75,1,6.5],"texture":"#0"},"south":{"uv":[1,6.75,1.25,7.5],"texture":"#0"},"west":{"uv":[5.75,1,6.25,1.75],"texture":"#0"},"up":{"uv":[6.25,7.5,6,7],"texture":"#0"},"down":{"uv":[7.25,6.25,7,6.75],"texture":"#0"}}},{"from":[12,0.50694,-2.38969],"to":[12.375,3.50694,-0.38969],"rotation":{"angle":0,"axis":"y","origin":[9.25,3.48302,7.0726]},"faces":{"north":{"uv":[1.25,6.75,1.5,7.5],"texture":"#0"},"east":{"uv":[1.5,5.75,2,6.5],"texture":"#0"},"south":{"uv":[6.75,1.5,7,2.25],"texture":"#0"},"west":{"uv":[5.75,1.75,6.25,2.5],"texture":"#0"},"up":{"uv":[6.75,7.5,6.5,7],"texture":"#0"},"down":{"uv":[7,7,6.75,7.5],"texture":"#0"}}},{"from":[11.9375,3.00694,-2.45219],"to":[14.0625,3.56944,-0.38969],"rotation":{"angle":0,"axis":"y","origin":[9.25,3.48302,7.0726]},"faces":{"north":{"uv":[7,4,7.5,4.25],"texture":"#0"},"east":{"uv":[7,6.75,7.5,7],"texture":"#0"},"south":{"uv":[7,7,7.5,7.25],"texture":"#0"},"west":{"uv":[1.5,7.25,2,7.5],"texture":"#0"},"up":{"uv":[2.5,6.75,2,6.25],"texture":"#0"},"down":{"uv":[6.75,2,6.25,2.5],"texture":"#0"}}},{"from":[11.9375,0.44444,-2.45219],"to":[14.0625,1.00694,-0.38969],"rotation":{"angle":0,"axis":"y","origin":[9.25,3.48302,7.0726]},"faces":{"north":{"uv":[7.25,2.25,7.75,2.5],"texture":"#0"},"east":{"uv":[7.25,2.5,7.75,2.75],"texture":"#0"},"south":{"uv":[7.25,3,7.75,3.25],"texture":"#0"},"west":{"uv":[7.25,3.5,7.75,3.75],"texture":"#0"},"up":{"uv":[6,6.75,5.5,6.25],"texture":"#0"},"down":{"uv":[6.5,6.25,6,6.75],"texture":"#0"}}},{"from":[12.625,3.50694,1.61031],"to":[13.375,4.50694,12.61031],"rotation":{"angle":0,"axis":"y","origin":[9.25,3.48302,7.0726]},"faces":{"north":{"uv":[4.5,8,4.75,8.25],"texture":"#0"},"east":{"uv":[5,0,7.75,0.25],"texture":"#0"},"south":{"uv":[8,4.5,8.25,4.75],"texture":"#0"},"west":{"uv":[5,0.25,7.75,0.5],"texture":"#0"},"up":{"uv":[3.75,7.5,3.5,4.75],"texture":"#0"},"down":{"uv":[4,4.75,3.75,7.5],"texture":"#0"}}},{"from":[12.5,3.625,1.625],"to":[13.5,4.375,12.625],"faces":{"north":{"uv":[4.75,8,5,8.25],"texture":"#0"},"east":{"uv":[5,0.5,7.75,0.75],"texture":"#0"},"south":{"uv":[8,4.75,8.25,5],"texture":"#0"},"west":{"uv":[5,0.75,7.75,1],"texture":"#0"},"up":{"uv":[0.25,7.75,0,5],"texture":"#0"},"down":{"uv":[0.5,5,0.25,7.75],"texture":"#0"}}},{"from":[12.625,3.625,1.25],"to":[13.375,4.375,12.75],"faces":{"north":{"uv":[5,8,5.25,8.25],"texture":"#0"},"east":{"uv":[1,1.5,4,1.75],"texture":"#0"},"south":{"uv":[8,5,8.25,5.25],"texture":"#0"},"west":{"uv":[1,1.75,4,2],"texture":"#0"},"up":{"uv":[1.25,5,1,2],"texture":"#0"},"down":{"uv":[1.5,2,1.25,5],"texture":"#0"}}},{"from":[12.875,3.875,1],"to":[13.125,4.125,1.25],"faces":{"north":{"uv":[5.25,8,5.5,8.25],"texture":"#0"},"east":{"uv":[8,5.25,8.25,5.5],"texture":"#0"},"south":{"uv":[5.5,8,5.75,8.25],"texture":"#0"},"west":{"uv":[8,5.5,8.25,5.75],"texture":"#0"},"up":{"uv":[6,8.25,5.75,8],"texture":"#0"},"down":{"uv":[8.25,5.75,8,6],"texture":"#0"}}},{"from":[9.75,-0.5,9.75],"to":[10,6,10.5],"rotation":{"angle":45,"axis":"z","origin":[8.5,4,10.25]},"faces":{"north":{"uv":[1.25,5,1.5,6.75],"texture":"#0"},"east":{"uv":[5,4.25,5.25,6],"texture":"#0"},"south":{"uv":[5.25,4.25,5.5,6],"texture":"#0"},"west":{"uv":[4,5.5,4.25,7.25],"texture":"#0"},"up":{"uv":[6.25,8.25,6,8],"texture":"#0"},"down":{"uv":[8.25,6,8,6.25],"texture":"#0"}}},{"from":[9.75,2.4375,9.8125],"to":[10,4.5,10.4375],"faces":{"north":{"uv":[0.75,7.25,1,7.75],"texture":"#0"},"east":{"uv":[2.5,7.25,2.75,7.75],"texture":"#0"},"south":{"uv":[4,7.25,4.25,7.75],"texture":"#0"},"west":{"uv":[4.25,7.25,4.5,7.75],"texture":"#0"},"up":{"uv":[6.5,8.25,6.25,8],"texture":"#0"},"down":{"uv":[8.25,6.25,8,6.5],"texture":"#0"}}},{"from":[12.25,4,4],"to":[12.5,4.75,10.5],"rotation":{"angle":22.5,"axis":"z","origin":[10.5,4.5,9.5]},"faces":{"north":{"uv":[6.5,8,6.75,8.25],"texture":"#0"},"east":{"uv":[5.5,4.25,7.25,4.5],"texture":"#0"},"south":{"uv":[8,6.5,8.25,6.75],"texture":"#0"},"west":{"uv":[5.5,4.5,7.25,4.75],"texture":"#0"},"up":{"uv":[4.5,7.25,4.25,5.5],"texture":"#0"},"down":{"uv":[4.75,5.5,4.5,7.25],"texture":"#0"}}},{"from":[12,4.75,2.5],"to":[12.5,5.875,4],"rotation":{"angle":22.5,"axis":"z","origin":[12.5,5.5,3.5]},"faces":{"north":{"uv":[6.75,8,7,8.25],"texture":"#0"},"east":{"uv":[7.25,3.75,7.75,4],"texture":"#0"},"south":{"uv":[8,6.75,8.25,7],"texture":"#0"},"west":{"uv":[7.25,4.25,7.75,4.5],"texture":"#0"},"up":{"uv":[4.75,7.75,4.5,7.25],"texture":"#0"},"down":{"uv":[7.5,6.25,7.25,6.75],"texture":"#0"}}},{"from":[12.125,5.75,3.25],"to":[12.375,6.0625,3.4375],"rotation":{"angle":22.5,"axis":"z","origin":[12.5,5.5,3.5]},"faces":{"north":{"uv":[7,8,7.25,8.25],"texture":"#0"},"east":{"uv":[8,7,8.25,7.25],"texture":"#0"},"south":{"uv":[7.25,8,7.5,8.25],"texture":"#0"},"west":{"uv":[8,7.25,8.25,7.5],"texture":"#0"},"up":{"uv":[7.75,8.25,7.5,8],"texture":"#0"},"down":{"uv":[8.25,7.5,8,7.75],"texture":"#0"}}},{"from":[12,5.1875,2],"to":[12.5,5.875,2.5],"rotation":{"angle":22.5,"axis":"z","origin":[12.5,5.5,3.5]},"faces":{"north":{"uv":[7.75,8,8,8.25],"texture":"#0"},"east":{"uv":[8,7.75,8.25,8],"texture":"#0"},"south":{"uv":[8,8,8.25,8.25],"texture":"#0"},"west":{"uv":[0,8.25,0.25,8.5],"texture":"#0"},"up":{"uv":[8.5,0.25,8.25,0],"texture":"#0"},"down":{"uv":[0.5,8.25,0.25,8.5],"texture":"#0"}}},{"from":[10.8125,5.25,8.75],"to":[11.5,7.25,11.75],"rotation":{"angle":22.5,"axis":"z","origin":[10.375,6.5,10.25]},"faces":{"north":{"uv":[7,7.25,7.25,7.75],"texture":"#0"},"east":{"uv":[2,5.75,2.75,6.25],"texture":"#0"},"south":{"uv":[7.25,7.25,7.5,7.75],"texture":"#0"},"west":{"uv":[5.75,2.5,6.5,3],"texture":"#0"},"up":{"uv":[2.25,7.5,2,6.75],"texture":"#0"},"down":{"uv":[2.5,6.75,2.25,7.5],"texture":"#0"}}},{"from":[10.75,4.75,9.25],"to":[11.5625,7.75,11.25],"rotation":{"angle":22.5,"axis":"z","origin":[10.375,6.5,10.25]},"faces":{"north":{"uv":[6.75,2.25,7,3],"texture":"#0"},"east":{"uv":[4.75,6,5.25,6.75],"texture":"#0"},"south":{"uv":[2.75,6.75,3,7.5],"texture":"#0"},"west":{"uv":[6,4.75,6.5,5.5],"texture":"#0"},"up":{"uv":[0.75,8,0.5,7.5],"texture":"#0"},"down":{"uv":[1.25,7.5,1,8],"texture":"#0"}}},{"from":[11.75,0.25,0],"to":[14.25,3.75,1],"faces":{"north":{"uv":[1.5,2,2.25,3],"texture":"#0"},"east":{"uv":[2.5,6.25,2.75,7.25],"texture":"#0"},"south":{"uv":[2.25,2,3,3],"texture":"#0"},"west":{"uv":[0.5,6.5,0.75,7.5],"texture":"#0"},"up":{"uv":[7.5,5,6.75,4.75],"texture":"#0"},"down":{"uv":[7.5,5,6.75,5.25],"texture":"#0"}}},{"from":[11.75,0.25,7],"to":[14.25,3.5,8],"faces":{"north":{"uv":[0.5,5,1.25,5.75],"texture":"#0"},"east":{"uv":[4.75,6.75,5,7.5],"texture":"#0"},"south":{"uv":[5,1,5.75,1.75],"texture":"#0"},"west":{"uv":[5,6.75,5.25,7.5],"texture":"#0"},"up":{"uv":[7.5,5.5,6.75,5.25],"texture":"#0"},"down":{"uv":[6.25,6.75,5.5,7],"texture":"#0"}}},{"from":[13.75,3.4375,7.0625],"to":[14,4.75,7.9375],"rotation":{"angle":22.5,"axis":"z","origin":[14.125,4.15625,7.5]},"faces":{"north":{"uv":[8.25,0.25,8.5,0.5],"texture":"#0"},"east":{"uv":[0.5,8.25,0.75,8.5],"texture":"#0"},"south":{"uv":[8.25,0.5,8.5,0.75],"texture":"#0"},"west":{"uv":[0.75,8.25,1,8.5],"texture":"#0"},"up":{"uv":[8.5,1,8.25,0.75],"texture":"#0"},"down":{"uv":[1.25,8.25,1,8.5],"texture":"#0"}}},{"from":[11.25,7.375,7.0625],"to":[11.5,8.5625,7.9375],"rotation":{"angle":-22.5,"axis":"z","origin":[1.875,4.15625,7.5]},"faces":{"north":{"uv":[8.25,1,8.5,1.25],"texture":"#0"},"east":{"uv":[1.25,8.25,1.5,8.5],"texture":"#0"},"south":{"uv":[8.25,1.25,8.5,1.5],"texture":"#0"},"west":{"uv":[1.5,8.25,1.75,8.5],"texture":"#0"},"up":{"uv":[8.5,1.75,8.25,1.5],"texture":"#0"},"down":{"uv":[2,8.25,1.75,8.5],"texture":"#0"}}},{"from":[12.21227,4.52943,7],"to":[13.77477,4.77943,8],"rotation":{"angle":0,"axis":"y","origin":[12.49352,4.96693,7.5]},"faces":{"north":{"uv":[7.25,4.5,7.75,4.75],"texture":"#0"},"east":{"uv":[8.25,1.75,8.5,2],"texture":"#0"},"south":{"uv":[1.25,7.5,1.75,7.75],"texture":"#0"},"west":{"uv":[2,8.25,2.25,8.5],"texture":"#0"},"up":{"uv":[8,1.75,7.5,1.5],"texture":"#0"},"down":{"uv":[2.25,7.5,1.75,7.75],"texture":"#0"}}},{"from":[12.21227,4.52943,11],"to":[13.77477,4.77943,12],"rotation":{"angle":0,"axis":"y","origin":[12.49352,4.96693,11.5]},"faces":{"north":{"uv":[7.5,1.75,8,2],"texture":"#0"},"east":{"uv":[8.25,2,8.5,2.25],"texture":"#0"},"south":{"uv":[7.5,2,8,2.25],"texture":"#0"},"west":{"uv":[2.25,8.25,2.5,8.5],"texture":"#0"},"up":{"uv":[3.25,7.75,2.75,7.5],"texture":"#0"},"down":{"uv":[8,2.75,7.5,3],"texture":"#0"}}},{"from":[11.25,7.375,11.0625],"to":[11.5,8.5625,11.9375],"rotation":{"angle":-22.5,"axis":"z","origin":[1.875,4.15625,11.5]},"faces":{"north":{"uv":[8.25,2.25,8.5,2.5],"texture":"#0"},"east":{"uv":[2.5,8.25,2.75,8.5],"texture":"#0"},"south":{"uv":[8.25,2.5,8.5,2.75],"texture":"#0"},"west":{"uv":[2.75,8.25,3,8.5],"texture":"#0"},"up":{"uv":[8.5,3,8.25,2.75],"texture":"#0"},"down":{"uv":[3.25,8.25,3,8.5],"texture":"#0"}}},{"from":[13.75,3.5,11.0625],"to":[14,4.75,11.9375],"rotation":{"angle":22.5,"axis":"z","origin":[14.125,4.15625,11.5]},"faces":{"north":{"uv":[8.25,3,8.5,3.25],"texture":"#0"},"east":{"uv":[3.25,8.25,3.5,8.5],"texture":"#0"},"south":{"uv":[8.25,3.25,8.5,3.5],"texture":"#0"},"west":{"uv":[3.5,8.25,3.75,8.5],"texture":"#0"},"up":{"uv":[8.5,3.75,8.25,3.5],"texture":"#0"},"down":{"uv":[4,8.25,3.75,8.5],"texture":"#0"}}},{"from":[11.75,0.25,11],"to":[14.25,3.5,12],"rotation":{"angle":0,"axis":"y","origin":[0,0,4]},"faces":{"north":{"uv":[5,1.75,5.75,2.5],"texture":"#0"},"east":{"uv":[6.25,6.75,6.5,7.5],"texture":"#0"},"south":{"uv":[5,2.5,5.75,3.25],"texture":"#0"},"west":{"uv":[6.75,6.25,7,7],"texture":"#0"},"up":{"uv":[7.75,1.25,7,1],"texture":"#0"},"down":{"uv":[7.75,1.25,7,1.5],"texture":"#0"}}},{"from":[12,3.86742,0.75422],"to":[13.25,4.11742,1.00422],"rotation":{"angle":-22.5,"axis":"y","origin":[13,4.36742,0.56672]},"faces":{"north":{"uv":[8.25,3.75,8.5,4],"texture":"#0"},"east":{"uv":[4,8.25,4.25,8.5],"texture":"#0"},"south":{"uv":[8.25,4,8.5,4.25],"texture":"#0"},"west":{"uv":[4.25,8.25,4.5,8.5],"texture":"#0"},"up":{"uv":[8.5,4.5,8.25,4.25],"texture":"#0"},"down":{"uv":[4.75,8.25,4.5,8.5],"texture":"#0"}}},{"from":[11.8125,3.99294,0.62631],"to":[12.0625,4.24294,1.87631],"rotation":{"angle":0,"axis":"y","origin":[11.5,3.86794,1.12631]},"faces":{"north":{"uv":[8.25,4.5,8.5,4.75],"texture":"#0"},"east":{"uv":[4.75,8.25,5,8.5],"texture":"#0"},"south":{"uv":[8.25,4.75,8.5,5],"texture":"#0"},"west":{"uv":[5,8.25,5.25,8.5],"texture":"#0"},"up":{"uv":[8.5,5.25,8.25,5],"texture":"#0"},"down":{"uv":[5.5,8.25,5.25,8.5],"texture":"#0"}}},{"from":[11.7552,4.25,2.13915],"to":[12.0052,4.5,3.38915],"rotation":{"angle":-22.5,"axis":"x","origin":[11.6302,3.5,2.38915]},"faces":{"north":{"uv":[8.25,5.25,8.5,5.5],"texture":"#0"},"east":{"uv":[5.5,8.25,5.75,8.5],"texture":"#0"},"south":{"uv":[8.25,5.5,8.5,5.75],"texture":"#0"},"west":{"uv":[5.75,8.25,6,8.5],"texture":"#0"},"up":{"uv":[8.5,6,8.25,5.75],"texture":"#0"},"down":{"uv":[6.25,8.25,6,8.5],"texture":"#0"}}},{"from":[11.53247,5.8125,6.54477],"to":[11.78247,6.0625,7.79477],"rotation":{"angle":-45,"axis":"x","origin":[10.78247,5,6.23227]},"faces":{"north":{"uv":[8.25,6,8.5,6.25],"texture":"#0"},"east":{"uv":[6.25,8.25,6.5,8.5],"texture":"#0"},"south":{"uv":[8.25,6.25,8.5,6.5],"texture":"#0"},"west":{"uv":[6.5,8.25,6.75,8.5],"texture":"#0"},"up":{"uv":[8.5,6.75,8.25,6.5],"texture":"#0"},"down":{"uv":[7,8.25,6.75,8.5],"texture":"#0"}}},{"from":[9.40747,6.70267,8.5777],"to":[11.03247,6.95267,8.8277],"rotation":{"angle":22.5,"axis":"y","origin":[9.40747,5.26517,8.2652]},"faces":{"north":{"uv":[3.25,7.5,3.75,7.75],"texture":"#0"},"east":{"uv":[8.25,6.75,8.5,7],"texture":"#0"},"south":{"uv":[7.5,3.25,8,3.5],"texture":"#0"},"west":{"uv":[7,8.25,7.25,8.5],"texture":"#0"},"up":{"uv":[8,4.25,7.5,4],"texture":"#0"},"down":{"uv":[5.25,7.5,4.75,7.75],"texture":"#0"}}},{"from":[10.37691,6.75,8.90126],"to":[10.62691,7,10.65126],"rotation":{"angle":-45,"axis":"y","origin":[10.43941,5.75,7.71376]},"faces":{"north":{"uv":[8.25,7,8.5,7.25],"texture":"#0"},"east":{"uv":[7.5,4.75,8,5],"texture":"#0"},"south":{"uv":[7.25,8.25,7.5,8.5],"texture":"#0"},"west":{"uv":[7.5,5,8,5.25],"texture":"#0"},"up":{"uv":[2.5,8,2.25,7.5],"texture":"#0"},"down":{"uv":[4,7.5,3.75,8],"texture":"#0"}}},{"from":[11.16548,6.64017,6.72134],"to":[11.41548,6.89017,8.34634],"rotation":{"angle":-22.5,"axis":"y","origin":[11.60298,6.76517,7.53384]},"faces":{"north":{"uv":[8.25,7.25,8.5,7.5],"texture":"#0"},"east":{"uv":[5.25,7.5,5.75,7.75],"texture":"#0"},"south":{"uv":[7.5,8.25,7.75,8.5],"texture":"#0"},"west":{"uv":[7.5,5.25,8,5.5],"texture":"#0"},"up":{"uv":[7.75,6,7.5,5.5],"texture":"#0"},"down":{"uv":[6,7.5,5.75,8],"texture":"#0"}}},{"from":[11.53075,5.51517,4.18211],"to":[11.78075,5.76517,5.80711],"rotation":{"angle":-22.5,"axis":"x","origin":[11.96825,5.89017,5.18211]},"faces":{"north":{"uv":[8.25,7.5,8.5,7.75],"texture":"#0"},"east":{"uv":[6,7.5,6.5,7.75],"texture":"#0"},"south":{"uv":[7.75,8.25,8,8.5],"texture":"#0"},"west":{"uv":[7.5,6,8,6.25],"texture":"#0"},"up":{"uv":[7.75,6.75,7.5,6.25],"texture":"#0"},"down":{"uv":[6.75,7.5,6.5,8],"texture":"#0"}}},{"from":[11.96825,5.13458,3.7568],"to":[12.21825,5.38458,4.3818],"rotation":{"angle":-22.5,"axis":"y","origin":[11.65575,4.82208,3.2568]},"faces":{"north":{"uv":[8.25,7.75,8.5,8],"texture":"#0"},"east":{"uv":[8,8.25,8.25,8.5],"texture":"#0"},"south":{"uv":[8.25,8,8.5,8.25],"texture":"#0"},"west":{"uv":[8.25,8.25,8.5,8.5],"texture":"#0"},"up":{"uv":[0.25,8.75,0,8.5],"texture":"#0"},"down":{"uv":[8.75,0,8.5,0.25],"texture":"#0"}}},{"from":[11.74902,5.13458,2.79987],"to":[11.99902,5.38458,3.92487],"rotation":{"angle":-22.5,"axis":"x","origin":[11.74902,5.25958,4.17487]},"faces":{"north":{"uv":[0.25,8.5,0.5,8.75],"texture":"#0"},"east":{"uv":[8.5,0.25,8.75,0.5],"texture":"#0"},"south":{"uv":[0.5,8.5,0.75,8.75],"texture":"#0"},"west":{"uv":[8.5,0.5,8.75,0.75],"texture":"#0"},"up":{"uv":[1,8.75,0.75,8.5],"texture":"#0"},"down":{"uv":[8.75,0.75,8.5,1],"texture":"#0"}}},{"from":[2,0.50694,-0.38969],"to":[4,3.50694,13.61031],"rotation":{"angle":0,"axis":"y","origin":[6.75,3.48302,7.0726]},"faces":{"north":{"uv":[4,0,3.5,0.75],"texture":"#0"},"east":{"uv":[3.5,0.75,0,1.5],"texture":"#0"},"south":{"uv":[4,0.75,3.5,1.5],"texture":"#0"},"west":{"uv":[3.5,0,0,0.75],"texture":"#0"},"up":{"uv":[0,5,0.5,1.5],"texture":"#0"},"down":{"uv":[0.5,1.5,1,5],"texture":"#0"}}},{"from":[2,0.50694,-2.38969],"to":[2.375,3.50694,-0.38969],"rotation":{"angle":0,"axis":"y","origin":[6.75,3.48302,7.0726]},"faces":{"north":{"uv":[1,6.5,0.75,7.25],"texture":"#0"},"east":{"uv":[6,5.5,5.5,6.25],"texture":"#0"},"south":{"uv":[6.75,4.75,6.5,5.5],"texture":"#0"},"west":{"uv":[6,4.75,5.5,5.5],"texture":"#0"},"up":{"uv":[5.5,7.5,5.75,7],"texture":"#0"},"down":{"uv":[5.75,7,6,7.5],"texture":"#0"}}},{"from":[2.875,0.50694,-2.38969],"to":[3.125,3.50694,-0.38969],"rotation":{"angle":0,"axis":"y","origin":[6.75,3.48302,7.0726]},"faces":{"north":{"uv":[6.75,6.25,6.5,7],"texture":"#0"},"east":{"uv":[6.25,1,5.75,1.75],"texture":"#0"},"south":{"uv":[1.25,6.75,1,7.5],"texture":"#0"},"west":{"uv":[1,5.75,0.5,6.5],"texture":"#0"},"up":{"uv":[6,7.5,6.25,7],"texture":"#0"},"down":{"uv":[7,6.25,7.25,6.75],"texture":"#0"}}},{"from":[3.625,0.50694,-2.38969],"to":[4,3.50694,-0.38969],"rotation":{"angle":0,"axis":"y","origin":[6.75,3.48302,7.0726]},"faces":{"north":{"uv":[1.5,6.75,1.25,7.5],"texture":"#0"},"east":{"uv":[6.25,1.75,5.75,2.5],"texture":"#0"},"south":{"uv":[7,1.5,6.75,2.25],"texture":"#0"},"west":{"uv":[2,5.75,1.5,6.5],"texture":"#0"},"up":{"uv":[6.5,7.5,6.75,7],"texture":"#0"},"down":{"uv":[6.75,7,7,7.5],"texture":"#0"}}},{"from":[1.9375,3.00694,-2.45219],"to":[4.0625,3.56944,-0.38969],"rotation":{"angle":0,"axis":"y","origin":[6.75,3.48302,7.0726]},"faces":{"north":{"uv":[7.5,4,7,4.25],"texture":"#0"},"east":{"uv":[2,7.25,1.5,7.5],"texture":"#0"},"south":{"uv":[7.5,7,7,7.25],"texture":"#0"},"west":{"uv":[7.5,6.75,7,7],"texture":"#0"},"up":{"uv":[2,6.75,2.5,6.25],"texture":"#0"},"down":{"uv":[6.25,2,6.75,2.5],"texture":"#0"}}},{"from":[1.9375,0.44444,-2.45219],"to":[4.0625,1.00694,-0.38969],"rotation":{"angle":0,"axis":"y","origin":[6.75,3.48302,7.0726]},"faces":{"north":{"uv":[7.75,2.25,7.25,2.5],"texture":"#0"},"east":{"uv":[7.75,3.5,7.25,3.75],"texture":"#0"},"south":{"uv":[7.75,3,7.25,3.25],"texture":"#0"},"west":{"uv":[7.75,2.5,7.25,2.75],"texture":"#0"},"up":{"uv":[5.5,6.75,6,6.25],"texture":"#0"},"down":{"uv":[6,6.25,6.5,6.75],"texture":"#0"}}},{"from":[2.625,3.50694,1.61031],"to":[3.375,4.50694,12.61031],"rotation":{"angle":0,"axis":"y","origin":[6.75,3.48302,7.0726]},"faces":{"north":{"uv":[4.75,8,4.5,8.25],"texture":"#0"},"east":{"uv":[7.75,0.25,5,0.5],"texture":"#0"},"south":{"uv":[8.25,4.5,8,4.75],"texture":"#0"},"west":{"uv":[7.75,0,5,0.25],"texture":"#0"},"up":{"uv":[3.5,7.5,3.75,4.75],"texture":"#0"},"down":{"uv":[3.75,4.75,4,7.5],"texture":"#0"}}},{"from":[2.5,3.625,1.625],"to":[3.5,4.375,12.625],"rotation":{"angle":0,"axis":"y","origin":[16,0,0]},"faces":{"north":{"uv":[5,8,4.75,8.25],"texture":"#0"},"east":{"uv":[7.75,0.75,5,1],"texture":"#0"},"south":{"uv":[8.25,4.75,8,5],"texture":"#0"},"west":{"uv":[7.75,0.5,5,0.75],"texture":"#0"},"up":{"uv":[0,7.75,0.25,5],"texture":"#0"},"down":{"uv":[0.25,5,0.5,7.75],"texture":"#0"}}},{"from":[2.625,3.625,1.25],"to":[3.375,4.375,12.75],"rotation":{"angle":0,"axis":"y","origin":[16,0,0]},"faces":{"north":{"uv":[5.25,8,5,8.25],"texture":"#0"},"east":{"uv":[4,1.75,1,2],"texture":"#0"},"south":{"uv":[8.25,5,8,5.25],"texture":"#0"},"west":{"uv":[4,1.5,1,1.75],"texture":"#0"},"up":{"uv":[1,5,1.25,2],"texture":"#0"},"down":{"uv":[1.25,2,1.5,5],"texture":"#0"}}},{"from":[2.875,3.875,1],"to":[3.125,4.125,1.25],"rotation":{"angle":0,"axis":"y","origin":[16,0,0]},"faces":{"north":{"uv":[5.5,8,5.25,8.25],"texture":"#0"},"east":{"uv":[8.25,5.5,8,5.75],"texture":"#0"},"south":{"uv":[5.75,8,5.5,8.25],"texture":"#0"},"west":{"uv":[8.25,5.25,8,5.5],"texture":"#0"},"up":{"uv":[5.75,8.25,6,8],"texture":"#0"},"down":{"uv":[8,5.75,8.25,6],"texture":"#0"}}},{"from":[6,-0.5,9.75],"to":[6.25,6,10.5],"rotation":{"angle":-45,"axis":"z","origin":[7.5,4,10.25]},"faces":{"north":{"uv":[1.5,5,1.25,6.75],"texture":"#0"},"east":{"uv":[4.25,5.5,4,7.25],"texture":"#0"},"south":{"uv":[5.5,4.25,5.25,6],"texture":"#0"},"west":{"uv":[5.25,4.25,5,6],"texture":"#0"},"up":{"uv":[6,8.25,6.25,8],"texture":"#0"},"down":{"uv":[8,6,8.25,6.25],"texture":"#0"}}},{"from":[6,2.4375,9.8125],"to":[6.25,4.5,10.4375],"rotation":{"angle":0,"axis":"y","origin":[16,0,0]},"faces":{"north":{"uv":[1,7.25,0.75,7.75],"texture":"#0"},"east":{"uv":[4.5,7.25,4.25,7.75],"texture":"#0"},"south":{"uv":[4.25,7.25,4,7.75],"texture":"#0"},"west":{"uv":[2.75,7.25,2.5,7.75],"texture":"#0"},"up":{"uv":[6.25,8.25,6.5,8],"texture":"#0"},"down":{"uv":[8,6.25,8.25,6.5],"texture":"#0"}}},{"from":[3.5,4,4],"to":[3.75,4.75,10.5],"rotation":{"angle":-22.5,"axis":"z","origin":[5.5,4.5,9.5]},"faces":{"north":{"uv":[6.75,8,6.5,8.25],"texture":"#0"},"east":{"uv":[7.25,4.5,5.5,4.75],"texture":"#0"},"south":{"uv":[8.25,6.5,8,6.75],"texture":"#0"},"west":{"uv":[7.25,4.25,5.5,4.5],"texture":"#0"},"up":{"uv":[4.25,7.25,4.5,5.5],"texture":"#0"},"down":{"uv":[4.5,5.5,4.75,7.25],"texture":"#0"}}},{"from":[3.5,4.75,2.5],"to":[4,5.875,4],"rotation":{"angle":-22.5,"axis":"z","origin":[3.5,5.5,3.5]},"faces":{"north":{"uv":[7,8,6.75,8.25],"texture":"#0"},"east":{"uv":[7.75,4.25,7.25,4.5],"texture":"#0"},"south":{"uv":[8.25,6.75,8,7],"texture":"#0"},"west":{"uv":[7.75,3.75,7.25,4],"texture":"#0"},"up":{"uv":[4.5,7.75,4.75,7.25],"texture":"#0"},"down":{"uv":[7.25,6.25,7.5,6.75],"texture":"#0"}}},{"from":[3.625,5.75,3.25],"to":[3.875,6.0625,3.4375],"rotation":{"angle":-22.5,"axis":"z","origin":[3.5,5.5,3.5]},"faces":{"north":{"uv":[7.25,8,7,8.25],"texture":"#0"},"east":{"uv":[8.25,7.25,8,7.5],"texture":"#0"},"south":{"uv":[7.5,8,7.25,8.25],"texture":"#0"},"west":{"uv":[8.25,7,8,7.25],"texture":"#0"},"up":{"uv":[7.5,8.25,7.75,8],"texture":"#0"},"down":{"uv":[8,7.5,8.25,7.75],"texture":"#0"}}},{"from":[3.5,5.1875,2],"to":[4,5.875,2.5],"rotation":{"angle":-22.5,"axis":"z","origin":[3.5,5.5,3.5]},"faces":{"north":{"uv":[8,8,7.75,8.25],"texture":"#0"},"east":{"uv":[0.25,8.25,0,8.5],"texture":"#0"},"south":{"uv":[8.25,8,8,8.25],"texture":"#0"},"west":{"uv":[8.25,7.75,8,8],"texture":"#0"},"up":{"uv":[8.25,0.25,8.5,0],"texture":"#0"},"down":{"uv":[0.25,8.25,0.5,8.5],"texture":"#0"}}},{"from":[4.5,5.25,8.75],"to":[5.1875,7.25,11.75],"rotation":{"angle":-22.5,"axis":"z","origin":[5.625,6.5,10.25]},"faces":{"north":{"uv":[7.25,7.25,7,7.75],"texture":"#0"},"east":{"uv":[6.5,2.5,5.75,3],"texture":"#0"},"south":{"uv":[7.5,7.25,7.25,7.75],"texture":"#0"},"west":{"uv":[2.75,5.75,2,6.25],"texture":"#0"},"up":{"uv":[2,7.5,2.25,6.75],"texture":"#0"},"down":{"uv":[2.25,6.75,2.5,7.5],"texture":"#0"}}},{"from":[4.4375,4.75,9.25],"to":[5.25,7.75,11.25],"rotation":{"angle":-22.5,"axis":"z","origin":[5.625,6.5,10.25]},"faces":{"north":{"uv":[7,2.25,6.75,3],"texture":"#0"},"east":{"uv":[6.5,4.75,6,5.5],"texture":"#0"},"south":{"uv":[3,6.75,2.75,7.5],"texture":"#0"},"west":{"uv":[5.25,6,4.75,6.75],"texture":"#0"},"up":{"uv":[0.5,8,0.75,7.5],"texture":"#0"},"down":{"uv":[1,7.5,1.25,8],"texture":"#0"}}},{"from":[1.75,0.25,0],"to":[4.25,3.75,1],"rotation":{"angle":0,"axis":"y","origin":[16,0,0]},"faces":{"north":{"uv":[2.25,2,1.5,3],"texture":"#0"},"east":{"uv":[0.75,6.5,0.5,7.5],"texture":"#0"},"south":{"uv":[3,2,2.25,3],"texture":"#0"},"west":{"uv":[2.75,6.25,2.5,7.25],"texture":"#0"},"up":{"uv":[6.75,5,7.5,4.75],"texture":"#0"},"down":{"uv":[6.75,5,7.5,5.25],"texture":"#0"}}},{"from":[1.75,0.25,7],"to":[4.25,3.5,8],"rotation":{"angle":0,"axis":"y","origin":[16,0,0]},"faces":{"north":{"uv":[1.25,5,0.5,5.75],"texture":"#0"},"east":{"uv":[5.25,6.75,5,7.5],"texture":"#0"},"south":{"uv":[5.75,1,5,1.75],"texture":"#0"},"west":{"uv":[5,6.75,4.75,7.5],"texture":"#0"},"up":{"uv":[6.75,5.5,7.5,5.25],"texture":"#0"},"down":{"uv":[5.5,6.75,6.25,7],"texture":"#0"}}},{"from":[2,3.4375,7.0625],"to":[2.25,4.75,7.9375],"rotation":{"angle":-22.5,"axis":"z","origin":[1.875,4.15625,7.5]},"faces":{"north":{"uv":[8.5,0.25,8.25,0.5],"texture":"#0"},"east":{"uv":[1,8.25,0.75,8.5],"texture":"#0"},"south":{"uv":[8.5,0.5,8.25,0.75],"texture":"#0"},"west":{"uv":[0.75,8.25,0.5,8.5],"texture":"#0"},"up":{"uv":[8.25,1,8.5,0.75],"texture":"#0"},"down":{"uv":[1,8.25,1.25,8.5],"texture":"#0"}}},{"from":[4.5,7.375,7.0625],"to":[4.75,8.5625,7.9375],"rotation":{"angle":22.5,"axis":"z","origin":[14.125,4.15625,7.5]},"faces":{"north":{"uv":[8.5,1,8.25,1.25],"texture":"#0"},"east":{"uv":[1.75,8.25,1.5,8.5],"texture":"#0"},"south":{"uv":[8.5,1.25,8.25,1.5],"texture":"#0"},"west":{"uv":[1.5,8.25,1.25,8.5],"texture":"#0"},"up":{"uv":[8.25,1.75,8.5,1.5],"texture":"#0"},"down":{"uv":[1.75,8.25,2,8.5],"texture":"#0"}}},{"from":[2.22523,4.52943,7],"to":[3.78773,4.77943,8],"rotation":{"angle":0,"axis":"y","origin":[3.50648,4.96693,7.5]},"faces":{"north":{"uv":[7.75,4.5,7.25,4.75],"texture":"#0"},"east":{"uv":[2.25,8.25,2,8.5],"texture":"#0"},"south":{"uv":[1.75,7.5,1.25,7.75],"texture":"#0"},"west":{"uv":[8.5,1.75,8.25,2],"texture":"#0"},"up":{"uv":[7.5,1.75,8,1.5],"texture":"#0"},"down":{"uv":[1.75,7.5,2.25,7.75],"texture":"#0"}}},{"from":[2.22523,4.52943,11],"to":[3.78773,4.77943,12],"rotation":{"angle":0,"axis":"y","origin":[3.50648,4.96693,11.5]},"faces":{"north":{"uv":[8,1.75,7.5,2],"texture":"#0"},"east":{"uv":[2.5,8.25,2.25,8.5],"texture":"#0"},"south":{"uv":[8,2,7.5,2.25],"texture":"#0"},"west":{"uv":[8.5,2,8.25,2.25],"texture":"#0"},"up":{"uv":[2.75,7.75,3.25,7.5],"texture":"#0"},"down":{"uv":[7.5,2.75,8,3],"texture":"#0"}}},{"from":[4.5,7.375,11.0625],"to":[4.75,8.5625,11.9375],"rotation":{"angle":22.5,"axis":"z","origin":[14.125,4.15625,11.5]},"faces":{"north":{"uv":[8.5,2.25,8.25,2.5],"texture":"#0"},"east":{"uv":[3,8.25,2.75,8.5],"texture":"#0"},"south":{"uv":[8.5,2.5,8.25,2.75],"texture":"#0"},"west":{"uv":[2.75,8.25,2.5,8.5],"texture":"#0"},"up":{"uv":[8.25,3,8.5,2.75],"texture":"#0"},"down":{"uv":[3,8.25,3.25,8.5],"texture":"#0"}}},{"from":[2,3.5,11.0625],"to":[2.25,4.75,11.9375],"rotation":{"angle":-22.5,"axis":"z","origin":[1.875,4.15625,11.5]},"faces":{"north":{"uv":[8.5,3,8.25,3.25],"texture":"#0"},"east":{"uv":[3.75,8.25,3.5,8.5],"texture":"#0"},"south":{"uv":[8.5,3.25,8.25,3.5],"texture":"#0"},"west":{"uv":[3.5,8.25,3.25,8.5],"texture":"#0"},"up":{"uv":[8.25,3.75,8.5,3.5],"texture":"#0"},"down":{"uv":[3.75,8.25,4,8.5],"texture":"#0"}}},{"from":[1.75,0.25,11],"to":[4.25,3.5,12],"rotation":{"angle":0,"axis":"y","origin":[16,0,4]},"faces":{"north":{"uv":[5.75,1.75,5,2.5],"texture":"#0"},"east":{"uv":[7,6.25,6.75,7],"texture":"#0"},"south":{"uv":[5.75,2.5,5,3.25],"texture":"#0"},"west":{"uv":[6.5,6.75,6.25,7.5],"texture":"#0"},"up":{"uv":[7,1.25,7.75,1],"texture":"#0"},"down":{"uv":[7,1.25,7.75,1.5],"texture":"#0"}}},{"from":[2.75,3.86742,0.75422],"to":[4,4.11742,1.00422],"rotation":{"angle":22.5,"axis":"y","origin":[3,4.36742,0.56672]},"faces":{"north":{"uv":[8.5,3.75,8.25,4],"texture":"#0"},"east":{"uv":[4.5,8.25,4.25,8.5],"texture":"#0"},"south":{"uv":[8.5,4,8.25,4.25],"texture":"#0"},"west":{"uv":[4.25,8.25,4,8.5],"texture":"#0"},"up":{"uv":[8.25,4.5,8.5,4.25],"texture":"#0"},"down":{"uv":[4.5,8.25,4.75,8.5],"texture":"#0"}}},{"from":[3.9375,3.99294,0.62631],"to":[4.1875,4.24294,1.87631],"rotation":{"angle":0,"axis":"y","origin":[4.5,3.86794,1.12631]},"faces":{"north":{"uv":[8.5,4.5,8.25,4.75],"texture":"#0"},"east":{"uv":[5.25,8.25,5,8.5],"texture":"#0"},"south":{"uv":[8.5,4.75,8.25,5],"texture":"#0"},"west":{"uv":[5,8.25,4.75,8.5],"texture":"#0"},"up":{"uv":[8.25,5.25,8.5,5],"texture":"#0"},"down":{"uv":[5.25,8.25,5.5,8.5],"texture":"#0"}}},{"from":[3.9948,4.25,2.13915],"to":[4.2448,4.5,3.38915],"rotation":{"angle":-22.5,"axis":"x","origin":[4.3698,3.5,2.38915]},"faces":{"north":{"uv":[8.5,5.25,8.25,5.5],"texture":"#0"},"east":{"uv":[6,8.25,5.75,8.5],"texture":"#0"},"south":{"uv":[8.5,5.5,8.25,5.75],"texture":"#0"},"west":{"uv":[5.75,8.25,5.5,8.5],"texture":"#0"},"up":{"uv":[8.25,6,8.5,5.75],"texture":"#0"},"down":{"uv":[6,8.25,6.25,8.5],"texture":"#0"}}},{"from":[4.21753,5.8125,6.54477],"to":[4.46753,6.0625,7.79477],"rotation":{"angle":-45,"axis":"x","origin":[5.21753,5,6.23227]},"faces":{"north":{"uv":[8.5,6,8.25,6.25],"texture":"#0"},"east":{"uv":[6.75,8.25,6.5,8.5],"texture":"#0"},"south":{"uv":[8.5,6.25,8.25,6.5],"texture":"#0"},"west":{"uv":[6.5,8.25,6.25,8.5],"texture":"#0"},"up":{"uv":[8.25,6.75,8.5,6.5],"texture":"#0"},"down":{"uv":[6.75,8.25,7,8.5],"texture":"#0"}}},{"from":[4.96753,6.70267,8.5777],"to":[6.59253,6.95267,8.8277],"rotation":{"angle":-22.5,"axis":"y","origin":[6.59253,5.26517,8.2652]},"faces":{"north":{"uv":[3.75,7.5,3.25,7.75],"texture":"#0"},"east":{"uv":[7.25,8.25,7,8.5],"texture":"#0"},"south":{"uv":[8,3.25,7.5,3.5],"texture":"#0"},"west":{"uv":[8.5,6.75,8.25,7],"texture":"#0"},"up":{"uv":[7.5,4.25,8,4],"texture":"#0"},"down":{"uv":[4.75,7.5,5.25,7.75],"texture":"#0"}}},{"from":[5.37309,6.75,8.90126],"to":[5.62309,7,10.65126],"rotation":{"angle":45,"axis":"y","origin":[5.56059,5.75,7.71376]},"faces":{"north":{"uv":[8.5,7,8.25,7.25],"texture":"#0"},"east":{"uv":[8,5,7.5,5.25],"texture":"#0"},"south":{"uv":[7.5,8.25,7.25,8.5],"texture":"#0"},"west":{"uv":[8,4.75,7.5,5],"texture":"#0"},"up":{"uv":[2.25,8,2.5,7.5],"texture":"#0"},"down":{"uv":[3.75,7.5,4,8],"texture":"#0"}}},{"from":[4.58452,6.64017,6.72134],"to":[4.83452,6.89017,8.34634],"rotation":{"angle":22.5,"axis":"y","origin":[4.39702,6.76517,7.53384]},"faces":{"north":{"uv":[8.5,7.25,8.25,7.5],"texture":"#0"},"east":{"uv":[8,5.25,7.5,5.5],"texture":"#0"},"south":{"uv":[7.75,8.25,7.5,8.5],"texture":"#0"},"west":{"uv":[5.75,7.5,5.25,7.75],"texture":"#0"},"up":{"uv":[7.5,6,7.75,5.5],"texture":"#0"},"down":{"uv":[5.75,7.5,6,8],"texture":"#0"}}},{"from":[4.21925,5.51517,4.18211],"to":[4.46925,5.76517,5.80711],"rotation":{"angle":-22.5,"axis":"x","origin":[4.03175,5.89017,5.18211]},"faces":{"north":{"uv":[8.5,7.5,8.25,7.75],"texture":"#0"},"east":{"uv":[8,6,7.5,6.25],"texture":"#0"},"south":{"uv":[8,8.25,7.75,8.5],"texture":"#0"},"west":{"uv":[6.5,7.5,6,7.75],"texture":"#0"},"up":{"uv":[7.5,6.75,7.75,6.25],"texture":"#0"},"down":{"uv":[6.5,7.5,6.75,8],"texture":"#0"}}},{"from":[3.78175,5.13458,3.7568],"to":[4.03175,5.38458,4.3818],"rotation":{"angle":22.5,"axis":"y","origin":[4.34425,4.82208,3.2568]},"faces":{"north":{"uv":[8.5,7.75,8.25,8],"texture":"#0"},"east":{"uv":[8.5,8.25,8.25,8.5],"texture":"#0"},"south":{"uv":[8.5,8,8.25,8.25],"texture":"#0"},"west":{"uv":[8.25,8.25,8,8.5],"texture":"#0"},"up":{"uv":[0,8.75,0.25,8.5],"texture":"#0"},"down":{"uv":[8.5,0,8.75,0.25],"texture":"#0"}}},{"from":[4.00098,5.13458,2.79987],"to":[4.25098,5.38458,3.92487],"rotation":{"angle":-22.5,"axis":"x","origin":[4.25098,5.25958,4.17487]},"faces":{"north":{"uv":[0.5,8.5,0.25,8.75],"texture":"#0"},"east":{"uv":[8.75,0.5,8.5,0.75],"texture":"#0"},"south":{"uv":[0.75,8.5,0.5,8.75],"texture":"#0"},"west":{"uv":[8.75,0.25,8.5,0.5],"texture":"#0"},"up":{"uv":[0.75,8.75,1,8.5],"texture":"#0"},"down":{"uv":[8.5,0.75,8.75,1],"texture":"#0"}}},{"from":[7,5.23947,8.19813],"to":[9,7.23947,8.44813],"rotation":{"angle":0,"axis":"y","origin":[9.25,3.48302,7.0726]},"faces":{"north":{"uv":[6.5,1,7,1.5],"texture":"#0"},"east":{"uv":[6.75,7.5,7,8],"texture":"#0"},"south":{"uv":[1.5,6.5,2,7],"texture":"#0"},"west":{"uv":[7.5,6.75,7.75,7.25],"texture":"#0"},"up":{"uv":[8,7.5,7.5,7.25],"texture":"#0"},"down":{"uv":[8,7.5,7.5,7.75],"texture":"#0"}}},{"from":[7.75,5.75,8.375],"to":[8.25,6.5,9.875],"faces":{"north":{"uv":[1,8.5,1.25,8.75],"texture":"#0"},"east":{"uv":[0,7.75,0.5,8],"texture":"#0"},"south":{"uv":[8.5,1,8.75,1.25],"texture":"#0"},"west":{"uv":[7.75,0,8.25,0.25],"texture":"#0"},"up":{"uv":[8,0.75,7.75,0.25],"texture":"#0"},"down":{"uv":[1,7.75,0.75,8.25],"texture":"#0"}}},{"from":[5,6,9.75],"to":[11,7,10.75],"rotation":{"angle":0,"axis":"y","origin":[0,0,0.75]},"faces":{"north":{"uv":[5.75,3,7.25,3.25],"texture":"#0"},"east":{"uv":[1.25,8.5,1.5,8.75],"texture":"#0"},"south":{"uv":[6,5.5,7.5,5.75],"texture":"#0"},"west":{"uv":[8.5,1.25,8.75,1.5],"texture":"#0"},"up":{"uv":[7.5,6,6,5.75],"texture":"#0"},"down":{"uv":[7.5,6,6,6.25],"texture":"#0"}}},{"from":[4,2.25,9.6875],"to":[12,2.5,10.5625],"rotation":{"angle":0,"axis":"y","origin":[0,0,0.75]},"faces":{"north":{"uv":[5,3.25,7,3.5],"texture":"#0"},"east":{"uv":[1.5,8.5,1.75,8.75],"texture":"#0"},"south":{"uv":[5,3.5,7,3.75],"texture":"#0"},"west":{"uv":[8.5,1.5,8.75,1.75],"texture":"#0"},"up":{"uv":[7,4,5,3.75],"texture":"#0"},"down":{"uv":[7,4,5,4.25],"texture":"#0"}}},{"from":[7.3125,7,9.6875],"to":[8.6875,7.8125,10.8125],"faces":{"north":{"uv":[1.75,8.5,2,8.75],"texture":"#0"},"east":{"uv":[8.5,1.75,8.75,2],"texture":"#0"},"south":{"uv":[2,8.5,2.25,8.75],"texture":"#0"},"west":{"uv":[8.5,2,8.75,2.25],"texture":"#0"},"up":{"uv":[2.5,8.75,2.25,8.5],"texture":"#0"},"down":{"uv":[8.75,2.25,8.5,2.5],"texture":"#0"}}},{"from":[7.4375,7,9.5625],"to":[8.5625,7.875,10.9375],"faces":{"north":{"uv":[2.5,8.5,2.75,8.75],"texture":"#0"},"east":{"uv":[8.5,2.5,8.75,2.75],"texture":"#0"},"south":{"uv":[2.75,8.5,3,8.75],"texture":"#0"},"west":{"uv":[8.5,2.75,8.75,3],"texture":"#0"},"up":{"uv":[3.25,8.75,3,8.5],"texture":"#0"},"down":{"uv":[8.75,3,8.5,3.25],"texture":"#0"}}},{"from":[2.40625,8.8625,-0.75],"to":[2.59375,22,-0.5625],"rotation":{"angle":-45,"axis":"x","origin":[13.96875,9.5,-0.5]},"faces":{"north":{"uv":[1.5,3,1.75,5.75],"texture":"#0"},"east":{"uv":[1.75,3,2,5.75],"texture":"#0"},"south":{"uv":[2,3,2.25,5.75],"texture":"#0"},"west":{"uv":[3,2,3.25,4.75],"texture":"#0"},"up":{"uv":[8,7.25,7.75,7],"texture":"#0"},"down":{"uv":[7.5,7.75,7.25,8],"texture":"#0"}}},{"from":[2.30625,8.5,-1.6],"to":[2.69375,9.25,-0.4625],"rotation":{"angle":-45,"axis":"x","origin":[13.96875,9.5,-0.5]},"faces":{"north":{"uv":[0.5,10.25,1,11.25],"texture":"#0"},"east":{"uv":[0,9,1.5,10],"texture":"#0"},"south":{"uv":[0,10.25,0.5,11.25],"texture":"#0"},"west":{"uv":[1.5,9,0,10],"texture":"#0"},"up":{"uv":[2,11.25,1.5,9.75],"texture":"#0"},"down":{"uv":[2.5,9.75,2,11.25],"texture":"#0"}}},{"from":[2.40625,8.15,-0.85],"to":[2.59375,8.5,-0.4625],"rotation":{"angle":-45,"axis":"x","origin":[13.96875,9.5,-0.5]},"faces":{"north":{"uv":[0.5,10.25,1,11.25],"texture":"#0"},"east":{"uv":[0,9,0.5,10],"texture":"#0"},"south":{"uv":[0,10.25,0.5,11.25],"texture":"#0"},"west":{"uv":[0.5,9,0,10],"texture":"#0"},"up":{"uv":[2,11.25,1.5,9.75],"texture":"#0"},"down":{"uv":[2.5,9.75,2,10.25],"texture":"#0"}}},{"from":[2.40625,8.15,-1.6],"to":[2.59375,8.5,-1.2125],"rotation":{"angle":-45,"axis":"x","origin":[13.96875,9.5,-0.5]},"faces":{"north":{"uv":[0.5,10.25,1,11.25],"texture":"#0"},"east":{"uv":[1,9,1.5,10],"texture":"#0"},"south":{"uv":[0,10.25,0.5,11.25],"texture":"#0"},"west":{"uv":[1.5,9,1,10],"texture":"#0"},"up":{"uv":[2,11.25,1.5,9.75],"texture":"#0"},"down":{"uv":[2.5,10.75,2,11.25],"texture":"#0"}}},{"from":[2.40625,8.95,-0.9375],"to":[2.59375,22.125,-0.75],"rotation":{"angle":-45,"axis":"x","origin":[13.96875,9.5,-0.5]},"faces":{"north":{"uv":[2.25,3,2.5,5.75],"texture":"#0"},"east":{"uv":[2.5,3,2.75,5.75],"texture":"#0"},"south":{"uv":[2.75,3,3,5.75],"texture":"#0"},"west":{"uv":[3.25,2,3.5,4.75],"texture":"#0"},"up":{"uv":[7.75,8,7.5,7.75],"texture":"#0"},"down":{"uv":[8,7.75,7.75,8],"texture":"#0"}}},{"from":[2.40625,9.05,-1.125],"to":[2.59375,22.25,-0.9375],"rotation":{"angle":-45,"axis":"x","origin":[13.96875,9.5,-0.5]},"faces":{"north":{"uv":[3.5,2,3.75,4.75],"texture":"#0"},"east":{"uv":[3.75,2,4,4.75],"texture":"#0"},"south":{"uv":[4,0,4.25,2.75],"texture":"#0"},"west":{"uv":[4,2.75,4.25,5.5],"texture":"#0"},"up":{"uv":[0.25,8.25,0,8],"texture":"#0"},"down":{"uv":[0.5,8,0.25,8.25],"texture":"#0"}}},{"from":[2.45813,9.15,-1.3125],"to":[2.54563,22.375,-1.125],"rotation":{"angle":-45,"axis":"x","origin":[14.47688,9.5,-0.5]},"faces":{"north":{"uv":[4.25,0,4.5,2.75],"texture":"#0"},"east":{"uv":[4.25,2.75,4.5,5.5],"texture":"#0"},"south":{"uv":[4.5,0,4.75,2.75],"texture":"#0"},"west":{"uv":[4.5,2.75,4.75,5.5],"texture":"#0"},"up":{"uv":[8.25,0.5,8,0.25],"texture":"#0"},"down":{"uv":[0.75,8,0.5,8.25],"texture":"#0"}}},{"from":[2.49813,9.25,-1.5],"to":[2.49813,22.5,-1.3125],"rotation":{"angle":-45,"axis":"x","origin":[13.95813,9.5,-0.5]},"faces":{"north":{"uv":[4.75,0,5,2.75],"texture":"#0"},"east":{"uv":[4.75,2.75,5,5.5],"texture":"#0"},"south":{"uv":[3,4.75,3.25,7.5],"texture":"#0"},"west":{"uv":[3.25,4.75,3.5,7.5],"texture":"#0"},"up":{"uv":[8.25,0.75,8,0.5],"texture":"#0"},"down":{"uv":[8.25,0.75,8,1],"texture":"#0"}}},{"from":[3.25626,2.16995,-2.65566],"to":[3.44376,2.35745,10.48184],"rotation":{"angle":0,"axis":"y","origin":[8.00001,3.02776,10.7209]},"faces":{"north":{"uv":[7.5,7.75,7.25,8],"texture":"#0"},"east":{"uv":[3,2,3.25,4.75],"rotation":270,"texture":"#0"},"south":{"uv":[8,7.25,7.75,7],"rotation":180,"texture":"#0"},"west":{"uv":[1.75,3,2,5.75],"rotation":90,"texture":"#0"},"up":{"uv":[2,3,2.25,5.75],"rotation":180,"texture":"#0"},"down":{"uv":[1.5,3,1.75,5.75],"texture":"#0"}}},{"from":[3.15626,1.31995,-3.01816],"to":[3.54376,2.45745,-2.26816],"rotation":{"angle":0,"axis":"y","origin":[8.00001,3.02776,10.7209]},"faces":{"north":{"uv":[2.5,9.75,2,11.25],"texture":"#0"},"east":{"uv":[1.5,9,0,10],"rotation":270,"texture":"#0"},"south":{"uv":[2,11.25,1.5,9.75],"rotation":180,"texture":"#0"},"west":{"uv":[0,9,1.5,10],"rotation":90,"texture":"#0"},"up":{"uv":[0,10.25,0.5,11.25],"rotation":180,"texture":"#0"},"down":{"uv":[0.5,10.25,1,11.25],"texture":"#0"}}},{"from":[3.25626,2.06995,-3.36816],"to":[3.44376,2.45745,-3.01816],"rotation":{"angle":0,"axis":"y","origin":[8.00001,3.02776,10.7209]},"faces":{"north":{"uv":[2.5,9.75,2,10.25],"texture":"#0"},"east":{"uv":[0.5,9,0,10],"rotation":270,"texture":"#0"},"south":{"uv":[2,11.25,1.5,9.75],"rotation":180,"texture":"#0"},"west":{"uv":[0,9,0.5,10],"rotation":90,"texture":"#0"},"up":{"uv":[0,10.25,0.5,11.25],"rotation":180,"texture":"#0"},"down":{"uv":[0.5,10.25,1,11.25],"texture":"#0"}}},{"from":[3.25626,1.31995,-3.36816],"to":[3.44376,1.70745,-3.01816],"rotation":{"angle":0,"axis":"y","origin":[8.00001,3.02776,10.7209]},"faces":{"north":{"uv":[2.5,10.75,2,11.25],"texture":"#0"},"east":{"uv":[1.5,9,1,10],"rotation":270,"texture":"#0"},"south":{"uv":[2,11.25,1.5,9.75],"rotation":180,"texture":"#0"},"west":{"uv":[1,9,1.5,10],"rotation":90,"texture":"#0"},"up":{"uv":[0,10.25,0.5,11.25],"rotation":180,"texture":"#0"},"down":{"uv":[0.5,10.25,1,11.25],"texture":"#0"}}},{"from":[3.25626,1.98245,-2.56816],"to":[3.44376,2.16995,10.60684],"rotation":{"angle":0,"axis":"y","origin":[8.00001,3.02776,10.7209]},"faces":{"north":{"uv":[8,7.75,7.75,8],"texture":"#0"},"east":{"uv":[3.25,2,3.5,4.75],"rotation":270,"texture":"#0"},"south":{"uv":[7.75,8,7.5,7.75],"rotation":180,"texture":"#0"},"west":{"uv":[2.5,3,2.75,5.75],"rotation":90,"texture":"#0"},"up":{"uv":[2.75,3,3,5.75],"rotation":180,"texture":"#0"},"down":{"uv":[2.25,3,2.5,5.75],"texture":"#0"}}},{"from":[3.25626,1.79495,-2.46816],"to":[3.44376,1.98245,10.73184],"rotation":{"angle":0,"axis":"y","origin":[8.00001,3.02776,10.7209]},"faces":{"north":{"uv":[0.5,8,0.25,8.25],"texture":"#0"},"east":{"uv":[4,2.75,4.25,5.5],"rotation":270,"texture":"#0"},"south":{"uv":[0.25,8.25,0,8],"rotation":180,"texture":"#0"},"west":{"uv":[3.75,2,4,4.75],"rotation":90,"texture":"#0"},"up":{"uv":[4,0,4.25,2.75],"rotation":180,"texture":"#0"},"down":{"uv":[3.5,2,3.75,4.75],"texture":"#0"}}},{"from":[3.30438,1.60745,-2.36816],"to":[3.39188,1.79495,10.85684],"rotation":{"angle":0,"axis":"y","origin":[8.00001,3.02776,10.7209]},"faces":{"north":{"uv":[0.75,8,0.5,8.25],"texture":"#0"},"east":{"uv":[4.5,2.75,4.75,5.5],"rotation":270,"texture":"#0"},"south":{"uv":[8.25,0.5,8,0.25],"rotation":180,"texture":"#0"},"west":{"uv":[4.25,2.75,4.5,5.5],"rotation":90,"texture":"#0"},"up":{"uv":[4.5,0,4.75,2.75],"rotation":180,"texture":"#0"},"down":{"uv":[4.25,0,4.5,2.75],"texture":"#0"}}},{"from":[3.35188,1.41995,-2.26816],"to":[3.35188,1.60745,10.98184],"rotation":{"angle":0,"axis":"y","origin":[8.00001,3.02776,10.7209]},"faces":{"north":{"uv":[8.25,0.75,8,1],"texture":"#0"},"east":{"uv":[3.25,4.75,3.5,7.5],"rotation":270,"texture":"#0"},"south":{"uv":[8.25,0.75,8,0.5],"rotation":180,"texture":"#0"},"west":{"uv":[4.75,2.75,5,5.5],"rotation":90,"texture":"#0"},"up":{"uv":[3,4.75,3.25,7.5],"rotation":180,"texture":"#0"},"down":{"uv":[4.75,0,5,2.75],"texture":"#0"}}},{"from":[12.55624,2.16995,-2.65566],"to":[12.74374,2.35745,10.48184],"rotation":{"angle":0,"axis":"y","origin":[8,3.02776,10.7209]},"faces":{"north":{"uv":[7.25,7.75,7.5,8],"texture":"#0"},"east":{"uv":[1.75,5.75,2,3],"rotation":90,"texture":"#0"},"south":{"uv":[7.75,7.25,8,7],"rotation":180,"texture":"#0"},"west":{"uv":[3,4.75,3.25,2],"rotation":270,"texture":"#0"},"up":{"uv":[2.25,3,2,5.75],"rotation":180,"texture":"#0"},"down":{"uv":[1.75,3,1.5,5.75],"texture":"#0"}}},{"from":[12.45624,1.31995,-3.01816],"to":[12.84374,2.45745,-2.26816],"rotation":{"angle":0,"axis":"y","origin":[8,3.02776,10.7209]},"faces":{"north":{"uv":[2,9.75,2.5,11.25],"texture":"#0"},"east":{"uv":[0,10,1.5,9],"rotation":90,"texture":"#0"},"south":{"uv":[1.5,11.25,2,9.75],"rotation":180,"texture":"#0"},"west":{"uv":[1.5,10,0,9],"rotation":270,"texture":"#0"},"up":{"uv":[0.5,10.25,0,11.25],"rotation":180,"texture":"#0"},"down":{"uv":[1,10.25,0.5,11.25],"texture":"#0"}}},{"from":[12.55624,2.06995,-3.36816],"to":[12.74374,2.45745,-3.01816],"rotation":{"angle":0,"axis":"y","origin":[8,3.02776,10.7209]},"faces":{"north":{"uv":[2,9.75,2.5,10.25],"texture":"#0"},"east":{"uv":[0,10,0.5,9],"rotation":90,"texture":"#0"},"south":{"uv":[1.5,11.25,2,9.75],"rotation":180,"texture":"#0"},"west":{"uv":[0.5,10,0,9],"rotation":270,"texture":"#0"},"up":{"uv":[0.5,10.25,0,11.25],"rotation":180,"texture":"#0"},"down":{"uv":[1,10.25,0.5,11.25],"texture":"#0"}}},{"from":[12.55624,1.31995,-3.36816],"to":[12.74374,1.70745,-3.01816],"rotation":{"angle":0,"axis":"y","origin":[8,3.02776,10.7209]},"faces":{"north":{"uv":[2,10.75,2.5,11.25],"texture":"#0"},"east":{"uv":[1,10,1.5,9],"rotation":90,"texture":"#0"},"south":{"uv":[1.5,11.25,2,9.75],"rotation":180,"texture":"#0"},"west":{"uv":[1.5,10,1,9],"rotation":270,"texture":"#0"},"up":{"uv":[0.5,10.25,0,11.25],"rotation":180,"texture":"#0"},"down":{"uv":[1,10.25,0.5,11.25],"texture":"#0"}}},{"from":[12.55624,1.98245,-2.56816],"to":[12.74374,2.16995,10.60684],"rotation":{"angle":0,"axis":"y","origin":[8,3.02776,10.7209]},"faces":{"north":{"uv":[7.75,7.75,8,8],"texture":"#0"},"east":{"uv":[2.5,5.75,2.75,3],"rotation":90,"texture":"#0"},"south":{"uv":[7.5,8,7.75,7.75],"rotation":180,"texture":"#0"},"west":{"uv":[3.25,4.75,3.5,2],"rotation":270,"texture":"#0"},"up":{"uv":[3,3,2.75,5.75],"rotation":180,"texture":"#0"},"down":{"uv":[2.5,3,2.25,5.75],"texture":"#0"}}},{"from":[12.55624,1.79495,-2.46816],"to":[12.74374,1.98245,10.73184],"rotation":{"angle":0,"axis":"y","origin":[8,3.02776,10.7209]},"faces":{"north":{"uv":[0.25,8,0.5,8.25],"texture":"#0"},"east":{"uv":[3.75,4.75,4,2],"rotation":90,"texture":"#0"},"south":{"uv":[0,8.25,0.25,8],"rotation":180,"texture":"#0"},"west":{"uv":[4,5.5,4.25,2.75],"rotation":270,"texture":"#0"},"up":{"uv":[4.25,0,4,2.75],"rotation":180,"texture":"#0"},"down":{"uv":[3.75,2,3.5,4.75],"texture":"#0"}}},{"from":[12.60812,1.60745,-2.36816],"to":[12.69562,1.79495,10.85684],"rotation":{"angle":0,"axis":"y","origin":[8,3.02776,10.7209]},"faces":{"north":{"uv":[0.5,8,0.75,8.25],"texture":"#0"},"east":{"uv":[4.25,5.5,4.5,2.75],"rotation":90,"texture":"#0"},"south":{"uv":[8,0.5,8.25,0.25],"rotation":180,"texture":"#0"},"west":{"uv":[4.5,5.5,4.75,2.75],"rotation":270,"texture":"#0"},"up":{"uv":[4.75,0,4.5,2.75],"rotation":180,"texture":"#0"},"down":{"uv":[4.5,0,4.25,2.75],"texture":"#0"}}},{"from":[12.64812,1.41995,-2.26816],"to":[12.64812,1.60745,10.98184],"rotation":{"angle":0,"axis":"y","origin":[8,3.02776,10.7209]},"faces":{"north":{"uv":[8,0.75,8.25,1],"texture":"#0"},"east":{"uv":[4.75,5.5,5,2.75],"rotation":90,"texture":"#0"},"south":{"uv":[8,0.75,8.25,0.5],"rotation":180,"texture":"#0"},"west":{"uv":[3.25,7.5,3.5,4.75],"rotation":270,"texture":"#0"},"up":{"uv":[3.25,4.75,3,7.5],"rotation":180,"texture":"#0"},"down":{"uv":[5,0,4.75,2.75],"texture":"#0"}}},{"from":[2.50626,2.16995,-2.65566],"to":[2.69376,2.35745,10.48184],"rotation":{"angle":0,"axis":"y","origin":[8.00001,3.02776,10.7209]},"faces":{"north":{"uv":[7.5,7.75,7.25,8],"texture":"#0"},"east":{"uv":[3,2,3.25,4.75],"rotation":270,"texture":"#0"},"south":{"uv":[8,7.25,7.75,7],"rotation":180,"texture":"#0"},"west":{"uv":[1.75,3,2,5.75],"rotation":90,"texture":"#0"},"up":{"uv":[2,3,2.25,5.75],"rotation":180,"texture":"#0"},"down":{"uv":[1.5,3,1.75,5.75],"texture":"#0"}}},{"from":[2.40626,1.31995,-3.01816],"to":[2.79376,2.45745,-2.26816],"rotation":{"angle":0,"axis":"y","origin":[8.00001,3.02776,10.7209]},"faces":{"north":{"uv":[2.5,9.75,2,11.25],"texture":"#0"},"east":{"uv":[1.5,9,0,10],"rotation":270,"texture":"#0"},"south":{"uv":[2,11.25,1.5,9.75],"rotation":180,"texture":"#0"},"west":{"uv":[0,9,1.5,10],"rotation":90,"texture":"#0"},"up":{"uv":[0,10.25,0.5,11.25],"rotation":180,"texture":"#0"},"down":{"uv":[0.5,10.25,1,11.25],"texture":"#0"}}},{"from":[2.50626,2.06995,-3.36816],"to":[2.69376,2.45745,-3.01816],"rotation":{"angle":0,"axis":"y","origin":[8.00001,3.02776,10.7209]},"faces":{"north":{"uv":[2.5,9.75,2,10.25],"texture":"#0"},"east":{"uv":[0.5,9,0,10],"rotation":270,"texture":"#0"},"south":{"uv":[2,11.25,1.5,9.75],"rotation":180,"texture":"#0"},"west":{"uv":[0,9,0.5,10],"rotation":90,"texture":"#0"},"up":{"uv":[0,10.25,0.5,11.25],"rotation":180,"texture":"#0"},"down":{"uv":[0.5,10.25,1,11.25],"texture":"#0"}}},{"from":[2.50626,1.31995,-3.36816],"to":[2.69376,1.70745,-3.01816],"rotation":{"angle":0,"axis":"y","origin":[8.00001,3.02776,10.7209]},"faces":{"north":{"uv":[2.5,10.75,2,11.25],"texture":"#0"},"east":{"uv":[1.5,9,1,10],"rotation":270,"texture":"#0"},"south":{"uv":[2,11.25,1.5,9.75],"rotation":180,"texture":"#0"},"west":{"uv":[1,9,1.5,10],"rotation":90,"texture":"#0"},"up":{"uv":[0,10.25,0.5,11.25],"rotation":180,"texture":"#0"},"down":{"uv":[0.5,10.25,1,11.25],"texture":"#0"}}},{"from":[2.50626,1.98245,-2.56816],"to":[2.69376,2.16995,10.60684],"rotation":{"angle":0,"axis":"y","origin":[8.00001,3.02776,10.7209]},"faces":{"north":{"uv":[8,7.75,7.75,8],"texture":"#0"},"east":{"uv":[3.25,2,3.5,4.75],"rotation":270,"texture":"#0"},"south":{"uv":[7.75,8,7.5,7.75],"rotation":180,"texture":"#0"},"west":{"uv":[2.5,3,2.75,5.75],"rotation":90,"texture":"#0"},"up":{"uv":[2.75,3,3,5.75],"rotation":180,"texture":"#0"},"down":{"uv":[2.25,3,2.5,5.75],"texture":"#0"}}},{"from":[2.50626,1.79495,-2.46816],"to":[2.69376,1.98245,10.73184],"rotation":{"angle":0,"axis":"y","origin":[8.00001,3.02776,10.7209]},"faces":{"north":{"uv":[0.5,8,0.25,8.25],"texture":"#0"},"east":{"uv":[4,2.75,4.25,5.5],"rotation":270,"texture":"#0"},"south":{"uv":[0.25,8.25,0,8],"rotation":180,"texture":"#0"},"west":{"uv":[3.75,2,4,4.75],"rotation":90,"texture":"#0"},"up":{"uv":[4,0,4.25,2.75],"rotation":180,"texture":"#0"},"down":{"uv":[3.5,2,3.75,4.75],"texture":"#0"}}},{"from":[2.55438,1.60745,-2.36816],"to":[2.64188,1.79495,10.85684],"rotation":{"angle":0,"axis":"y","origin":[8.00001,3.02776,10.7209]},"faces":{"north":{"uv":[0.75,8,0.5,8.25],"texture":"#0"},"east":{"uv":[4.5,2.75,4.75,5.5],"rotation":270,"texture":"#0"},"south":{"uv":[8.25,0.5,8,0.25],"rotation":180,"texture":"#0"},"west":{"uv":[4.25,2.75,4.5,5.5],"rotation":90,"texture":"#0"},"up":{"uv":[4.5,0,4.75,2.75],"rotation":180,"texture":"#0"},"down":{"uv":[4.25,0,4.5,2.75],"texture":"#0"}}},{"from":[2.60188,1.41995,-2.26816],"to":[2.60188,1.60745,10.98184],"rotation":{"angle":0,"axis":"y","origin":[8.00001,3.02776,10.7209]},"faces":{"north":{"uv":[8.25,0.75,8,1],"texture":"#0"},"east":{"uv":[3.25,4.75,3.5,7.5],"rotation":270,"texture":"#0"},"south":{"uv":[8.25,0.75,8,0.5],"rotation":180,"texture":"#0"},"west":{"uv":[4.75,2.75,5,5.5],"rotation":90,"texture":"#0"},"up":{"uv":[3,4.75,3.25,7.5],"rotation":180,"texture":"#0"},"down":{"uv":[4.75,0,5,2.75],"texture":"#0"}}}],"display":{"thirdperson_righthand":{"rotation":[69,0,0],"translation":[-6,-6.5,4.25]},"thirdperson_lefthand":{"rotation":[69,0,0],"translation":[-6,-6.5,4.25]},"firstperson_righthand":{"rotation":[-1.5,0,0],"translation":[-8.9,7,9.75],"scale":[1.15,1,1]},"firstperson_lefthand":{"rotation":[-1.5,0,0],"translation":[-8.9,7,9.75],"scale":[1.15,1,1]},"ground":{"translation":[0,5.5,2.5]},"gui":{"rotation":[28.55,-19.55,3.68],"translation":[-1.25,1.5,0],"scale":[0.9,0.9,0.9]},"fixed":{"rotation":[-90,0,0],"translation":[0.5,5.75,-33.5],"scale":[4,4,4]}},"groups":[{"name":"group","origin":[8,8,8],"color":0,"children":[{"name":"group","origin":[0,0,0],"color":0,"children":[{"name":"group","origin":[0,0,0],"color":0,"children":[0,1,2,3,4]},{"name":"group","origin":[0,0,0],"color":0,"children":[5,6,7,8,9,10]}]},{"name":"group","origin":[8,8,8],"color":0,"children":[{"name":"group","origin":[0,0,0],"color":0,"children":[{"name":"group","origin":[0,0,0],"color":0,"children":[11,12,13,14,15,16]},{"name":"group","origin":[9.25,3.48302,7.0726],"color":0,"children":[17,18,19,20]},21,22,{"name":"group","origin":[0,0,0],"color":0,"children":[23,24,25,26,27,28]},{"name":"group","origin":[0,0,0],"color":0,"children":[29,30,31,32,33,34,35,36,37]},{"name":"group","origin":[0,0,0],"color":0,"children":[38,39,40,41,42,43,44,45,46,47]}]},{"name":"group","origin":[0,0,0],"color":0,"children":[{"name":"group","origin":[0,0,0],"color":0,"children":[48,49,50,51,52,53]},{"name":"group","origin":[9.25,3.48302,7.0726],"color":0,"children":[54,55,56,57]},58,59,{"name":"group","origin":[0,0,0],"color":0,"children":[60,61,62,63,64,65]},{"name":"group","origin":[0,0,0],"color":0,"children":[66,67,68,69,70,71,72,73,74]},{"name":"group","origin":[0,0,0],"color":0,"children":[75,76,77,78,79,80,81,82,83,84]}]},{"name":"group","origin":[9.25,3.48302,7.0726],"color":0,"children":[85,86,87,88,89,90]}]}]},91,92,93,94,95,96,97,98,{"name":"group","origin":[8,8,8],"color":0,"children":[99,100,101,102,103,104,105,106]},{"name":"group","origin":[8,8,8],"color":0,"children":[107,108,109,110,111,112,113,114]},{"name":"group","origin":[8,8,8],"color":0,"children":[115,116,117,118,119,120,121,122]}]}