{
    "credit": "Made with Blockbench", 
    "textures": {
        "main": "custom/odmgear/ap_gun_cartridge_anim"
    }, 
    "elements": [
        {
            "name": "octagon", 
            "from": [ 7.26698, 18.1835, 6.236 ], 
            "to":   [ 8.73302, 19.6915, 9.764 ], 
            "rotation": { "angle": 0, "axis": "x", "origin": [8, 8, 8] }, 
            "faces": {
                "north": { "uv": [ 2, 0, 2.5, 1 ], "texture": "#main" }, 
                "east":  { "uv": [ 2, 0, 2.5, 1 ], "texture": "#main" }, 
                "south": { "uv": [ 2, 0, 2.5, 1 ], "texture": "#main" }, 
                "west":  { "uv": [ 2, 0, 2.5, 1 ], "texture": "#main" }, 
                "up":    { "uv": [ 0, 2, 2, 3 ], "rotation":90, "texture": "#main" }, 
                "down":  { "uv": [ 0, 2, 2, 3 ], "rotation":90, "texture": "#main" }
            }
        }, 
        {
            "name": "octagon", 
            "from": [ 6.237, 18.1845, 7.26798 ], 
            "to":   [ 9.763, 19.6905, 8.73202 ], 
            "rotation": { "angle": 0, "axis": "x", "origin": [8, 8, 8] }, 
            "faces": {
                "north": { "uv": [ 3, 0, 3.5, 1 ], "texture": "#main" }, 
                "east":  { "uv": [ 3, 0, 3.5, 1 ], "texture": "#main" }, 
                "south": { "uv": [ 3, 0, 3.5, 1 ], "texture": "#main" }, 
                "west":  { "uv": [ 3, 0, 3.5, 1 ], "texture": "#main" }, 
                "up":    { "uv": [ 0, 2, 2, 3 ], "texture": "#main" }, 
                "down":  { "uv": [ 0, 2, 2, 3 ], "texture": "#main" }
            }
        }, 
        {
            "name": "octagon", 
            "from": [ 7.59904, -1.3125, 7.032 ], 
            "to":   [ 8.40096, 19.1875, 8.968 ], 
            "rotation": { "angle": 0, "axis": "x", "origin": [8, 8, 8] }, 
            "faces": {
                "north": { "uv": [ 2, 2, 2.5, 4 ], "texture": "#main" }, 
                "east":  { "uv": [ 2, 2, 2.5, 4 ], "texture": "#main" }, 
                "south": { "uv": [ 2, 2, 2.5, 4 ], "texture": "#main" }, 
                "west":  { "uv": [ 2, 2, 2.5, 4 ], "texture": "#main" }, 
                "up":    { "uv": [ 2.5, 2.3125, 3, 2.8125 ], "texture": "#main" }, 
                "down":  { "uv": [ 2.5, 2.3125, 3, 2.8125 ], "texture": "#main" }
            }
        }, 
        {
            "name": "octagon", 
            "from": [ 7.03035, -1.3155, 7.59739 ], 
            "to":   [ 8.96965, 19.1905, 8.40261 ], 
            "rotation": { "angle": 0, "axis": "x", "origin": [8, 8, 8] }, 
            "faces": {
                "north": { "uv": [ 3, 2, 3.5, 4 ], "texture": "#main" }, 
                "east":  { "uv": [ 3, 2, 3.5, 4 ], "texture": "#main" }, 
                "south": { "uv": [ 3, 2, 3.5, 4 ], "texture": "#main" }, 
                "west":  { "uv": [ 3, 2, 3.5, 4 ], "texture": "#main" }, 
                "up":    { "uv": [ 2.5, 2.3125, 3, 2.8125 ], "texture": "#main" }, 
                "down":  { "uv": [ 2.5, 2.3125, 3, 2.8125 ], "texture": "#main" }
            }
        }, 
        {
            "name": "octagon", 
            "from": [ 7.31436, 16.6875, 6.34472 ], 
            "to":   [ 8.68564, 16.9375, 9.65528 ], 
            "rotation": { "angle": 0, "axis": "x", "origin": [8, 8, 8] }, 
            "faces": {
                "north": { "uv": [ 2, 2, 2.5, 4 ], "texture": "#main" }, 
                "east":  { "uv": [ 2, 2, 2.5, 4 ], "texture": "#main" }, 
                "south": { "uv": [ 2, 2, 2.5, 4 ], "texture": "#main" }, 
                "west":  { "uv": [ 2, 2, 2.5, 4 ], "texture": "#main" }, 
                "up":    { "uv": [ 2.5, 2.3125, 3, 2.8125 ], "texture": "#main" }, 
                "down":  { "uv": [ 2.5, 2.3125, 3, 2.8125 ], "texture": "#main" }
            }
        }, 
        {
            "name": "octagon", 
            "from": [ 6.3419, 16.6845, 7.31154 ], 
            "to":   [ 9.6581, 16.9405, 8.68846 ], 
            "rotation": { "angle": 0, "axis": "x", "origin": [8, 8, 8] }, 
            "faces": {
                "north": { "uv": [ 3, 2, 3.5, 4 ], "texture": "#main" }, 
                "east":  { "uv": [ 3, 2, 3.5, 4 ], "texture": "#main" }, 
                "south": { "uv": [ 3, 2, 3.5, 4 ], "texture": "#main" }, 
                "west":  { "uv": [ 3, 2, 3.5, 4 ], "texture": "#main" }, 
                "up":    { "uv": [ 2.5, 2.3125, 3, 2.8125 ], "texture": "#main" }, 
                "down":  { "uv": [ 2.5, 2.3125, 3, 2.8125 ], "texture": "#main" }
            }
        }, 
        {
            "name": "octagon", 
            "from": [ 7.44463, 16.6875, 6.65922 ], 
            "to":   [ 8.55537, 17.4375, 9.34078 ], 
            "rotation": { "angle": 0, "axis": "x", "origin": [8, 8, 8] }, 
            "faces": {
                "north": { "uv": [ 2, 2, 2.5, 4 ], "texture": "#main" }, 
                "east":  { "uv": [ 2, 2, 2.5, 4 ], "texture": "#main" }, 
                "south": { "uv": [ 2, 2, 2.5, 4 ], "texture": "#main" }, 
                "west":  { "uv": [ 2, 2, 2.5, 4 ], "texture": "#main" }, 
                "up":    { "uv": [ 2.5, 2.3125, 3, 2.8125 ], "texture": "#main" }, 
                "down":  { "uv": [ 2.5, 2.3125, 3, 2.8125 ], "texture": "#main" }
            }
        }, 
        {
            "name": "octagon", 
            "from": [ 6.65694, 16.6845, 7.44235 ], 
            "to":   [ 9.34306, 17.4405, 8.55765 ], 
            "rotation": { "angle": 0, "axis": "x", "origin": [8, 8, 8] }, 
            "faces": {
                "north": { "uv": [ 3, 2, 3.5, 4 ], "texture": "#main" }, 
                "east":  { "uv": [ 3, 2, 3.5, 4 ], "texture": "#main" }, 
                "south": { "uv": [ 3, 2, 3.5, 4 ], "texture": "#main" }, 
                "west":  { "uv": [ 3, 2, 3.5, 4 ], "texture": "#main" }, 
                "up":    { "uv": [ 2.5, 2.3125, 3, 2.8125 ], "texture": "#main" }, 
                "down":  { "uv": [ 2.5, 2.3125, 3, 2.8125 ], "texture": "#main" }
            }
        }, 
        {
            "name": "octagon", 
            "from": [ 7.31436, -3.0625, 6.34472 ], 
            "to":   [ 8.68564, -2.8125, 9.65528 ], 
            "rotation": { "angle": 0, "axis": "x", "origin": [8, 8, 8] }, 
            "faces": {
                "north": { "uv": [ 2, 2, 2.5, 4 ], "texture": "#main" }, 
                "east":  { "uv": [ 2, 2, 2.5, 4 ], "texture": "#main" }, 
                "south": { "uv": [ 2, 2, 2.5, 4 ], "texture": "#main" }, 
                "west":  { "uv": [ 2, 2, 2.5, 4 ], "texture": "#main" }, 
                "up":    { "uv": [ 2.5, 2.3125, 3, 2.8125 ], "texture": "#main" }, 
                "down":  { "uv": [ 2.5, 2.3125, 3, 2.8125 ], "texture": "#main" }
            }
        }, 
        {
            "name": "octagon", 
            "from": [ 6.3419, -3.0655, 7.31154 ], 
            "to":   [ 9.6581, -2.8095, 8.68846 ], 
            "rotation": { "angle": 0, "axis": "x", "origin": [8, 8, 8] }, 
            "faces": {
                "north": { "uv": [ 3, 2, 3.5, 4 ], "texture": "#main" }, 
                "east":  { "uv": [ 3, 2, 3.5, 4 ], "texture": "#main" }, 
                "south": { "uv": [ 3, 2, 3.5, 4 ], "texture": "#main" }, 
                "west":  { "uv": [ 3, 2, 3.5, 4 ], "texture": "#main" }, 
                "up":    { "uv": [ 2.5, 2.3125, 3, 2.8125 ], "texture": "#main" }, 
                "down":  { "uv": [ 2.5, 2.3125, 3, 2.8125 ], "texture": "#main" }
            }
        }, 
        {
            "name": "octagon", 
            "from": [ 7.27098, -0.3125, 6.24 ], 
            "to":   [ 8.72902, 16.6875, 9.76 ], 
            "rotation": { "angle": 0, "axis": "x", "origin": [8, 8, 8] }, 
            "faces": {
                "north": { "uv": [ 0, 0, 0.5, 2 ], "texture": "#main" }, 
                "east":  { "uv": [ 0, 0, 0.5, 2 ], "texture": "#main" }, 
                "south": { "uv": [ 0, 0, 0.5, 2 ], "texture": "#main" }, 
                "west":  { "uv": [ 0, 0, 0.5, 2 ], "texture": "#main" }, 
                "up":    { "uv": [ 0.5, 0.3125, 1, 0.8125 ], "texture": "#main" }, 
                "down":  { "uv": [ 0.5, 0.3125, 1, 0.8125 ], "texture": "#main" }
            }
        }, 
        {
            "name": "octagon", 
            "from": [ 6.237, -0.3155, 7.26798 ], 
            "to":   [ 9.763, 16.6905, 8.73202 ], 
            "rotation": { "angle": 0, "axis": "x", "origin": [8, 8, 8] }, 
            "faces": {
                "north": { "uv": [ 1, 0, 1.5, 2 ], "texture": "#main" }, 
                "east":  { "uv": [ 1, 0, 1.5, 2 ], "texture": "#main" }, 
                "south": { "uv": [ 1, 0, 1.5, 2 ], "texture": "#main" }, 
                "west":  { "uv": [ 1, 0, 1.5, 2 ], "texture": "#main" }, 
                "up":    { "uv": [ 0.5, 0.3125, 1, 0.8125 ], "texture": "#main" }, 
                "down":  { "uv": [ 0.5, 0.3125, 1, 0.8125 ], "texture": "#main" }
            }
        }, 
        {
            "name": "octagon", 
            "from": [ 7.27098, -2.8125, 6.24 ], 
            "to":   [ 8.72902, -0.8125, 9.76 ], 
            "rotation": { "angle": 0, "axis": "x", "origin": [8, 8, 8] }, 
            "faces": {
                "north": { "uv": [ 0, 0, 0.5, 2 ], "texture": "#main" }, 
                "east":  { "uv": [ 0, 0, 0.5, 2 ], "texture": "#main" }, 
                "south": { "uv": [ 0, 0, 0.5, 2 ], "texture": "#main" }, 
                "west":  { "uv": [ 0, 0, 0.5, 2 ], "texture": "#main" }, 
                "up":    { "uv": [ 0.5, 0.3125, 1, 0.8125 ], "texture": "#main" }, 
                "down":  { "uv": [ 0.5, 0.3125, 1, 0.8125 ], "texture": "#main" }
            }
        }, 
        {
            "name": "octagon", 
            "from": [ 6.237, -2.8155, 7.26798 ], 
            "to":   [ 9.763, -0.8095, 8.73202 ], 
            "rotation": { "angle": 0, "axis": "x", "origin": [8, 8, 8] }, 
            "faces": {
                "north": { "uv": [ 1, 0, 1.5, 2 ], "texture": "#main" }, 
                "east":  { "uv": [ 1, 0, 1.5, 2 ], "texture": "#main" }, 
                "south": { "uv": [ 1, 0, 1.5, 2 ], "texture": "#main" }, 
                "west":  { "uv": [ 1, 0, 1.5, 2 ], "texture": "#main" }, 
                "up":    { "uv": [ 0.5, 0.3125, 1, 0.8125 ], "texture": "#main" }, 
                "down":  { "uv": [ 0.5, 0.3125, 1, 0.8125 ], "texture": "#main" }
            }
        }, 
        {
            "name": "octagon", 
            "from": [ 7.26698, 18.1835, 6.236 ], 
            "to":   [ 8.73302, 19.6915, 9.764 ], 
            "rotation": { "angle": 45, "axis": "x", "origin": [8, 8, 8] }, 
            "faces": {
                "north": { "uv": [ 6, 0, 6.5, 1 ], "texture": "#main" }, 
                "east":  { "uv": [ 6, 0, 6.5, 1 ], "texture": "#main" }, 
                "south": { "uv": [ 6, 0, 6.5, 1 ], "texture": "#main" }, 
                "west":  { "uv": [ 6, 0, 6.5, 1 ], "texture": "#main" }, 
                "up":    { "uv": [ 4, 2, 6, 3 ], "rotation":90, "texture": "#main" }, 
                "down":  { "uv": [ 4, 2, 6, 3 ], "rotation":90, "texture": "#main" }
            }
        }, 
        {
            "name": "octagon", 
            "from": [ 6.237, 18.1845, 7.26798 ], 
            "to":   [ 9.763, 19.6905, 8.73202 ], 
            "rotation": { "angle": 45, "axis": "x", "origin": [8, 8, 8] }, 
            "faces": {
                "north": { "uv": [ 7, 0, 7.5, 1 ], "texture": "#main" }, 
                "east":  { "uv": [ 7, 0, 7.5, 1 ], "texture": "#main" }, 
                "south": { "uv": [ 7, 0, 7.5, 1 ], "texture": "#main" }, 
                "west":  { "uv": [ 7, 0, 7.5, 1 ], "texture": "#main" }, 
                "up":    { "uv": [ 4, 2, 6, 3 ], "texture": "#main" }, 
                "down":  { "uv": [ 4, 2, 6, 3 ], "texture": "#main" }
            }
        }, 
        {
            "name": "octagon", 
            "from": [ 7.59904, -1.3125, 7.032 ], 
            "to":   [ 8.40096, 19.1875, 8.968 ], 
            "rotation": { "angle": 45, "axis": "x", "origin": [8, 8, 8] }, 
            "faces": {
                "north": { "uv": [ 6, 2, 6.5, 4 ], "texture": "#main" }, 
                "east":  { "uv": [ 6, 2, 6.5, 4 ], "texture": "#main" }, 
                "south": { "uv": [ 6, 2, 6.5, 4 ], "texture": "#main" }, 
                "west":  { "uv": [ 6, 2, 6.5, 4 ], "texture": "#main" }, 
                "up":    { "uv": [ 6.5, 2.3125, 7, 2.8125 ], "texture": "#main" }, 
                "down":  { "uv": [ 6.5, 2.3125, 7, 2.8125 ], "texture": "#main" }
            }
        }, 
        {
            "name": "octagon", 
            "from": [ 7.03035, -1.3155, 7.59739 ], 
            "to":   [ 8.96965, 19.1905, 8.40261 ], 
            "rotation": { "angle": 45, "axis": "x", "origin": [8, 8, 8] }, 
            "faces": {
                "north": { "uv": [ 7, 2, 7.5, 4 ], "texture": "#main" }, 
                "east":  { "uv": [ 7, 2, 7.5, 4 ], "texture": "#main" }, 
                "south": { "uv": [ 7, 2, 7.5, 4 ], "texture": "#main" }, 
                "west":  { "uv": [ 7, 2, 7.5, 4 ], "texture": "#main" }, 
                "up":    { "uv": [ 6.5, 2.3125, 7, 2.8125 ], "texture": "#main" }, 
                "down":  { "uv": [ 6.5, 2.3125, 7, 2.8125 ], "texture": "#main" }
            }
        }, 
        {
            "name": "octagon", 
            "from": [ 7.31436, 16.6875, 6.34472 ], 
            "to":   [ 8.68564, 16.9375, 9.65528 ], 
            "rotation": { "angle": 45, "axis": "x", "origin": [8, 8, 8] }, 
            "faces": {
                "north": { "uv": [ 6, 2, 6.5, 4 ], "texture": "#main" }, 
                "east":  { "uv": [ 6, 2, 6.5, 4 ], "texture": "#main" }, 
                "south": { "uv": [ 6, 2, 6.5, 4 ], "texture": "#main" }, 
                "west":  { "uv": [ 6, 2, 6.5, 4 ], "texture": "#main" }, 
                "up":    { "uv": [ 6.5, 2.3125, 7, 2.8125 ], "texture": "#main" }, 
                "down":  { "uv": [ 6.5, 2.3125, 7, 2.8125 ], "texture": "#main" }
            }
        }, 
        {
            "name": "octagon", 
            "from": [ 6.3419, 16.6845, 7.31154 ], 
            "to":   [ 9.6581, 16.9405, 8.68846 ], 
            "rotation": { "angle": 45, "axis": "x", "origin": [8, 8, 8] }, 
            "faces": {
                "north": { "uv": [ 7, 2, 7.5, 4 ], "texture": "#main" }, 
                "east":  { "uv": [ 7, 2, 7.5, 4 ], "texture": "#main" }, 
                "south": { "uv": [ 7, 2, 7.5, 4 ], "texture": "#main" }, 
                "west":  { "uv": [ 7, 2, 7.5, 4 ], "texture": "#main" }, 
                "up":    { "uv": [ 6.5, 2.3125, 7, 2.8125 ], "texture": "#main" }, 
                "down":  { "uv": [ 6.5, 2.3125, 7, 2.8125 ], "texture": "#main" }
            }
        }, 
        {
            "name": "octagon", 
            "from": [ 7.44463, 16.6875, 6.65922 ], 
            "to":   [ 8.55537, 17.4375, 9.34078 ], 
            "rotation": { "angle": 45, "axis": "x", "origin": [8, 8, 8] }, 
            "faces": {
                "north": { "uv": [ 6, 2, 6.5, 4 ], "texture": "#main" }, 
                "east":  { "uv": [ 6, 2, 6.5, 4 ], "texture": "#main" }, 
                "south": { "uv": [ 6, 2, 6.5, 4 ], "texture": "#main" }, 
                "west":  { "uv": [ 6, 2, 6.5, 4 ], "texture": "#main" }, 
                "up":    { "uv": [ 6.5, 2.3125, 7, 2.8125 ], "texture": "#main" }, 
                "down":  { "uv": [ 6.5, 2.3125, 7, 2.8125 ], "texture": "#main" }
            }
        }, 
        {
            "name": "octagon", 
            "from": [ 6.65694, 16.6845, 7.44235 ], 
            "to":   [ 9.34306, 17.4405, 8.55765 ], 
            "rotation": { "angle": 45, "axis": "x", "origin": [8, 8, 8] }, 
            "faces": {
                "north": { "uv": [ 7, 2, 7.5, 4 ], "texture": "#main" }, 
                "east":  { "uv": [ 7, 2, 7.5, 4 ], "texture": "#main" }, 
                "south": { "uv": [ 7, 2, 7.5, 4 ], "texture": "#main" }, 
                "west":  { "uv": [ 7, 2, 7.5, 4 ], "texture": "#main" }, 
                "up":    { "uv": [ 6.5, 2.3125, 7, 2.8125 ], "texture": "#main" }, 
                "down":  { "uv": [ 6.5, 2.3125, 7, 2.8125 ], "texture": "#main" }
            }
        }, 
        {
            "name": "octagon", 
            "from": [ 7.31436, -3.0625, 6.34472 ], 
            "to":   [ 8.68564, -2.8125, 9.65528 ], 
            "rotation": { "angle": 45, "axis": "x", "origin": [8, 8, 8] }, 
            "faces": {
                "north": { "uv": [ 6, 2, 6.5, 4 ], "texture": "#main" }, 
                "east":  { "uv": [ 6, 2, 6.5, 4 ], "texture": "#main" }, 
                "south": { "uv": [ 6, 2, 6.5, 4 ], "texture": "#main" }, 
                "west":  { "uv": [ 6, 2, 6.5, 4 ], "texture": "#main" }, 
                "up":    { "uv": [ 6.5, 2.3125, 7, 2.8125 ], "texture": "#main" }, 
                "down":  { "uv": [ 6.5, 2.3125, 7, 2.8125 ], "texture": "#main" }
            }
        }, 
        {
            "name": "octagon", 
            "from": [ 6.3419, -3.0655, 7.31154 ], 
            "to":   [ 9.6581, -2.8095, 8.68846 ], 
            "rotation": { "angle": 45, "axis": "x", "origin": [8, 8, 8] }, 
            "faces": {
                "north": { "uv": [ 7, 2, 7.5, 4 ], "texture": "#main" }, 
                "east":  { "uv": [ 7, 2, 7.5, 4 ], "texture": "#main" }, 
                "south": { "uv": [ 7, 2, 7.5, 4 ], "texture": "#main" }, 
                "west":  { "uv": [ 7, 2, 7.5, 4 ], "texture": "#main" }, 
                "up":    { "uv": [ 6.5, 2.3125, 7, 2.8125 ], "texture": "#main" }, 
                "down":  { "uv": [ 6.5, 2.3125, 7, 2.8125 ], "texture": "#main" }
            }
        }, 
        {
            "name": "octagon", 
            "from": [ 7.27098, -0.3125, 6.24 ], 
            "to":   [ 8.72902, 16.6875, 9.76 ], 
            "rotation": { "angle": 45, "axis": "x", "origin": [8, 8, 8] }, 
            "faces": {
                "north": { "uv": [ 4, 0, 4.5, 2 ], "texture": "#main" }, 
                "east":  { "uv": [ 4, 0, 4.5, 2 ], "texture": "#main" }, 
                "south": { "uv": [ 4, 0, 4.5, 2 ], "texture": "#main" }, 
                "west":  { "uv": [ 4, 0, 4.5, 2 ], "texture": "#main" }, 
                "up":    { "uv": [ 4.5, 0.3125, 5, 0.8125 ], "texture": "#main" }, 
                "down":  { "uv": [ 4.5, 0.3125, 5, 0.8125 ], "texture": "#main" }
            }
        }, 
        {
            "name": "octagon", 
            "from": [ 6.237, -0.3155, 7.26798 ], 
            "to":   [ 9.763, 16.6905, 8.73202 ], 
            "rotation": { "angle": 45, "axis": "x", "origin": [8, 8, 8] }, 
            "faces": {
                "north": { "uv": [ 5, 0, 5.5, 2 ], "texture": "#main" }, 
                "east":  { "uv": [ 5, 0, 5.5, 2 ], "texture": "#main" }, 
                "south": { "uv": [ 5, 0, 5.5, 2 ], "texture": "#main" }, 
                "west":  { "uv": [ 5, 0, 5.5, 2 ], "texture": "#main" }, 
                "up":    { "uv": [ 4.5, 0.3125, 5, 0.8125 ], "texture": "#main" }, 
                "down":  { "uv": [ 4.5, 0.3125, 5, 0.8125 ], "texture": "#main" }
            }
        }, 
        {
            "name": "octagon", 
            "from": [ 7.27098, -2.8125, 6.24 ], 
            "to":   [ 8.72902, -0.8125, 9.76 ], 
            "rotation": { "angle": 45, "axis": "x", "origin": [8, 8, 8] }, 
            "faces": {
                "north": { "uv": [ 4, 0, 4.5, 2 ], "texture": "#main" }, 
                "east":  { "uv": [ 4, 0, 4.5, 2 ], "texture": "#main" }, 
                "south": { "uv": [ 4, 0, 4.5, 2 ], "texture": "#main" }, 
                "west":  { "uv": [ 4, 0, 4.5, 2 ], "texture": "#main" }, 
                "up":    { "uv": [ 4.5, 0.3125, 5, 0.8125 ], "texture": "#main" }, 
                "down":  { "uv": [ 4.5, 0.3125, 5, 0.8125 ], "texture": "#main" }
            }
        }, 
        {
            "name": "octagon", 
            "from": [ 6.237, -2.8155, 7.26798 ], 
            "to":   [ 9.763, -0.8095, 8.73202 ], 
            "rotation": { "angle": 45, "axis": "x", "origin": [8, 8, 8] }, 
            "faces": {
                "north": { "uv": [ 5, 0, 5.5, 2 ], "texture": "#main" }, 
                "east":  { "uv": [ 5, 0, 5.5, 2 ], "texture": "#main" }, 
                "south": { "uv": [ 5, 0, 5.5, 2 ], "texture": "#main" }, 
                "west":  { "uv": [ 5, 0, 5.5, 2 ], "texture": "#main" }, 
                "up":    { "uv": [ 4.5, 0.3125, 5, 0.8125 ], "texture": "#main" }, 
                "down":  { "uv": [ 4.5, 0.3125, 5, 0.8125 ], "texture": "#main" }
            }
        }, 
        {
            "name": "octagon", 
            "from": [ 7.26698, 6.236, 18.1835 ], 
            "to":   [ 8.73302, 9.764, 19.6915 ], 
            "rotation": { "angle": 0, "axis": "x", "origin": [8, 8, 8] }, 
            "faces": {
                "north": { "uv": [ 8, 2, 10, 3 ], "rotation":270, "texture": "#main" }, 
                "east":  { "uv": [ 10, 0, 10.5, 1 ], "rotation":270, "texture": "#main" }, 
                "south": { "uv": [ 8, 2, 10, 3 ], "rotation":90, "texture": "#main" }, 
                "west":  { "uv": [ 10, 0, 10.5, 1 ], "rotation":90, "texture": "#main" }, 
                "up":    { "uv": [ 10, 0, 10.5, 1 ], "rotation":180, "texture": "#main" }, 
                "down":  { "uv": [ 10, 0, 10.5, 1 ], "texture": "#main" }
            }
        }, 
        {
            "name": "octagon", 
            "from": [ 6.237, 7.26798, 18.1845 ], 
            "to":   [ 9.763, 8.73202, 19.6905 ], 
            "rotation": { "angle": 0, "axis": "x", "origin": [8, 8, 8] }, 
            "faces": {
                "north": { "uv": [ 8, 2, 10, 3 ], "rotation":180, "texture": "#main" }, 
                "east":  { "uv": [ 11, 0, 11.5, 1 ], "rotation":270, "texture": "#main" }, 
                "south": { "uv": [ 8, 2, 10, 3 ], "texture": "#main" }, 
                "west":  { "uv": [ 11, 0, 11.5, 1 ], "rotation":90, "texture": "#main" }, 
                "up":    { "uv": [ 11, 0, 11.5, 1 ], "rotation":180, "texture": "#main" }, 
                "down":  { "uv": [ 11, 0, 11.5, 1 ], "texture": "#main" }
            }
        }, 
        {
            "name": "octagon", 
            "from": [ 7.59904, 7.032, -1.3125 ], 
            "to":   [ 8.40096, 8.968, 19.1875 ], 
            "rotation": { "angle": 0, "axis": "x", "origin": [8, 8, 8] }, 
            "faces": {
                "north": { "uv": [ 10.5, 2.3125, 11, 2.8125 ], "rotation":180, "texture": "#main" }, 
                "east":  { "uv": [ 10, 2, 10.5, 4 ], "rotation":270, "texture": "#main" }, 
                "south": { "uv": [ 10.5, 2.3125, 11, 2.8125 ], "texture": "#main" }, 
                "west":  { "uv": [ 10, 2, 10.5, 4 ], "rotation":90, "texture": "#main" }, 
                "up":    { "uv": [ 10, 2, 10.5, 4 ], "rotation":180, "texture": "#main" }, 
                "down":  { "uv": [ 10, 2, 10.5, 4 ], "texture": "#main" }
            }
        }, 
        {
            "name": "octagon", 
            "from": [ 7.03035, 7.59739, -1.3155 ], 
            "to":   [ 8.96965, 8.40261, 19.1905 ], 
            "rotation": { "angle": 0, "axis": "x", "origin": [8, 8, 8] }, 
            "faces": {
                "north": { "uv": [ 10.5, 2.3125, 11, 2.8125 ], "rotation":180, "texture": "#main" }, 
                "east":  { "uv": [ 11, 2, 11.5, 4 ], "rotation":270, "texture": "#main" }, 
                "south": { "uv": [ 10.5, 2.3125, 11, 2.8125 ], "texture": "#main" }, 
                "west":  { "uv": [ 11, 2, 11.5, 4 ], "rotation":90, "texture": "#main" }, 
                "up":    { "uv": [ 11, 2, 11.5, 4 ], "rotation":180, "texture": "#main" }, 
                "down":  { "uv": [ 11, 2, 11.5, 4 ], "texture": "#main" }
            }
        }, 
        {
            "name": "octagon", 
            "from": [ 7.31436, 6.34472, 16.6875 ], 
            "to":   [ 8.68564, 9.65528, 16.9375 ], 
            "rotation": { "angle": 0, "axis": "x", "origin": [8, 8, 8] }, 
            "faces": {
                "north": { "uv": [ 10.5, 2.3125, 11, 2.8125 ], "rotation":180, "texture": "#main" }, 
                "east":  { "uv": [ 10, 2, 10.5, 4 ], "rotation":270, "texture": "#main" }, 
                "south": { "uv": [ 10.5, 2.3125, 11, 2.8125 ], "texture": "#main" }, 
                "west":  { "uv": [ 10, 2, 10.5, 4 ], "rotation":90, "texture": "#main" }, 
                "up":    { "uv": [ 10, 2, 10.5, 4 ], "rotation":180, "texture": "#main" }, 
                "down":  { "uv": [ 10, 2, 10.5, 4 ], "texture": "#main" }
            }
        }, 
        {
            "name": "octagon", 
            "from": [ 6.3419, 7.31154, 16.6845 ], 
            "to":   [ 9.6581, 8.68846, 16.9405 ], 
            "rotation": { "angle": 0, "axis": "x", "origin": [8, 8, 8] }, 
            "faces": {
                "north": { "uv": [ 10.5, 2.3125, 11, 2.8125 ], "rotation":180, "texture": "#main" }, 
                "east":  { "uv": [ 11, 2, 11.5, 4 ], "rotation":270, "texture": "#main" }, 
                "south": { "uv": [ 10.5, 2.3125, 11, 2.8125 ], "texture": "#main" }, 
                "west":  { "uv": [ 11, 2, 11.5, 4 ], "rotation":90, "texture": "#main" }, 
                "up":    { "uv": [ 11, 2, 11.5, 4 ], "rotation":180, "texture": "#main" }, 
                "down":  { "uv": [ 11, 2, 11.5, 4 ], "texture": "#main" }
            }
        }, 
        {
            "name": "octagon", 
            "from": [ 7.44463, 6.65922, 16.6875 ], 
            "to":   [ 8.55537, 9.34078, 17.4375 ], 
            "rotation": { "angle": 0, "axis": "x", "origin": [8, 8, 8] }, 
            "faces": {
                "north": { "uv": [ 10.5, 2.3125, 11, 2.8125 ], "rotation":180, "texture": "#main" }, 
                "east":  { "uv": [ 10, 2, 10.5, 4 ], "rotation":270, "texture": "#main" }, 
                "south": { "uv": [ 10.5, 2.3125, 11, 2.8125 ], "texture": "#main" }, 
                "west":  { "uv": [ 10, 2, 10.5, 4 ], "rotation":90, "texture": "#main" }, 
                "up":    { "uv": [ 10, 2, 10.5, 4 ], "rotation":180, "texture": "#main" }, 
                "down":  { "uv": [ 10, 2, 10.5, 4 ], "texture": "#main" }
            }
        }, 
        {
            "name": "octagon", 
            "from": [ 6.65694, 7.44235, 16.6845 ], 
            "to":   [ 9.34306, 8.55765, 17.4405 ], 
            "rotation": { "angle": 0, "axis": "x", "origin": [8, 8, 8] }, 
            "faces": {
                "north": { "uv": [ 10.5, 2.3125, 11, 2.8125 ], "rotation":180, "texture": "#main" }, 
                "east":  { "uv": [ 11, 2, 11.5, 4 ], "rotation":270, "texture": "#main" }, 
                "south": { "uv": [ 10.5, 2.3125, 11, 2.8125 ], "texture": "#main" }, 
                "west":  { "uv": [ 11, 2, 11.5, 4 ], "rotation":90, "texture": "#main" }, 
                "up":    { "uv": [ 11, 2, 11.5, 4 ], "rotation":180, "texture": "#main" }, 
                "down":  { "uv": [ 11, 2, 11.5, 4 ], "texture": "#main" }
            }
        }, 
        {
            "name": "octagon", 
            "from": [ 7.31436, 6.34472, -3.0625 ], 
            "to":   [ 8.68564, 9.65528, -2.8125 ], 
            "rotation": { "angle": 0, "axis": "x", "origin": [8, 8, 8] }, 
            "faces": {
                "north": { "uv": [ 10.5, 2.3125, 11, 2.8125 ], "rotation":180, "texture": "#main" }, 
                "east":  { "uv": [ 10, 2, 10.5, 4 ], "rotation":270, "texture": "#main" }, 
                "south": { "uv": [ 10.5, 2.3125, 11, 2.8125 ], "texture": "#main" }, 
                "west":  { "uv": [ 10, 2, 10.5, 4 ], "rotation":90, "texture": "#main" }, 
                "up":    { "uv": [ 10, 2, 10.5, 4 ], "rotation":180, "texture": "#main" }, 
                "down":  { "uv": [ 10, 2, 10.5, 4 ], "texture": "#main" }
            }
        }, 
        {
            "name": "octagon", 
            "from": [ 6.3419, 7.31154, -3.0655 ], 
            "to":   [ 9.6581, 8.68846, -2.8095 ], 
            "rotation": { "angle": 0, "axis": "x", "origin": [8, 8, 8] }, 
            "faces": {
                "north": { "uv": [ 10.5, 2.3125, 11, 2.8125 ], "rotation":180, "texture": "#main" }, 
                "east":  { "uv": [ 11, 2, 11.5, 4 ], "rotation":270, "texture": "#main" }, 
                "south": { "uv": [ 10.5, 2.3125, 11, 2.8125 ], "texture": "#main" }, 
                "west":  { "uv": [ 11, 2, 11.5, 4 ], "rotation":90, "texture": "#main" }, 
                "up":    { "uv": [ 11, 2, 11.5, 4 ], "rotation":180, "texture": "#main" }, 
                "down":  { "uv": [ 11, 2, 11.5, 4 ], "texture": "#main" }
            }
        }, 
        {
            "name": "octagon", 
            "from": [ 7.27098, 6.24, -0.3125 ], 
            "to":   [ 8.72902, 9.76, 16.6875 ], 
            "rotation": { "angle": 0, "axis": "x", "origin": [8, 8, 8] }, 
            "faces": {
                "north": { "uv": [ 8.5, 0.3125, 9, 0.8125 ], "rotation":180, "texture": "#main" }, 
                "east":  { "uv": [ 8, 0, 8.5, 2 ], "rotation":270, "texture": "#main" }, 
                "south": { "uv": [ 8.5, 0.3125, 9, 0.8125 ], "texture": "#main" }, 
                "west":  { "uv": [ 8, 0, 8.5, 2 ], "rotation":90, "texture": "#main" }, 
                "up":    { "uv": [ 8, 0, 8.5, 2 ], "rotation":180, "texture": "#main" }, 
                "down":  { "uv": [ 8, 0, 8.5, 2 ], "texture": "#main" }
            }
        }, 
        {
            "name": "octagon", 
            "from": [ 6.237, 7.26798, -0.3155 ], 
            "to":   [ 9.763, 8.73202, 16.6905 ], 
            "rotation": { "angle": 0, "axis": "x", "origin": [8, 8, 8] }, 
            "faces": {
                "north": { "uv": [ 8.5, 0.3125, 9, 0.8125 ], "rotation":180, "texture": "#main" }, 
                "east":  { "uv": [ 9, 0, 9.5, 2 ], "rotation":270, "texture": "#main" }, 
                "south": { "uv": [ 8.5, 0.3125, 9, 0.8125 ], "texture": "#main" }, 
                "west":  { "uv": [ 9, 0, 9.5, 2 ], "rotation":90, "texture": "#main" }, 
                "up":    { "uv": [ 9, 0, 9.5, 2 ], "rotation":180, "texture": "#main" }, 
                "down":  { "uv": [ 9, 0, 9.5, 2 ], "texture": "#main" }
            }
        }, 
        {
            "name": "octagon", 
            "from": [ 7.27098, 6.24, -2.8125 ], 
            "to":   [ 8.72902, 9.76, -0.8125 ], 
            "rotation": { "angle": 0, "axis": "x", "origin": [8, 8, 8] }, 
            "faces": {
                "north": { "uv": [ 8.5, 0.3125, 9, 0.8125 ], "rotation":180, "texture": "#main" }, 
                "east":  { "uv": [ 8, 0, 8.5, 2 ], "rotation":270, "texture": "#main" }, 
                "south": { "uv": [ 8.5, 0.3125, 9, 0.8125 ], "texture": "#main" }, 
                "west":  { "uv": [ 8, 0, 8.5, 2 ], "rotation":90, "texture": "#main" }, 
                "up":    { "uv": [ 8, 0, 8.5, 2 ], "rotation":180, "texture": "#main" }, 
                "down":  { "uv": [ 8, 0, 8.5, 2 ], "texture": "#main" }
            }
        }, 
        {
            "name": "octagon", 
            "from": [ 6.237, 7.26798, -2.8155 ], 
            "to":   [ 9.763, 8.73202, -0.8095 ], 
            "rotation": { "angle": 0, "axis": "x", "origin": [8, 8, 8] }, 
            "faces": {
                "north": { "uv": [ 8.5, 0.3125, 9, 0.8125 ], "rotation":180, "texture": "#main" }, 
                "east":  { "uv": [ 9, 0, 9.5, 2 ], "rotation":270, "texture": "#main" }, 
                "south": { "uv": [ 8.5, 0.3125, 9, 0.8125 ], "texture": "#main" }, 
                "west":  { "uv": [ 9, 0, 9.5, 2 ], "rotation":90, "texture": "#main" }, 
                "up":    { "uv": [ 9, 0, 9.5, 2 ], "rotation":180, "texture": "#main" }, 
                "down":  { "uv": [ 9, 0, 9.5, 2 ], "texture": "#main" }
            }
        }, 
        {
            "name": "octagon", 
            "from": [ 7.26698, 6.236, 18.1835 ], 
            "to":   [ 8.73302, 9.764, 19.6915 ], 
            "rotation": { "angle": 45, "axis": "x", "origin": [8, 8, 8] }, 
            "faces": {
                "north": { "uv": [ 12, 2, 14, 3 ], "rotation":270, "texture": "#main" }, 
                "east":  { "uv": [ 14, 0, 14.5, 1 ], "rotation":270, "texture": "#main" }, 
                "south": { "uv": [ 12, 2, 14, 3 ], "rotation":90, "texture": "#main" }, 
                "west":  { "uv": [ 14, 0, 14.5, 1 ], "rotation":90, "texture": "#main" }, 
                "up":    { "uv": [ 14, 0, 14.5, 1 ], "rotation":180, "texture": "#main" }, 
                "down":  { "uv": [ 14, 0, 14.5, 1 ], "texture": "#main" }
            }
        }, 
        {
            "name": "octagon", 
            "from": [ 6.237, 7.26798, 18.1845 ], 
            "to":   [ 9.763, 8.73202, 19.6905 ], 
            "rotation": { "angle": 45, "axis": "x", "origin": [8, 8, 8] }, 
            "faces": {
                "north": { "uv": [ 12, 2, 14, 3 ], "rotation":180, "texture": "#main" }, 
                "east":  { "uv": [ 15, 0, 15.5, 1 ], "rotation":270, "texture": "#main" }, 
                "south": { "uv": [ 12, 2, 14, 3 ], "texture": "#main" }, 
                "west":  { "uv": [ 15, 0, 15.5, 1 ], "rotation":90, "texture": "#main" }, 
                "up":    { "uv": [ 15, 0, 15.5, 1 ], "rotation":180, "texture": "#main" }, 
                "down":  { "uv": [ 15, 0, 15.5, 1 ], "texture": "#main" }
            }
        }, 
        {
            "name": "octagon", 
            "from": [ 7.59904, 7.032, -1.3125 ], 
            "to":   [ 8.40096, 8.968, 19.1875 ], 
            "rotation": { "angle": 45, "axis": "x", "origin": [8, 8, 8] }, 
            "faces": {
                "north": { "uv": [ 14.5, 2.3125, 15, 2.8125 ], "rotation":180, "texture": "#main" }, 
                "east":  { "uv": [ 14, 2, 14.5, 4 ], "rotation":270, "texture": "#main" }, 
                "south": { "uv": [ 14.5, 2.3125, 15, 2.8125 ], "texture": "#main" }, 
                "west":  { "uv": [ 14, 2, 14.5, 4 ], "rotation":90, "texture": "#main" }, 
                "up":    { "uv": [ 14, 2, 14.5, 4 ], "rotation":180, "texture": "#main" }, 
                "down":  { "uv": [ 14, 2, 14.5, 4 ], "texture": "#main" }
            }
        }, 
        {
            "name": "octagon", 
            "from": [ 7.03035, 7.59739, -1.3155 ], 
            "to":   [ 8.96965, 8.40261, 19.1905 ], 
            "rotation": { "angle": 45, "axis": "x", "origin": [8, 8, 8] }, 
            "faces": {
                "north": { "uv": [ 14.5, 2.3125, 15, 2.8125 ], "rotation":180, "texture": "#main" }, 
                "east":  { "uv": [ 15, 2, 15.5, 4 ], "rotation":270, "texture": "#main" }, 
                "south": { "uv": [ 14.5, 2.3125, 15, 2.8125 ], "texture": "#main" }, 
                "west":  { "uv": [ 15, 2, 15.5, 4 ], "rotation":90, "texture": "#main" }, 
                "up":    { "uv": [ 15, 2, 15.5, 4 ], "rotation":180, "texture": "#main" }, 
                "down":  { "uv": [ 15, 2, 15.5, 4 ], "texture": "#main" }
            }
        }, 
        {
            "name": "octagon", 
            "from": [ 7.31436, 6.34472, 16.6875 ], 
            "to":   [ 8.68564, 9.65528, 16.9375 ], 
            "rotation": { "angle": 45, "axis": "x", "origin": [8, 8, 8] }, 
            "faces": {
                "north": { "uv": [ 14.5, 2.3125, 15, 2.8125 ], "rotation":180, "texture": "#main" }, 
                "east":  { "uv": [ 14, 2, 14.5, 4 ], "rotation":270, "texture": "#main" }, 
                "south": { "uv": [ 14.5, 2.3125, 15, 2.8125 ], "texture": "#main" }, 
                "west":  { "uv": [ 14, 2, 14.5, 4 ], "rotation":90, "texture": "#main" }, 
                "up":    { "uv": [ 14, 2, 14.5, 4 ], "rotation":180, "texture": "#main" }, 
                "down":  { "uv": [ 14, 2, 14.5, 4 ], "texture": "#main" }
            }
        }, 
        {
            "name": "octagon", 
            "from": [ 6.3419, 7.31154, 16.6845 ], 
            "to":   [ 9.6581, 8.68846, 16.9405 ], 
            "rotation": { "angle": 45, "axis": "x", "origin": [8, 8, 8] }, 
            "faces": {
                "north": { "uv": [ 14.5, 2.3125, 15, 2.8125 ], "rotation":180, "texture": "#main" }, 
                "east":  { "uv": [ 15, 2, 15.5, 4 ], "rotation":270, "texture": "#main" }, 
                "south": { "uv": [ 14.5, 2.3125, 15, 2.8125 ], "texture": "#main" }, 
                "west":  { "uv": [ 15, 2, 15.5, 4 ], "rotation":90, "texture": "#main" }, 
                "up":    { "uv": [ 15, 2, 15.5, 4 ], "rotation":180, "texture": "#main" }, 
                "down":  { "uv": [ 15, 2, 15.5, 4 ], "texture": "#main" }
            }
        }, 
        {
            "name": "octagon", 
            "from": [ 7.44463, 6.65922, 16.6875 ], 
            "to":   [ 8.55537, 9.34078, 17.4375 ], 
            "rotation": { "angle": 45, "axis": "x", "origin": [8, 8, 8] }, 
            "faces": {
                "north": { "uv": [ 14.5, 2.3125, 15, 2.8125 ], "rotation":180, "texture": "#main" }, 
                "east":  { "uv": [ 14, 2, 14.5, 4 ], "rotation":270, "texture": "#main" }, 
                "south": { "uv": [ 14.5, 2.3125, 15, 2.8125 ], "texture": "#main" }, 
                "west":  { "uv": [ 14, 2, 14.5, 4 ], "rotation":90, "texture": "#main" }, 
                "up":    { "uv": [ 14, 2, 14.5, 4 ], "rotation":180, "texture": "#main" }, 
                "down":  { "uv": [ 14, 2, 14.5, 4 ], "texture": "#main" }
            }
        }, 
        {
            "name": "octagon", 
            "from": [ 6.65694, 7.44235, 16.6845 ], 
            "to":   [ 9.34306, 8.55765, 17.4405 ], 
            "rotation": { "angle": 45, "axis": "x", "origin": [8, 8, 8] }, 
            "faces": {
                "north": { "uv": [ 14.5, 2.3125, 15, 2.8125 ], "rotation":180, "texture": "#main" }, 
                "east":  { "uv": [ 15, 2, 15.5, 4 ], "rotation":270, "texture": "#main" }, 
                "south": { "uv": [ 14.5, 2.3125, 15, 2.8125 ], "texture": "#main" }, 
                "west":  { "uv": [ 15, 2, 15.5, 4 ], "rotation":90, "texture": "#main" }, 
                "up":    { "uv": [ 15, 2, 15.5, 4 ], "rotation":180, "texture": "#main" }, 
                "down":  { "uv": [ 15, 2, 15.5, 4 ], "texture": "#main" }
            }
        }, 
        {
            "name": "octagon", 
            "from": [ 7.31436, 6.34472, -3.0625 ], 
            "to":   [ 8.68564, 9.65528, -2.8125 ], 
            "rotation": { "angle": 45, "axis": "x", "origin": [8, 8, 8] }, 
            "faces": {
                "north": { "uv": [ 14.5, 2.3125, 15, 2.8125 ], "rotation":180, "texture": "#main" }, 
                "east":  { "uv": [ 14, 2, 14.5, 4 ], "rotation":270, "texture": "#main" }, 
                "south": { "uv": [ 14.5, 2.3125, 15, 2.8125 ], "texture": "#main" }, 
                "west":  { "uv": [ 14, 2, 14.5, 4 ], "rotation":90, "texture": "#main" }, 
                "up":    { "uv": [ 14, 2, 14.5, 4 ], "rotation":180, "texture": "#main" }, 
                "down":  { "uv": [ 14, 2, 14.5, 4 ], "texture": "#main" }
            }
        }, 
        {
            "name": "octagon", 
            "from": [ 6.3419, 7.31154, -3.0655 ], 
            "to":   [ 9.6581, 8.68846, -2.8095 ], 
            "rotation": { "angle": 45, "axis": "x", "origin": [8, 8, 8] }, 
            "faces": {
                "north": { "uv": [ 14.5, 2.3125, 15, 2.8125 ], "rotation":180, "texture": "#main" }, 
                "east":  { "uv": [ 15, 2, 15.5, 4 ], "rotation":270, "texture": "#main" }, 
                "south": { "uv": [ 14.5, 2.3125, 15, 2.8125 ], "texture": "#main" }, 
                "west":  { "uv": [ 15, 2, 15.5, 4 ], "rotation":90, "texture": "#main" }, 
                "up":    { "uv": [ 15, 2, 15.5, 4 ], "rotation":180, "texture": "#main" }, 
                "down":  { "uv": [ 15, 2, 15.5, 4 ], "texture": "#main" }
            }
        }, 
        {
            "name": "octagon", 
            "from": [ 7.27098, 6.24, -0.3125 ], 
            "to":   [ 8.72902, 9.76, 16.6875 ], 
            "rotation": { "angle": 45, "axis": "x", "origin": [8, 8, 8] }, 
            "faces": {
                "north": { "uv": [ 12.5, 0.3125, 13, 0.8125 ], "rotation":180, "texture": "#main" }, 
                "east":  { "uv": [ 12, 0, 12.5, 2 ], "rotation":270, "texture": "#main" }, 
                "south": { "uv": [ 12.5, 0.3125, 13, 0.8125 ], "texture": "#main" }, 
                "west":  { "uv": [ 12, 0, 12.5, 2 ], "rotation":90, "texture": "#main" }, 
                "up":    { "uv": [ 12, 0, 12.5, 2 ], "rotation":180, "texture": "#main" }, 
                "down":  { "uv": [ 12, 0, 12.5, 2 ], "texture": "#main" }
            }
        }, 
        {
            "name": "octagon", 
            "from": [ 6.237, 7.26798, -0.3155 ], 
            "to":   [ 9.763, 8.73202, 16.6905 ], 
            "rotation": { "angle": 45, "axis": "x", "origin": [8, 8, 8] }, 
            "faces": {
                "north": { "uv": [ 12.5, 0.3125, 13, 0.8125 ], "rotation":180, "texture": "#main" }, 
                "east":  { "uv": [ 13, 0, 13.5, 2 ], "rotation":270, "texture": "#main" }, 
                "south": { "uv": [ 12.5, 0.3125, 13, 0.8125 ], "texture": "#main" }, 
                "west":  { "uv": [ 13, 0, 13.5, 2 ], "rotation":90, "texture": "#main" }, 
                "up":    { "uv": [ 13, 0, 13.5, 2 ], "rotation":180, "texture": "#main" }, 
                "down":  { "uv": [ 13, 0, 13.5, 2 ], "texture": "#main" }
            }
        }, 
        {
            "name": "octagon", 
            "from": [ 7.27098, 6.24, -2.8125 ], 
            "to":   [ 8.72902, 9.76, -0.8125 ], 
            "rotation": { "angle": 45, "axis": "x", "origin": [8, 8, 8] }, 
            "faces": {
                "north": { "uv": [ 12.5, 0.3125, 13, 0.8125 ], "rotation":180, "texture": "#main" }, 
                "east":  { "uv": [ 12, 0, 12.5, 2 ], "rotation":270, "texture": "#main" }, 
                "south": { "uv": [ 12.5, 0.3125, 13, 0.8125 ], "texture": "#main" }, 
                "west":  { "uv": [ 12, 0, 12.5, 2 ], "rotation":90, "texture": "#main" }, 
                "up":    { "uv": [ 12, 0, 12.5, 2 ], "rotation":180, "texture": "#main" }, 
                "down":  { "uv": [ 12, 0, 12.5, 2 ], "texture": "#main" }
            }
        }, 
        {
            "name": "octagon", 
            "from": [ 6.237, 7.26798, -2.8155 ], 
            "to":   [ 9.763, 8.73202, -0.8095 ], 
            "rotation": { "angle": 45, "axis": "x", "origin": [8, 8, 8] }, 
            "faces": {
                "north": { "uv": [ 12.5, 0.3125, 13, 0.8125 ], "rotation":180, "texture": "#main" }, 
                "east":  { "uv": [ 13, 0, 13.5, 2 ], "rotation":270, "texture": "#main" }, 
                "south": { "uv": [ 12.5, 0.3125, 13, 0.8125 ], "texture": "#main" }, 
                "west":  { "uv": [ 13, 0, 13.5, 2 ], "rotation":90, "texture": "#main" }, 
                "up":    { "uv": [ 13, 0, 13.5, 2 ], "rotation":180, "texture": "#main" }, 
                "down":  { "uv": [ 13, 0, 13.5, 2 ], "texture": "#main" }
            }
        }, 
        {
            "name": "octagon", 
            "from": [ 7.26698, -3.6915, 6.236 ], 
            "to":   [ 8.73302, -2.1835, 9.764 ], 
            "rotation": { "angle": 0, "axis": "x", "origin": [8, 8, 8] }, 
            "faces": {
                "north": { "uv": [ 2, 4, 2.5, 5 ], "rotation":180, "texture": "#main" }, 
                "east":  { "uv": [ 2, 4, 2.5, 5 ], "rotation":180, "texture": "#main" }, 
                "south": { "uv": [ 2, 4, 2.5, 5 ], "rotation":180, "texture": "#main" }, 
                "west":  { "uv": [ 2, 4, 2.5, 5 ], "rotation":180, "texture": "#main" }, 
                "up":    { "uv": [ 0, 6, 2, 7 ], "rotation":90, "texture": "#main" }, 
                "down":  { "uv": [ 0, 6, 2, 7 ], "rotation":90, "texture": "#main" }
            }
        }, 
        {
            "name": "octagon", 
            "from": [ 6.237, -3.6905, 7.26798 ], 
            "to":   [ 9.763, -2.1845, 8.73202 ], 
            "rotation": { "angle": 0, "axis": "x", "origin": [8, 8, 8] }, 
            "faces": {
                "north": { "uv": [ 3, 4, 3.5, 5 ], "rotation":180, "texture": "#main" }, 
                "east":  { "uv": [ 3, 4, 3.5, 5 ], "rotation":180, "texture": "#main" }, 
                "south": { "uv": [ 3, 4, 3.5, 5 ], "rotation":180, "texture": "#main" }, 
                "west":  { "uv": [ 3, 4, 3.5, 5 ], "rotation":180, "texture": "#main" }, 
                "up":    { "uv": [ 0, 6, 2, 7 ], "texture": "#main" }, 
                "down":  { "uv": [ 0, 6, 2, 7 ], "texture": "#main" }
            }
        }, 
        {
            "name": "octagon", 
            "from": [ 7.59904, -3.1875, 7.032 ], 
            "to":   [ 8.40096, 17.3125, 8.968 ], 
            "rotation": { "angle": 0, "axis": "x", "origin": [8, 8, 8] }, 
            "faces": {
                "north": { "uv": [ 2, 6, 2.5, 8 ], "rotation":180, "texture": "#main" }, 
                "east":  { "uv": [ 2, 6, 2.5, 8 ], "rotation":180, "texture": "#main" }, 
                "south": { "uv": [ 2, 6, 2.5, 8 ], "rotation":180, "texture": "#main" }, 
                "west":  { "uv": [ 2, 6, 2.5, 8 ], "rotation":180, "texture": "#main" }, 
                "up":    { "uv": [ 2.5, 6.3125, 3, 6.8125 ], "texture": "#main" }, 
                "down":  { "uv": [ 2.5, 6.3125, 3, 6.8125 ], "texture": "#main" }
            }
        }, 
        {
            "name": "octagon", 
            "from": [ 7.03035, -3.1905, 7.59739 ], 
            "to":   [ 8.96965, 17.3155, 8.40261 ], 
            "rotation": { "angle": 0, "axis": "x", "origin": [8, 8, 8] }, 
            "faces": {
                "north": { "uv": [ 3, 6, 3.5, 8 ], "rotation":180, "texture": "#main" }, 
                "east":  { "uv": [ 3, 6, 3.5, 8 ], "rotation":180, "texture": "#main" }, 
                "south": { "uv": [ 3, 6, 3.5, 8 ], "rotation":180, "texture": "#main" }, 
                "west":  { "uv": [ 3, 6, 3.5, 8 ], "rotation":180, "texture": "#main" }, 
                "up":    { "uv": [ 2.5, 6.3125, 3, 6.8125 ], "texture": "#main" }, 
                "down":  { "uv": [ 2.5, 6.3125, 3, 6.8125 ], "texture": "#main" }
            }
        }, 
        {
            "name": "octagon", 
            "from": [ 7.31436, -0.9375, 6.34472 ], 
            "to":   [ 8.68564, -0.6875, 9.65528 ], 
            "rotation": { "angle": 0, "axis": "x", "origin": [8, 8, 8] }, 
            "faces": {
                "north": { "uv": [ 2, 6, 2.5, 8 ], "rotation":180, "texture": "#main" }, 
                "east":  { "uv": [ 2, 6, 2.5, 8 ], "rotation":180, "texture": "#main" }, 
                "south": { "uv": [ 2, 6, 2.5, 8 ], "rotation":180, "texture": "#main" }, 
                "west":  { "uv": [ 2, 6, 2.5, 8 ], "rotation":180, "texture": "#main" }, 
                "up":    { "uv": [ 2.5, 6.3125, 3, 6.8125 ], "texture": "#main" }, 
                "down":  { "uv": [ 2.5, 6.3125, 3, 6.8125 ], "texture": "#main" }
            }
        }, 
        {
            "name": "octagon", 
            "from": [ 6.3419, -0.9405, 7.31154 ], 
            "to":   [ 9.6581, -0.6845, 8.68846 ], 
            "rotation": { "angle": 0, "axis": "x", "origin": [8, 8, 8] }, 
            "faces": {
                "north": { "uv": [ 3, 6, 3.5, 8 ], "rotation":180, "texture": "#main" }, 
                "east":  { "uv": [ 3, 6, 3.5, 8 ], "rotation":180, "texture": "#main" }, 
                "south": { "uv": [ 3, 6, 3.5, 8 ], "rotation":180, "texture": "#main" }, 
                "west":  { "uv": [ 3, 6, 3.5, 8 ], "rotation":180, "texture": "#main" }, 
                "up":    { "uv": [ 2.5, 6.3125, 3, 6.8125 ], "texture": "#main" }, 
                "down":  { "uv": [ 2.5, 6.3125, 3, 6.8125 ], "texture": "#main" }
            }
        }, 
        {
            "name": "octagon", 
            "from": [ 7.44463, -1.4375, 6.65922 ], 
            "to":   [ 8.55537, -0.6875, 9.34078 ], 
            "rotation": { "angle": 0, "axis": "x", "origin": [8, 8, 8] }, 
            "faces": {
                "north": { "uv": [ 2, 6, 2.5, 8 ], "rotation":180, "texture": "#main" }, 
                "east":  { "uv": [ 2, 6, 2.5, 8 ], "rotation":180, "texture": "#main" }, 
                "south": { "uv": [ 2, 6, 2.5, 8 ], "rotation":180, "texture": "#main" }, 
                "west":  { "uv": [ 2, 6, 2.5, 8 ], "rotation":180, "texture": "#main" }, 
                "up":    { "uv": [ 2.5, 6.3125, 3, 6.8125 ], "texture": "#main" }, 
                "down":  { "uv": [ 2.5, 6.3125, 3, 6.8125 ], "texture": "#main" }
            }
        }, 
        {
            "name": "octagon", 
            "from": [ 6.65694, -1.4405, 7.44235 ], 
            "to":   [ 9.34306, -0.6845, 8.55765 ], 
            "rotation": { "angle": 0, "axis": "x", "origin": [8, 8, 8] }, 
            "faces": {
                "north": { "uv": [ 3, 6, 3.5, 8 ], "rotation":180, "texture": "#main" }, 
                "east":  { "uv": [ 3, 6, 3.5, 8 ], "rotation":180, "texture": "#main" }, 
                "south": { "uv": [ 3, 6, 3.5, 8 ], "rotation":180, "texture": "#main" }, 
                "west":  { "uv": [ 3, 6, 3.5, 8 ], "rotation":180, "texture": "#main" }, 
                "up":    { "uv": [ 2.5, 6.3125, 3, 6.8125 ], "texture": "#main" }, 
                "down":  { "uv": [ 2.5, 6.3125, 3, 6.8125 ], "texture": "#main" }
            }
        }, 
        {
            "name": "octagon", 
            "from": [ 7.31436, 18.8125, 6.34472 ], 
            "to":   [ 8.68564, 19.0625, 9.65528 ], 
            "rotation": { "angle": 0, "axis": "x", "origin": [8, 8, 8] }, 
            "faces": {
                "north": { "uv": [ 2, 6, 2.5, 8 ], "rotation":180, "texture": "#main" }, 
                "east":  { "uv": [ 2, 6, 2.5, 8 ], "rotation":180, "texture": "#main" }, 
                "south": { "uv": [ 2, 6, 2.5, 8 ], "rotation":180, "texture": "#main" }, 
                "west":  { "uv": [ 2, 6, 2.5, 8 ], "rotation":180, "texture": "#main" }, 
                "up":    { "uv": [ 2.5, 6.3125, 3, 6.8125 ], "texture": "#main" }, 
                "down":  { "uv": [ 2.5, 6.3125, 3, 6.8125 ], "texture": "#main" }
            }
        }, 
        {
            "name": "octagon", 
            "from": [ 6.3419, 18.8095, 7.31154 ], 
            "to":   [ 9.6581, 19.0655, 8.68846 ], 
            "rotation": { "angle": 0, "axis": "x", "origin": [8, 8, 8] }, 
            "faces": {
                "north": { "uv": [ 3, 6, 3.5, 8 ], "rotation":180, "texture": "#main" }, 
                "east":  { "uv": [ 3, 6, 3.5, 8 ], "rotation":180, "texture": "#main" }, 
                "south": { "uv": [ 3, 6, 3.5, 8 ], "rotation":180, "texture": "#main" }, 
                "west":  { "uv": [ 3, 6, 3.5, 8 ], "rotation":180, "texture": "#main" }, 
                "up":    { "uv": [ 2.5, 6.3125, 3, 6.8125 ], "texture": "#main" }, 
                "down":  { "uv": [ 2.5, 6.3125, 3, 6.8125 ], "texture": "#main" }
            }
        }, 
        {
            "name": "octagon", 
            "from": [ 7.27098, -0.6875, 6.24 ], 
            "to":   [ 8.72902, 16.3125, 9.76 ], 
            "rotation": { "angle": 0, "axis": "x", "origin": [8, 8, 8] }, 
            "faces": {
                "north": { "uv": [ 0, 4, 0.5, 6 ], "rotation":180, "texture": "#main" }, 
                "east":  { "uv": [ 0, 4, 0.5, 6 ], "rotation":180, "texture": "#main" }, 
                "south": { "uv": [ 0, 4, 0.5, 6 ], "rotation":180, "texture": "#main" }, 
                "west":  { "uv": [ 0, 4, 0.5, 6 ], "rotation":180, "texture": "#main" }, 
                "up":    { "uv": [ 0.5, 4.3125, 1, 4.8125 ], "texture": "#main" }, 
                "down":  { "uv": [ 0.5, 4.3125, 1, 4.8125 ], "texture": "#main" }
            }
        }, 
        {
            "name": "octagon", 
            "from": [ 6.237, -0.6905, 7.26798 ], 
            "to":   [ 9.763, 16.3155, 8.73202 ], 
            "rotation": { "angle": 0, "axis": "x", "origin": [8, 8, 8] }, 
            "faces": {
                "north": { "uv": [ 1, 4, 1.5, 6 ], "rotation":180, "texture": "#main" }, 
                "east":  { "uv": [ 1, 4, 1.5, 6 ], "rotation":180, "texture": "#main" }, 
                "south": { "uv": [ 1, 4, 1.5, 6 ], "rotation":180, "texture": "#main" }, 
                "west":  { "uv": [ 1, 4, 1.5, 6 ], "rotation":180, "texture": "#main" }, 
                "up":    { "uv": [ 0.5, 4.3125, 1, 4.8125 ], "texture": "#main" }, 
                "down":  { "uv": [ 0.5, 4.3125, 1, 4.8125 ], "texture": "#main" }
            }
        }, 
        {
            "name": "octagon", 
            "from": [ 7.27098, 16.8125, 6.24 ], 
            "to":   [ 8.72902, 18.8125, 9.76 ], 
            "rotation": { "angle": 0, "axis": "x", "origin": [8, 8, 8] }, 
            "faces": {
                "north": { "uv": [ 0, 4, 0.5, 6 ], "rotation":180, "texture": "#main" }, 
                "east":  { "uv": [ 0, 4, 0.5, 6 ], "rotation":180, "texture": "#main" }, 
                "south": { "uv": [ 0, 4, 0.5, 6 ], "rotation":180, "texture": "#main" }, 
                "west":  { "uv": [ 0, 4, 0.5, 6 ], "rotation":180, "texture": "#main" }, 
                "up":    { "uv": [ 0.5, 4.3125, 1, 4.8125 ], "texture": "#main" }, 
                "down":  { "uv": [ 0.5, 4.3125, 1, 4.8125 ], "texture": "#main" }
            }
        }, 
        {
            "name": "octagon", 
            "from": [ 6.237, 16.8095, 7.26798 ], 
            "to":   [ 9.763, 18.8155, 8.73202 ], 
            "rotation": { "angle": 0, "axis": "x", "origin": [8, 8, 8] }, 
            "faces": {
                "north": { "uv": [ 1, 4, 1.5, 6 ], "rotation":180, "texture": "#main" }, 
                "east":  { "uv": [ 1, 4, 1.5, 6 ], "rotation":180, "texture": "#main" }, 
                "south": { "uv": [ 1, 4, 1.5, 6 ], "rotation":180, "texture": "#main" }, 
                "west":  { "uv": [ 1, 4, 1.5, 6 ], "rotation":180, "texture": "#main" }, 
                "up":    { "uv": [ 0.5, 4.3125, 1, 4.8125 ], "texture": "#main" }, 
                "down":  { "uv": [ 0.5, 4.3125, 1, 4.8125 ], "texture": "#main" }
            }
        }, 
        {
            "name": "octagon", 
            "from": [ 7.26698, -3.6915, 6.236 ], 
            "to":   [ 8.73302, -2.1835, 9.764 ], 
            "rotation": { "angle": 45, "axis": "x", "origin": [8, 8, 8] }, 
            "faces": {
                "north": { "uv": [ 6, 4, 6.5, 5 ], "rotation":180, "texture": "#main" }, 
                "east":  { "uv": [ 6, 4, 6.5, 5 ], "rotation":180, "texture": "#main" }, 
                "south": { "uv": [ 6, 4, 6.5, 5 ], "rotation":180, "texture": "#main" }, 
                "west":  { "uv": [ 6, 4, 6.5, 5 ], "rotation":180, "texture": "#main" }, 
                "up":    { "uv": [ 4, 6, 6, 7 ], "rotation":90, "texture": "#main" }, 
                "down":  { "uv": [ 4, 6, 6, 7 ], "rotation":90, "texture": "#main" }
            }
        }, 
        {
            "name": "octagon", 
            "from": [ 6.237, -3.6905, 7.26798 ], 
            "to":   [ 9.763, -2.1845, 8.73202 ], 
            "rotation": { "angle": 45, "axis": "x", "origin": [8, 8, 8] }, 
            "faces": {
                "north": { "uv": [ 7, 4, 7.5, 5 ], "rotation":180, "texture": "#main" }, 
                "east":  { "uv": [ 7, 4, 7.5, 5 ], "rotation":180, "texture": "#main" }, 
                "south": { "uv": [ 7, 4, 7.5, 5 ], "rotation":180, "texture": "#main" }, 
                "west":  { "uv": [ 7, 4, 7.5, 5 ], "rotation":180, "texture": "#main" }, 
                "up":    { "uv": [ 4, 6, 6, 7 ], "texture": "#main" }, 
                "down":  { "uv": [ 4, 6, 6, 7 ], "texture": "#main" }
            }
        }, 
        {
            "name": "octagon", 
            "from": [ 7.59904, -3.1875, 7.032 ], 
            "to":   [ 8.40096, 17.3125, 8.968 ], 
            "rotation": { "angle": 45, "axis": "x", "origin": [8, 8, 8] }, 
            "faces": {
                "north": { "uv": [ 6, 6, 6.5, 8 ], "rotation":180, "texture": "#main" }, 
                "east":  { "uv": [ 6, 6, 6.5, 8 ], "rotation":180, "texture": "#main" }, 
                "south": { "uv": [ 6, 6, 6.5, 8 ], "rotation":180, "texture": "#main" }, 
                "west":  { "uv": [ 6, 6, 6.5, 8 ], "rotation":180, "texture": "#main" }, 
                "up":    { "uv": [ 6.5, 6.3125, 7, 6.8125 ], "texture": "#main" }, 
                "down":  { "uv": [ 6.5, 6.3125, 7, 6.8125 ], "texture": "#main" }
            }
        }, 
        {
            "name": "octagon", 
            "from": [ 7.03035, -3.1905, 7.59739 ], 
            "to":   [ 8.96965, 17.3155, 8.40261 ], 
            "rotation": { "angle": 45, "axis": "x", "origin": [8, 8, 8] }, 
            "faces": {
                "north": { "uv": [ 7, 6, 7.5, 8 ], "rotation":180, "texture": "#main" }, 
                "east":  { "uv": [ 7, 6, 7.5, 8 ], "rotation":180, "texture": "#main" }, 
                "south": { "uv": [ 7, 6, 7.5, 8 ], "rotation":180, "texture": "#main" }, 
                "west":  { "uv": [ 7, 6, 7.5, 8 ], "rotation":180, "texture": "#main" }, 
                "up":    { "uv": [ 6.5, 6.3125, 7, 6.8125 ], "texture": "#main" }, 
                "down":  { "uv": [ 6.5, 6.3125, 7, 6.8125 ], "texture": "#main" }
            }
        }, 
        {
            "name": "octagon", 
            "from": [ 7.31436, -0.9375, 6.34472 ], 
            "to":   [ 8.68564, -0.6875, 9.65528 ], 
            "rotation": { "angle": 45, "axis": "x", "origin": [8, 8, 8] }, 
            "faces": {
                "north": { "uv": [ 6, 6, 6.5, 8 ], "rotation":180, "texture": "#main" }, 
                "east":  { "uv": [ 6, 6, 6.5, 8 ], "rotation":180, "texture": "#main" }, 
                "south": { "uv": [ 6, 6, 6.5, 8 ], "rotation":180, "texture": "#main" }, 
                "west":  { "uv": [ 6, 6, 6.5, 8 ], "rotation":180, "texture": "#main" }, 
                "up":    { "uv": [ 6.5, 6.3125, 7, 6.8125 ], "texture": "#main" }, 
                "down":  { "uv": [ 6.5, 6.3125, 7, 6.8125 ], "texture": "#main" }
            }
        }, 
        {
            "name": "octagon", 
            "from": [ 6.3419, -0.9405, 7.31154 ], 
            "to":   [ 9.6581, -0.6845, 8.68846 ], 
            "rotation": { "angle": 45, "axis": "x", "origin": [8, 8, 8] }, 
            "faces": {
                "north": { "uv": [ 7, 6, 7.5, 8 ], "rotation":180, "texture": "#main" }, 
                "east":  { "uv": [ 7, 6, 7.5, 8 ], "rotation":180, "texture": "#main" }, 
                "south": { "uv": [ 7, 6, 7.5, 8 ], "rotation":180, "texture": "#main" }, 
                "west":  { "uv": [ 7, 6, 7.5, 8 ], "rotation":180, "texture": "#main" }, 
                "up":    { "uv": [ 6.5, 6.3125, 7, 6.8125 ], "texture": "#main" }, 
                "down":  { "uv": [ 6.5, 6.3125, 7, 6.8125 ], "texture": "#main" }
            }
        }, 
        {
            "name": "octagon", 
            "from": [ 7.44463, -1.4375, 6.65922 ], 
            "to":   [ 8.55537, -0.6875, 9.34078 ], 
            "rotation": { "angle": 45, "axis": "x", "origin": [8, 8, 8] }, 
            "faces": {
                "north": { "uv": [ 6, 6, 6.5, 8 ], "rotation":180, "texture": "#main" }, 
                "east":  { "uv": [ 6, 6, 6.5, 8 ], "rotation":180, "texture": "#main" }, 
                "south": { "uv": [ 6, 6, 6.5, 8 ], "rotation":180, "texture": "#main" }, 
                "west":  { "uv": [ 6, 6, 6.5, 8 ], "rotation":180, "texture": "#main" }, 
                "up":    { "uv": [ 6.5, 6.3125, 7, 6.8125 ], "texture": "#main" }, 
                "down":  { "uv": [ 6.5, 6.3125, 7, 6.8125 ], "texture": "#main" }
            }
        }, 
        {
            "name": "octagon", 
            "from": [ 6.65694, -1.4405, 7.44235 ], 
            "to":   [ 9.34306, -0.6845, 8.55765 ], 
            "rotation": { "angle": 45, "axis": "x", "origin": [8, 8, 8] }, 
            "faces": {
                "north": { "uv": [ 7, 6, 7.5, 8 ], "rotation":180, "texture": "#main" }, 
                "east":  { "uv": [ 7, 6, 7.5, 8 ], "rotation":180, "texture": "#main" }, 
                "south": { "uv": [ 7, 6, 7.5, 8 ], "rotation":180, "texture": "#main" }, 
                "west":  { "uv": [ 7, 6, 7.5, 8 ], "rotation":180, "texture": "#main" }, 
                "up":    { "uv": [ 6.5, 6.3125, 7, 6.8125 ], "texture": "#main" }, 
                "down":  { "uv": [ 6.5, 6.3125, 7, 6.8125 ], "texture": "#main" }
            }
        }, 
        {
            "name": "octagon", 
            "from": [ 7.31436, 18.8125, 6.34472 ], 
            "to":   [ 8.68564, 19.0625, 9.65528 ], 
            "rotation": { "angle": 45, "axis": "x", "origin": [8, 8, 8] }, 
            "faces": {
                "north": { "uv": [ 6, 6, 6.5, 8 ], "rotation":180, "texture": "#main" }, 
                "east":  { "uv": [ 6, 6, 6.5, 8 ], "rotation":180, "texture": "#main" }, 
                "south": { "uv": [ 6, 6, 6.5, 8 ], "rotation":180, "texture": "#main" }, 
                "west":  { "uv": [ 6, 6, 6.5, 8 ], "rotation":180, "texture": "#main" }, 
                "up":    { "uv": [ 6.5, 6.3125, 7, 6.8125 ], "texture": "#main" }, 
                "down":  { "uv": [ 6.5, 6.3125, 7, 6.8125 ], "texture": "#main" }
            }
        }, 
        {
            "name": "octagon", 
            "from": [ 6.3419, 18.8095, 7.31154 ], 
            "to":   [ 9.6581, 19.0655, 8.68846 ], 
            "rotation": { "angle": 45, "axis": "x", "origin": [8, 8, 8] }, 
            "faces": {
                "north": { "uv": [ 7, 6, 7.5, 8 ], "rotation":180, "texture": "#main" }, 
                "east":  { "uv": [ 7, 6, 7.5, 8 ], "rotation":180, "texture": "#main" }, 
                "south": { "uv": [ 7, 6, 7.5, 8 ], "rotation":180, "texture": "#main" }, 
                "west":  { "uv": [ 7, 6, 7.5, 8 ], "rotation":180, "texture": "#main" }, 
                "up":    { "uv": [ 6.5, 6.3125, 7, 6.8125 ], "texture": "#main" }, 
                "down":  { "uv": [ 6.5, 6.3125, 7, 6.8125 ], "texture": "#main" }
            }
        }, 
        {
            "name": "octagon", 
            "from": [ 7.27098, -0.6875, 6.24 ], 
            "to":   [ 8.72902, 16.3125, 9.76 ], 
            "rotation": { "angle": 45, "axis": "x", "origin": [8, 8, 8] }, 
            "faces": {
                "north": { "uv": [ 4, 4, 4.5, 6 ], "rotation":180, "texture": "#main" }, 
                "east":  { "uv": [ 4, 4, 4.5, 6 ], "rotation":180, "texture": "#main" }, 
                "south": { "uv": [ 4, 4, 4.5, 6 ], "rotation":180, "texture": "#main" }, 
                "west":  { "uv": [ 4, 4, 4.5, 6 ], "rotation":180, "texture": "#main" }, 
                "up":    { "uv": [ 4.5, 4.3125, 5, 4.8125 ], "texture": "#main" }, 
                "down":  { "uv": [ 4.5, 4.3125, 5, 4.8125 ], "texture": "#main" }
            }
        }, 
        {
            "name": "octagon", 
            "from": [ 6.237, -0.6905, 7.26798 ], 
            "to":   [ 9.763, 16.3155, 8.73202 ], 
            "rotation": { "angle": 45, "axis": "x", "origin": [8, 8, 8] }, 
            "faces": {
                "north": { "uv": [ 5, 4, 5.5, 6 ], "rotation":180, "texture": "#main" }, 
                "east":  { "uv": [ 5, 4, 5.5, 6 ], "rotation":180, "texture": "#main" }, 
                "south": { "uv": [ 5, 4, 5.5, 6 ], "rotation":180, "texture": "#main" }, 
                "west":  { "uv": [ 5, 4, 5.5, 6 ], "rotation":180, "texture": "#main" }, 
                "up":    { "uv": [ 4.5, 4.3125, 5, 4.8125 ], "texture": "#main" }, 
                "down":  { "uv": [ 4.5, 4.3125, 5, 4.8125 ], "texture": "#main" }
            }
        }, 
        {
            "name": "octagon", 
            "from": [ 7.27098, 16.8125, 6.24 ], 
            "to":   [ 8.72902, 18.8125, 9.76 ], 
            "rotation": { "angle": 45, "axis": "x", "origin": [8, 8, 8] }, 
            "faces": {
                "north": { "uv": [ 4, 4, 4.5, 6 ], "rotation":180, "texture": "#main" }, 
                "east":  { "uv": [ 4, 4, 4.5, 6 ], "rotation":180, "texture": "#main" }, 
                "south": { "uv": [ 4, 4, 4.5, 6 ], "rotation":180, "texture": "#main" }, 
                "west":  { "uv": [ 4, 4, 4.5, 6 ], "rotation":180, "texture": "#main" }, 
                "up":    { "uv": [ 4.5, 4.3125, 5, 4.8125 ], "texture": "#main" }, 
                "down":  { "uv": [ 4.5, 4.3125, 5, 4.8125 ], "texture": "#main" }
            }
        }, 
        {
            "name": "octagon", 
            "from": [ 6.237, 16.8095, 7.26798 ], 
            "to":   [ 9.763, 18.8155, 8.73202 ], 
            "rotation": { "angle": 45, "axis": "x", "origin": [8, 8, 8] }, 
            "faces": {
                "north": { "uv": [ 5, 4, 5.5, 6 ], "rotation":180, "texture": "#main" }, 
                "east":  { "uv": [ 5, 4, 5.5, 6 ], "rotation":180, "texture": "#main" }, 
                "south": { "uv": [ 5, 4, 5.5, 6 ], "rotation":180, "texture": "#main" }, 
                "west":  { "uv": [ 5, 4, 5.5, 6 ], "rotation":180, "texture": "#main" }, 
                "up":    { "uv": [ 4.5, 4.3125, 5, 4.8125 ], "texture": "#main" }, 
                "down":  { "uv": [ 4.5, 4.3125, 5, 4.8125 ], "texture": "#main" }
            }
        }, 
        {
            "name": "octagon", 
            "from": [ 7.26698, 6.236, -3.6915 ], 
            "to":   [ 8.73302, 9.764, -2.1835 ], 
            "rotation": { "angle": 0, "axis": "x", "origin": [8, 8, 8] }, 
            "faces": {
                "north": { "uv": [ 8, 6, 10, 7 ], "rotation":270, "texture": "#main" }, 
                "east":  { "uv": [ 10, 4, 10.5, 5 ], "rotation":90, "texture": "#main" }, 
                "south": { "uv": [ 8, 6, 10, 7 ], "rotation":90, "texture": "#main" }, 
                "west":  { "uv": [ 10, 4, 10.5, 5 ], "rotation":270, "texture": "#main" }, 
                "up":    { "uv": [ 10, 4, 10.5, 5 ], "texture": "#main" }, 
                "down":  { "uv": [ 10, 4, 10.5, 5 ], "rotation":180, "texture": "#main" }
            }
        }, 
        {
            "name": "octagon", 
            "from": [ 6.237, 7.26798, -3.6905 ], 
            "to":   [ 9.763, 8.73202, -2.1845 ], 
            "rotation": { "angle": 0, "axis": "x", "origin": [8, 8, 8] }, 
            "faces": {
                "north": { "uv": [ 8, 6, 10, 7 ], "rotation":180, "texture": "#main" }, 
                "east":  { "uv": [ 11, 4, 11.5, 5 ], "rotation":90, "texture": "#main" }, 
                "south": { "uv": [ 8, 6, 10, 7 ], "texture": "#main" }, 
                "west":  { "uv": [ 11, 4, 11.5, 5 ], "rotation":270, "texture": "#main" }, 
                "up":    { "uv": [ 11, 4, 11.5, 5 ], "texture": "#main" }, 
                "down":  { "uv": [ 11, 4, 11.5, 5 ], "rotation":180, "texture": "#main" }
            }
        }, 
        {
            "name": "octagon", 
            "from": [ 7.59904, 7.032, -3.1875 ], 
            "to":   [ 8.40096, 8.968, 17.3125 ], 
            "rotation": { "angle": 0, "axis": "x", "origin": [8, 8, 8] }, 
            "faces": {
                "north": { "uv": [ 10.5, 6.3125, 11, 6.8125 ], "rotation":180, "texture": "#main" }, 
                "east":  { "uv": [ 10, 6, 10.5, 8 ], "rotation":90, "texture": "#main" }, 
                "south": { "uv": [ 10.5, 6.3125, 11, 6.8125 ], "texture": "#main" }, 
                "west":  { "uv": [ 10, 6, 10.5, 8 ], "rotation":270, "texture": "#main" }, 
                "up":    { "uv": [ 10, 6, 10.5, 8 ], "texture": "#main" }, 
                "down":  { "uv": [ 10, 6, 10.5, 8 ], "rotation":180, "texture": "#main" }
            }
        }, 
        {
            "name": "octagon", 
            "from": [ 7.03035, 7.59739, -3.1905 ], 
            "to":   [ 8.96965, 8.40261, 17.3155 ], 
            "rotation": { "angle": 0, "axis": "x", "origin": [8, 8, 8] }, 
            "faces": {
                "north": { "uv": [ 10.5, 6.3125, 11, 6.8125 ], "rotation":180, "texture": "#main" }, 
                "east":  { "uv": [ 11, 6, 11.5, 8 ], "rotation":90, "texture": "#main" }, 
                "south": { "uv": [ 10.5, 6.3125, 11, 6.8125 ], "texture": "#main" }, 
                "west":  { "uv": [ 11, 6, 11.5, 8 ], "rotation":270, "texture": "#main" }, 
                "up":    { "uv": [ 11, 6, 11.5, 8 ], "texture": "#main" }, 
                "down":  { "uv": [ 11, 6, 11.5, 8 ], "rotation":180, "texture": "#main" }
            }
        }, 
        {
            "name": "octagon", 
            "from": [ 7.31436, 6.34472, -0.9375 ], 
            "to":   [ 8.68564, 9.65528, -0.6875 ], 
            "rotation": { "angle": 0, "axis": "x", "origin": [8, 8, 8] }, 
            "faces": {
                "north": { "uv": [ 10.5, 6.3125, 11, 6.8125 ], "rotation":180, "texture": "#main" }, 
                "east":  { "uv": [ 10, 6, 10.5, 8 ], "rotation":90, "texture": "#main" }, 
                "south": { "uv": [ 10.5, 6.3125, 11, 6.8125 ], "texture": "#main" }, 
                "west":  { "uv": [ 10, 6, 10.5, 8 ], "rotation":270, "texture": "#main" }, 
                "up":    { "uv": [ 10, 6, 10.5, 8 ], "texture": "#main" }, 
                "down":  { "uv": [ 10, 6, 10.5, 8 ], "rotation":180, "texture": "#main" }
            }
        }, 
        {
            "name": "octagon", 
            "from": [ 6.3419, 7.31154, -0.9405 ], 
            "to":   [ 9.6581, 8.68846, -0.6845 ], 
            "rotation": { "angle": 0, "axis": "x", "origin": [8, 8, 8] }, 
            "faces": {
                "north": { "uv": [ 10.5, 6.3125, 11, 6.8125 ], "rotation":180, "texture": "#main" }, 
                "east":  { "uv": [ 11, 6, 11.5, 8 ], "rotation":90, "texture": "#main" }, 
                "south": { "uv": [ 10.5, 6.3125, 11, 6.8125 ], "texture": "#main" }, 
                "west":  { "uv": [ 11, 6, 11.5, 8 ], "rotation":270, "texture": "#main" }, 
                "up":    { "uv": [ 11, 6, 11.5, 8 ], "texture": "#main" }, 
                "down":  { "uv": [ 11, 6, 11.5, 8 ], "rotation":180, "texture": "#main" }
            }
        }, 
        {
            "name": "octagon", 
            "from": [ 7.44463, 6.65922, -1.4375 ], 
            "to":   [ 8.55537, 9.34078, -0.6875 ], 
            "rotation": { "angle": 0, "axis": "x", "origin": [8, 8, 8] }, 
            "faces": {
                "north": { "uv": [ 10.5, 6.3125, 11, 6.8125 ], "rotation":180, "texture": "#main" }, 
                "east":  { "uv": [ 10, 6, 10.5, 8 ], "rotation":90, "texture": "#main" }, 
                "south": { "uv": [ 10.5, 6.3125, 11, 6.8125 ], "texture": "#main" }, 
                "west":  { "uv": [ 10, 6, 10.5, 8 ], "rotation":270, "texture": "#main" }, 
                "up":    { "uv": [ 10, 6, 10.5, 8 ], "texture": "#main" }, 
                "down":  { "uv": [ 10, 6, 10.5, 8 ], "rotation":180, "texture": "#main" }
            }
        }, 
        {
            "name": "octagon", 
            "from": [ 6.65694, 7.44235, -1.4405 ], 
            "to":   [ 9.34306, 8.55765, -0.6845 ], 
            "rotation": { "angle": 0, "axis": "x", "origin": [8, 8, 8] }, 
            "faces": {
                "north": { "uv": [ 10.5, 6.3125, 11, 6.8125 ], "rotation":180, "texture": "#main" }, 
                "east":  { "uv": [ 11, 6, 11.5, 8 ], "rotation":90, "texture": "#main" }, 
                "south": { "uv": [ 10.5, 6.3125, 11, 6.8125 ], "texture": "#main" }, 
                "west":  { "uv": [ 11, 6, 11.5, 8 ], "rotation":270, "texture": "#main" }, 
                "up":    { "uv": [ 11, 6, 11.5, 8 ], "texture": "#main" }, 
                "down":  { "uv": [ 11, 6, 11.5, 8 ], "rotation":180, "texture": "#main" }
            }
        }, 
        {
            "name": "octagon", 
            "from": [ 7.31436, 6.34472, 18.8125 ], 
            "to":   [ 8.68564, 9.65528, 19.0625 ], 
            "rotation": { "angle": 0, "axis": "x", "origin": [8, 8, 8] }, 
            "faces": {
                "north": { "uv": [ 10.5, 6.3125, 11, 6.8125 ], "rotation":180, "texture": "#main" }, 
                "east":  { "uv": [ 10, 6, 10.5, 8 ], "rotation":90, "texture": "#main" }, 
                "south": { "uv": [ 10.5, 6.3125, 11, 6.8125 ], "texture": "#main" }, 
                "west":  { "uv": [ 10, 6, 10.5, 8 ], "rotation":270, "texture": "#main" }, 
                "up":    { "uv": [ 10, 6, 10.5, 8 ], "texture": "#main" }, 
                "down":  { "uv": [ 10, 6, 10.5, 8 ], "rotation":180, "texture": "#main" }
            }
        }, 
        {
            "name": "octagon", 
            "from": [ 6.3419, 7.31154, 18.8095 ], 
            "to":   [ 9.6581, 8.68846, 19.0655 ], 
            "rotation": { "angle": 0, "axis": "x", "origin": [8, 8, 8] }, 
            "faces": {
                "north": { "uv": [ 10.5, 6.3125, 11, 6.8125 ], "rotation":180, "texture": "#main" }, 
                "east":  { "uv": [ 11, 6, 11.5, 8 ], "rotation":90, "texture": "#main" }, 
                "south": { "uv": [ 10.5, 6.3125, 11, 6.8125 ], "texture": "#main" }, 
                "west":  { "uv": [ 11, 6, 11.5, 8 ], "rotation":270, "texture": "#main" }, 
                "up":    { "uv": [ 11, 6, 11.5, 8 ], "texture": "#main" }, 
                "down":  { "uv": [ 11, 6, 11.5, 8 ], "rotation":180, "texture": "#main" }
            }
        }, 
        {
            "name": "octagon", 
            "from": [ 7.27098, 6.24, -0.6875 ], 
            "to":   [ 8.72902, 9.76, 16.3125 ], 
            "rotation": { "angle": 0, "axis": "x", "origin": [8, 8, 8] }, 
            "faces": {
                "north": { "uv": [ 8.5, 4.3125, 9, 4.8125 ], "rotation":180, "texture": "#main" }, 
                "east":  { "uv": [ 8, 4, 8.5, 6 ], "rotation":90, "texture": "#main" }, 
                "south": { "uv": [ 8.5, 4.3125, 9, 4.8125 ], "texture": "#main" }, 
                "west":  { "uv": [ 8, 4, 8.5, 6 ], "rotation":270, "texture": "#main" }, 
                "up":    { "uv": [ 8, 4, 8.5, 6 ], "texture": "#main" }, 
                "down":  { "uv": [ 8, 4, 8.5, 6 ], "rotation":180, "texture": "#main" }
            }
        }, 
        {
            "name": "octagon", 
            "from": [ 6.237, 7.26798, -0.6905 ], 
            "to":   [ 9.763, 8.73202, 16.3155 ], 
            "rotation": { "angle": 0, "axis": "x", "origin": [8, 8, 8] }, 
            "faces": {
                "north": { "uv": [ 8.5, 4.3125, 9, 4.8125 ], "rotation":180, "texture": "#main" }, 
                "east":  { "uv": [ 9, 4, 9.5, 6 ], "rotation":90, "texture": "#main" }, 
                "south": { "uv": [ 8.5, 4.3125, 9, 4.8125 ], "texture": "#main" }, 
                "west":  { "uv": [ 9, 4, 9.5, 6 ], "rotation":270, "texture": "#main" }, 
                "up":    { "uv": [ 9, 4, 9.5, 6 ], "texture": "#main" }, 
                "down":  { "uv": [ 9, 4, 9.5, 6 ], "rotation":180, "texture": "#main" }
            }
        }, 
        {
            "name": "octagon", 
            "from": [ 7.27098, 6.24, 16.8125 ], 
            "to":   [ 8.72902, 9.76, 18.8125 ], 
            "rotation": { "angle": 0, "axis": "x", "origin": [8, 8, 8] }, 
            "faces": {
                "north": { "uv": [ 8.5, 4.3125, 9, 4.8125 ], "rotation":180, "texture": "#main" }, 
                "east":  { "uv": [ 8, 4, 8.5, 6 ], "rotation":90, "texture": "#main" }, 
                "south": { "uv": [ 8.5, 4.3125, 9, 4.8125 ], "texture": "#main" }, 
                "west":  { "uv": [ 8, 4, 8.5, 6 ], "rotation":270, "texture": "#main" }, 
                "up":    { "uv": [ 8, 4, 8.5, 6 ], "texture": "#main" }, 
                "down":  { "uv": [ 8, 4, 8.5, 6 ], "rotation":180, "texture": "#main" }
            }
        }, 
        {
            "name": "octagon", 
            "from": [ 6.237, 7.26798, 16.8095 ], 
            "to":   [ 9.763, 8.73202, 18.8155 ], 
            "rotation": { "angle": 0, "axis": "x", "origin": [8, 8, 8] }, 
            "faces": {
                "north": { "uv": [ 8.5, 4.3125, 9, 4.8125 ], "rotation":180, "texture": "#main" }, 
                "east":  { "uv": [ 9, 4, 9.5, 6 ], "rotation":90, "texture": "#main" }, 
                "south": { "uv": [ 8.5, 4.3125, 9, 4.8125 ], "texture": "#main" }, 
                "west":  { "uv": [ 9, 4, 9.5, 6 ], "rotation":270, "texture": "#main" }, 
                "up":    { "uv": [ 9, 4, 9.5, 6 ], "texture": "#main" }, 
                "down":  { "uv": [ 9, 4, 9.5, 6 ], "rotation":180, "texture": "#main" }
            }
        }, 
        {
            "name": "octagon", 
            "from": [ 7.26698, 6.236, -3.6915 ], 
            "to":   [ 8.73302, 9.764, -2.1835 ], 
            "rotation": { "angle": 45, "axis": "x", "origin": [8, 8, 8] }, 
            "faces": {
                "north": { "uv": [ 12, 6, 14, 7 ], "rotation":270, "texture": "#main" }, 
                "east":  { "uv": [ 14, 4, 14.5, 5 ], "rotation":90, "texture": "#main" }, 
                "south": { "uv": [ 12, 6, 14, 7 ], "rotation":90, "texture": "#main" }, 
                "west":  { "uv": [ 14, 4, 14.5, 5 ], "rotation":270, "texture": "#main" }, 
                "up":    { "uv": [ 14, 4, 14.5, 5 ], "texture": "#main" }, 
                "down":  { "uv": [ 14, 4, 14.5, 5 ], "rotation":180, "texture": "#main" }
            }
        }, 
        {
            "name": "octagon", 
            "from": [ 6.237, 7.26798, -3.6905 ], 
            "to":   [ 9.763, 8.73202, -2.1845 ], 
            "rotation": { "angle": 45, "axis": "x", "origin": [8, 8, 8] }, 
            "faces": {
                "north": { "uv": [ 12, 6, 14, 7 ], "rotation":180, "texture": "#main" }, 
                "east":  { "uv": [ 15, 4, 15.5, 5 ], "rotation":90, "texture": "#main" }, 
                "south": { "uv": [ 12, 6, 14, 7 ], "texture": "#main" }, 
                "west":  { "uv": [ 15, 4, 15.5, 5 ], "rotation":270, "texture": "#main" }, 
                "up":    { "uv": [ 15, 4, 15.5, 5 ], "texture": "#main" }, 
                "down":  { "uv": [ 15, 4, 15.5, 5 ], "rotation":180, "texture": "#main" }
            }
        }, 
        {
            "name": "octagon", 
            "from": [ 7.59904, 7.032, -3.1875 ], 
            "to":   [ 8.40096, 8.968, 17.3125 ], 
            "rotation": { "angle": 45, "axis": "x", "origin": [8, 8, 8] }, 
            "faces": {
                "north": { "uv": [ 14.5, 6.3125, 15, 6.8125 ], "rotation":180, "texture": "#main" }, 
                "east":  { "uv": [ 14, 6, 14.5, 8 ], "rotation":90, "texture": "#main" }, 
                "south": { "uv": [ 14.5, 6.3125, 15, 6.8125 ], "texture": "#main" }, 
                "west":  { "uv": [ 14, 6, 14.5, 8 ], "rotation":270, "texture": "#main" }, 
                "up":    { "uv": [ 14, 6, 14.5, 8 ], "texture": "#main" }, 
                "down":  { "uv": [ 14, 6, 14.5, 8 ], "rotation":180, "texture": "#main" }
            }
        }, 
        {
            "name": "octagon", 
            "from": [ 7.03035, 7.59739, -3.1905 ], 
            "to":   [ 8.96965, 8.40261, 17.3155 ], 
            "rotation": { "angle": 45, "axis": "x", "origin": [8, 8, 8] }, 
            "faces": {
                "north": { "uv": [ 14.5, 6.3125, 15, 6.8125 ], "rotation":180, "texture": "#main" }, 
                "east":  { "uv": [ 15, 6, 15.5, 8 ], "rotation":90, "texture": "#main" }, 
                "south": { "uv": [ 14.5, 6.3125, 15, 6.8125 ], "texture": "#main" }, 
                "west":  { "uv": [ 15, 6, 15.5, 8 ], "rotation":270, "texture": "#main" }, 
                "up":    { "uv": [ 15, 6, 15.5, 8 ], "texture": "#main" }, 
                "down":  { "uv": [ 15, 6, 15.5, 8 ], "rotation":180, "texture": "#main" }
            }
        }, 
        {
            "name": "octagon", 
            "from": [ 7.31436, 6.34472, -0.9375 ], 
            "to":   [ 8.68564, 9.65528, -0.6875 ], 
            "rotation": { "angle": 45, "axis": "x", "origin": [8, 8, 8] }, 
            "faces": {
                "north": { "uv": [ 14.5, 6.3125, 15, 6.8125 ], "rotation":180, "texture": "#main" }, 
                "east":  { "uv": [ 14, 6, 14.5, 8 ], "rotation":90, "texture": "#main" }, 
                "south": { "uv": [ 14.5, 6.3125, 15, 6.8125 ], "texture": "#main" }, 
                "west":  { "uv": [ 14, 6, 14.5, 8 ], "rotation":270, "texture": "#main" }, 
                "up":    { "uv": [ 14, 6, 14.5, 8 ], "texture": "#main" }, 
                "down":  { "uv": [ 14, 6, 14.5, 8 ], "rotation":180, "texture": "#main" }
            }
        }, 
        {
            "name": "octagon", 
            "from": [ 6.3419, 7.31154, -0.9405 ], 
            "to":   [ 9.6581, 8.68846, -0.6845 ], 
            "rotation": { "angle": 45, "axis": "x", "origin": [8, 8, 8] }, 
            "faces": {
                "north": { "uv": [ 14.5, 6.3125, 15, 6.8125 ], "rotation":180, "texture": "#main" }, 
                "east":  { "uv": [ 15, 6, 15.5, 8 ], "rotation":90, "texture": "#main" }, 
                "south": { "uv": [ 14.5, 6.3125, 15, 6.8125 ], "texture": "#main" }, 
                "west":  { "uv": [ 15, 6, 15.5, 8 ], "rotation":270, "texture": "#main" }, 
                "up":    { "uv": [ 15, 6, 15.5, 8 ], "texture": "#main" }, 
                "down":  { "uv": [ 15, 6, 15.5, 8 ], "rotation":180, "texture": "#main" }
            }
        }, 
        {
            "name": "octagon", 
            "from": [ 7.44463, 6.65922, -1.4375 ], 
            "to":   [ 8.55537, 9.34078, -0.6875 ], 
            "rotation": { "angle": 45, "axis": "x", "origin": [8, 8, 8] }, 
            "faces": {
                "north": { "uv": [ 14.5, 6.3125, 15, 6.8125 ], "rotation":180, "texture": "#main" }, 
                "east":  { "uv": [ 14, 6, 14.5, 8 ], "rotation":90, "texture": "#main" }, 
                "south": { "uv": [ 14.5, 6.3125, 15, 6.8125 ], "texture": "#main" }, 
                "west":  { "uv": [ 14, 6, 14.5, 8 ], "rotation":270, "texture": "#main" }, 
                "up":    { "uv": [ 14, 6, 14.5, 8 ], "texture": "#main" }, 
                "down":  { "uv": [ 14, 6, 14.5, 8 ], "rotation":180, "texture": "#main" }
            }
        }, 
        {
            "name": "octagon", 
            "from": [ 6.65694, 7.44235, -1.4405 ], 
            "to":   [ 9.34306, 8.55765, -0.6845 ], 
            "rotation": { "angle": 45, "axis": "x", "origin": [8, 8, 8] }, 
            "faces": {
                "north": { "uv": [ 14.5, 6.3125, 15, 6.8125 ], "rotation":180, "texture": "#main" }, 
                "east":  { "uv": [ 15, 6, 15.5, 8 ], "rotation":90, "texture": "#main" }, 
                "south": { "uv": [ 14.5, 6.3125, 15, 6.8125 ], "texture": "#main" }, 
                "west":  { "uv": [ 15, 6, 15.5, 8 ], "rotation":270, "texture": "#main" }, 
                "up":    { "uv": [ 15, 6, 15.5, 8 ], "texture": "#main" }, 
                "down":  { "uv": [ 15, 6, 15.5, 8 ], "rotation":180, "texture": "#main" }
            }
        }, 
        {
            "name": "octagon", 
            "from": [ 7.31436, 6.34472, 18.8125 ], 
            "to":   [ 8.68564, 9.65528, 19.0625 ], 
            "rotation": { "angle": 45, "axis": "x", "origin": [8, 8, 8] }, 
            "faces": {
                "north": { "uv": [ 14.5, 6.3125, 15, 6.8125 ], "rotation":180, "texture": "#main" }, 
                "east":  { "uv": [ 14, 6, 14.5, 8 ], "rotation":90, "texture": "#main" }, 
                "south": { "uv": [ 14.5, 6.3125, 15, 6.8125 ], "texture": "#main" }, 
                "west":  { "uv": [ 14, 6, 14.5, 8 ], "rotation":270, "texture": "#main" }, 
                "up":    { "uv": [ 14, 6, 14.5, 8 ], "texture": "#main" }, 
                "down":  { "uv": [ 14, 6, 14.5, 8 ], "rotation":180, "texture": "#main" }
            }
        }, 
        {
            "name": "octagon", 
            "from": [ 6.3419, 7.31154, 18.8095 ], 
            "to":   [ 9.6581, 8.68846, 19.0655 ], 
            "rotation": { "angle": 45, "axis": "x", "origin": [8, 8, 8] }, 
            "faces": {
                "north": { "uv": [ 14.5, 6.3125, 15, 6.8125 ], "rotation":180, "texture": "#main" }, 
                "east":  { "uv": [ 15, 6, 15.5, 8 ], "rotation":90, "texture": "#main" }, 
                "south": { "uv": [ 14.5, 6.3125, 15, 6.8125 ], "texture": "#main" }, 
                "west":  { "uv": [ 15, 6, 15.5, 8 ], "rotation":270, "texture": "#main" }, 
                "up":    { "uv": [ 15, 6, 15.5, 8 ], "texture": "#main" }, 
                "down":  { "uv": [ 15, 6, 15.5, 8 ], "rotation":180, "texture": "#main" }
            }
        }, 
        {
            "name": "octagon", 
            "from": [ 7.27098, 6.24, -0.6875 ], 
            "to":   [ 8.72902, 9.76, 16.3125 ], 
            "rotation": { "angle": 45, "axis": "x", "origin": [8, 8, 8] }, 
            "faces": {
                "north": { "uv": [ 12.5, 4.3125, 13, 4.8125 ], "rotation":180, "texture": "#main" }, 
                "east":  { "uv": [ 12, 4, 12.5, 6 ], "rotation":90, "texture": "#main" }, 
                "south": { "uv": [ 12.5, 4.3125, 13, 4.8125 ], "texture": "#main" }, 
                "west":  { "uv": [ 12, 4, 12.5, 6 ], "rotation":270, "texture": "#main" }, 
                "up":    { "uv": [ 12, 4, 12.5, 6 ], "texture": "#main" }, 
                "down":  { "uv": [ 12, 4, 12.5, 6 ], "rotation":180, "texture": "#main" }
            }
        }, 
        {
            "name": "octagon", 
            "from": [ 6.237, 7.26798, -0.6905 ], 
            "to":   [ 9.763, 8.73202, 16.3155 ], 
            "rotation": { "angle": 45, "axis": "x", "origin": [8, 8, 8] }, 
            "faces": {
                "north": { "uv": [ 12.5, 4.3125, 13, 4.8125 ], "rotation":180, "texture": "#main" }, 
                "east":  { "uv": [ 13, 4, 13.5, 6 ], "rotation":90, "texture": "#main" }, 
                "south": { "uv": [ 12.5, 4.3125, 13, 4.8125 ], "texture": "#main" }, 
                "west":  { "uv": [ 13, 4, 13.5, 6 ], "rotation":270, "texture": "#main" }, 
                "up":    { "uv": [ 13, 4, 13.5, 6 ], "texture": "#main" }, 
                "down":  { "uv": [ 13, 4, 13.5, 6 ], "rotation":180, "texture": "#main" }
            }
        }, 
        {
            "name": "octagon", 
            "from": [ 7.27098, 6.24, 16.8125 ], 
            "to":   [ 8.72902, 9.76, 18.8125 ], 
            "rotation": { "angle": 45, "axis": "x", "origin": [8, 8, 8] }, 
            "faces": {
                "north": { "uv": [ 12.5, 4.3125, 13, 4.8125 ], "rotation":180, "texture": "#main" }, 
                "east":  { "uv": [ 12, 4, 12.5, 6 ], "rotation":90, "texture": "#main" }, 
                "south": { "uv": [ 12.5, 4.3125, 13, 4.8125 ], "texture": "#main" }, 
                "west":  { "uv": [ 12, 4, 12.5, 6 ], "rotation":270, "texture": "#main" }, 
                "up":    { "uv": [ 12, 4, 12.5, 6 ], "texture": "#main" }, 
                "down":  { "uv": [ 12, 4, 12.5, 6 ], "rotation":180, "texture": "#main" }
            }
        }, 
        {
            "name": "octagon", 
            "from": [ 6.237, 7.26798, 16.8095 ], 
            "to":   [ 9.763, 8.73202, 18.8155 ], 
            "rotation": { "angle": 45, "axis": "x", "origin": [8, 8, 8] }, 
            "faces": {
                "north": { "uv": [ 12.5, 4.3125, 13, 4.8125 ], "rotation":180, "texture": "#main" }, 
                "east":  { "uv": [ 13, 4, 13.5, 6 ], "rotation":90, "texture": "#main" }, 
                "south": { "uv": [ 12.5, 4.3125, 13, 4.8125 ], "texture": "#main" }, 
                "west":  { "uv": [ 13, 4, 13.5, 6 ], "rotation":270, "texture": "#main" }, 
                "up":    { "uv": [ 13, 4, 13.5, 6 ], "texture": "#main" }, 
                "down":  { "uv": [ 13, 4, 13.5, 6 ], "rotation":180, "texture": "#main" }
            }
        }
    ], 
    "display": {
        "thirdperson_righthand": {
            "translation": [ 0, -1.75, -0.5 ], 
            "scale": [ 0.3, 0.3, 0.3 ]
        }, 
        "thirdperson_lefthand": {
            "translation": [ 0, -1.75, -0.5 ], 
            "scale": [ 0.3, 0.3, 0.3 ]
        }, 
        "firstperson_righthand": {
            "rotation": [ 13.78, 3.7, -3.7 ], 
            "translation": [ 0, -1.25, 0 ], 
            "scale": [ 0.4, 0.4, 0.4 ]
        }, 
        "firstperson_lefthand": {
            "rotation": [ 13.78, 3.7, -3.7 ], 
            "translation": [ 0, -1.25, 0 ], 
            "scale": [ 0.4, 0.4, 0.4 ]
        }, 
        "ground": {
            "rotation": [ 90, 0, 0 ], 
            "translation": [ 0, 0, -0.75 ], 
            "scale": [ 0.38, 0.38, 0.38 ]
        }, 
        "gui": {
            "rotation": [ -92.92, 67.03, 121.67 ], 
            "translation": [ 0.75, -1.75, 0 ], 
            "scale": [ 0.75, 0.75, 0.75 ]
        }
    }, 
    "groups": [
        {
            "name": "octagon", 
            "origin": [
                8, 
                8, 
                8
            ], 
            "color": 0, 
            "children": [
                0, 
                1
            ]
        }, 
        {
            "name": "octagon", 
            "origin": [
                8, 
                8, 
                8
            ], 
            "color": 0, 
            "children": [
                2, 
                3
            ]
        }, 
        {
            "name": "octagon", 
            "origin": [
                8, 
                8, 
                8
            ], 
            "color": 0, 
            "children": [
                4, 
                5
            ]
        }, 
        {
            "name": "octagon", 
            "origin": [
                8, 
                8, 
                8
            ], 
            "color": 0, 
            "children": [
                6, 
                7
            ]
        }, 
        {
            "name": "octagon", 
            "origin": [
                8, 
                8, 
                8
            ], 
            "color": 0, 
            "children": [
                8, 
                9
            ]
        }, 
        {
            "name": "octagon", 
            "origin": [
                8, 
                8, 
                8
            ], 
            "color": 0, 
            "children": [
                10, 
                11
            ]
        }, 
        {
            "name": "octagon", 
            "origin": [
                8, 
                8, 
                8
            ], 
            "color": 0, 
            "children": [
                12, 
                13
            ]
        }
    ], 
    "__comment": "Model animated using Fizzy's model animator - http://fizzy81.github.io/animated-models/"
}