{
	"credit": "Made with Blockbench",
	"textures": {
		"0": "custom/odmgear/bright_metal",
		"1": "custom/odmgear/ap_gun_cartridge_cap_side",
		"2": "custom/odmgear/ap_gun_cartridge_cap_top",
		"3": "custom/odmgear/dark_metal",
		"particle": "custom/odmgear/bright_metal"
	},
	"elements": [
		{
			"name": "octagon",
			"from": [7.26998, 20.499, 6.239],
			"to": [8.73002, 22.001, 9.761],
			"rotation": {"angle": 45, "axis": "y", "origin": [8, 23.5, 8]},
			"faces": {
				"north": {"uv": [4, 0, 8, 16], "texture": "#1"},
				"east": {"uv": [4, 0, 8, 16], "texture": "#1"},
				"south": {"uv": [4, 0, 8, 16], "texture": "#1"},
				"west": {"uv": [4, 0, 8, 16], "texture": "#1"},
				"up": {"uv": [0.5, 0, 15.5, 16], "rotation": 90, "texture": "#2"},
				"down": {"uv": [0.5, 0, 15.5, 16], "rotation": 90, "texture": "#2"}
			}
		},
		{
			"name": "octagon",
			"from": [7.26698, 20.496, 6.236],
			"to": [8.73302, 22.004, 9.764],
			"rotation": {"angle": 0, "axis": "y", "origin": [8, 23.5, 8]},
			"faces": {
				"north": {"uv": [0, 0, 4, 16], "texture": "#1"},
				"east": {"uv": [0, 0, 4, 16], "texture": "#1"},
				"south": {"uv": [0, 0, 4, 16], "texture": "#1"},
				"west": {"uv": [0, 0, 4, 16], "texture": "#1"},
				"up": {"uv": [0, 0, 16, 16], "rotation": 90, "texture": "#2"},
				"down": {"uv": [0, 0, 16, 16], "rotation": 90, "texture": "#2"}
			}
		},
		{
			"name": "octagon",
			"from": [6.238, 20.498, 7.26898],
			"to": [9.762, 22.002, 8.73102],
			"rotation": {"angle": 45, "axis": "y", "origin": [8, 23.5, 8]},
			"faces": {
				"north": {"uv": [12, 0, 16, 16], "texture": "#1"},
				"east": {"uv": [12, 0, 16, 16], "texture": "#1"},
				"south": {"uv": [12, 0, 16, 16], "texture": "#1"},
				"west": {"uv": [12, 0, 16, 16], "texture": "#1"},
				"up": {"uv": [0.5, 0, 15.5, 16], "texture": "#2"},
				"down": {"uv": [0.5, 0, 15.5, 16], "texture": "#2"}
			}
		},
		{
			"name": "octagon",
			"from": [6.237, 20.497, 7.26798],
			"to": [9.763, 22.003, 8.73202],
			"rotation": {"angle": 0, "axis": "y", "origin": [8, 23.5, 8]},
			"faces": {
				"north": {"uv": [8, 0, 12, 16], "texture": "#1"},
				"east": {"uv": [8, 0, 12, 16], "texture": "#1"},
				"south": {"uv": [8, 0, 12, 16], "texture": "#1"},
				"west": {"uv": [8, 0, 12, 16], "texture": "#1"},
				"up": {"uv": [0, 0, 16, 16], "texture": "#2"},
				"down": {"uv": [0, 0, 16, 16], "texture": "#2"}
			}
		},
		{
			"name": "octagon",
			"from": [7.59849, 0.999, 7.03145],
			"to": [8.40151, 21.501, 8.96855],
			"rotation": {"angle": 45, "axis": "y", "origin": [8, 4, 8]},
			"faces": {
				"north": {"uv": [4, 0, 8, 16], "texture": "#3"},
				"east": {"uv": [4, 0, 8, 16], "texture": "#3"},
				"south": {"uv": [4, 0, 8, 16], "texture": "#3"},
				"west": {"uv": [4, 0, 8, 16], "texture": "#3"},
				"up": {"uv": [4, 2.5, 8, 6.5], "texture": "#3"},
				"down": {"uv": [4, 2.5, 8, 6.5], "texture": "#3"}
			}
		},
		{
			"name": "octagon",
			"from": [7.59904, 1, 7.032],
			"to": [8.40096, 21.5, 8.968],
			"rotation": {"angle": 0, "axis": "y", "origin": [8, 4, 8]},
			"faces": {
				"north": {"uv": [0, 0, 4, 16], "texture": "#3"},
				"east": {"uv": [0, 0, 4, 16], "texture": "#3"},
				"south": {"uv": [0, 0, 4, 16], "texture": "#3"},
				"west": {"uv": [0, 0, 4, 16], "texture": "#3"},
				"up": {"uv": [4, 2.5, 8, 6.5], "texture": "#3"},
				"down": {"uv": [4, 2.5, 8, 6.5], "texture": "#3"}
			}
		},
		{
			"name": "octagon",
			"from": [7.0309, 0.998, 7.59794],
			"to": [8.9691, 21.502, 8.40206],
			"rotation": {"angle": 45, "axis": "y", "origin": [8, 4, 8]},
			"faces": {
				"north": {"uv": [12, 0, 16, 16], "texture": "#3"},
				"east": {"uv": [12, 0, 16, 16], "texture": "#3"},
				"south": {"uv": [12, 0, 16, 16], "texture": "#3"},
				"west": {"uv": [12, 0, 16, 16], "texture": "#3"},
				"up": {"uv": [4, 2.5, 8, 6.5], "texture": "#3"},
				"down": {"uv": [4, 2.5, 8, 6.5], "texture": "#3"}
			}
		},
		{
			"name": "octagon",
			"from": [7.03035, 0.997, 7.59739],
			"to": [8.96965, 21.503, 8.40261],
			"rotation": {"angle": 0, "axis": "y", "origin": [8, 4, 8]},
			"faces": {
				"north": {"uv": [8, 0, 12, 16], "texture": "#3"},
				"east": {"uv": [8, 0, 12, 16], "texture": "#3"},
				"south": {"uv": [8, 0, 12, 16], "texture": "#3"},
				"west": {"uv": [8, 0, 12, 16], "texture": "#3"},
				"up": {"uv": [4, 2.5, 8, 6.5], "texture": "#3"},
				"down": {"uv": [4, 2.5, 8, 6.5], "texture": "#3"}
			}
		},
		{
			"name": "octagon",
			"from": [7.31342, 18.999, 6.34378],
			"to": [8.68658, 19.251, 9.65622],
			"rotation": {"angle": 45, "axis": "y", "origin": [8, 8, 8]},
			"faces": {
				"north": {"uv": [4, 0, 8, 16], "texture": "#3"},
				"east": {"uv": [4, 0, 8, 16], "texture": "#3"},
				"south": {"uv": [4, 0, 8, 16], "texture": "#3"},
				"west": {"uv": [4, 0, 8, 16], "texture": "#3"},
				"up": {"uv": [4, 2.5, 8, 6.5], "texture": "#3"},
				"down": {"uv": [4, 2.5, 8, 6.5], "texture": "#3"}
			}
		},
		{
			"name": "octagon",
			"from": [7.31436, 19, 6.34472],
			"to": [8.68564, 19.25, 9.65528],
			"rotation": {"angle": 0, "axis": "y", "origin": [8, 8, 8]},
			"faces": {
				"north": {"uv": [0, 0, 4, 16], "texture": "#3"},
				"east": {"uv": [0, 0, 4, 16], "texture": "#3"},
				"south": {"uv": [0, 0, 4, 16], "texture": "#3"},
				"west": {"uv": [0, 0, 4, 16], "texture": "#3"},
				"up": {"uv": [4, 2.5, 8, 6.5], "texture": "#3"},
				"down": {"uv": [4, 2.5, 8, 6.5], "texture": "#3"}
			}
		},
		{
			"name": "octagon",
			"from": [6.34284, 18.998, 7.31248],
			"to": [9.65716, 19.252, 8.68752],
			"rotation": {"angle": 45, "axis": "y", "origin": [8, 8, 8]},
			"faces": {
				"north": {"uv": [12, 0, 16, 16], "texture": "#3"},
				"east": {"uv": [12, 0, 16, 16], "texture": "#3"},
				"south": {"uv": [12, 0, 16, 16], "texture": "#3"},
				"west": {"uv": [12, 0, 16, 16], "texture": "#3"},
				"up": {"uv": [4, 2.5, 8, 6.5], "texture": "#3"},
				"down": {"uv": [4, 2.5, 8, 6.5], "texture": "#3"}
			}
		},
		{
			"name": "octagon",
			"from": [6.3419, 18.997, 7.31154],
			"to": [9.6581, 19.253, 8.68846],
			"rotation": {"angle": 0, "axis": "y", "origin": [8, 8, 8]},
			"faces": {
				"north": {"uv": [8, 0, 12, 16], "texture": "#3"},
				"east": {"uv": [8, 0, 12, 16], "texture": "#3"},
				"south": {"uv": [8, 0, 12, 16], "texture": "#3"},
				"west": {"uv": [8, 0, 12, 16], "texture": "#3"},
				"up": {"uv": [4, 2.5, 8, 6.5], "texture": "#3"},
				"down": {"uv": [4, 2.5, 8, 6.5], "texture": "#3"}
			}
		},
		{
			"name": "octagon",
			"from": [7.44387, 18.999, 6.65846],
			"to": [8.55613, 19.751, 9.34154],
			"rotation": {"angle": 45, "axis": "y", "origin": [8, 8, 8]},
			"faces": {
				"north": {"uv": [4, 0, 8, 16], "texture": "#3"},
				"east": {"uv": [4, 0, 8, 16], "texture": "#3"},
				"south": {"uv": [4, 0, 8, 16], "texture": "#3"},
				"west": {"uv": [4, 0, 8, 16], "texture": "#3"},
				"up": {"uv": [4, 2.5, 8, 6.5], "texture": "#3"},
				"down": {"uv": [4, 2.5, 8, 6.5], "texture": "#3"}
			}
		},
		{
			"name": "octagon",
			"from": [7.44463, 19, 6.65922],
			"to": [8.55537, 19.75, 9.34078],
			"rotation": {"angle": 0, "axis": "y", "origin": [8, 8, 8]},
			"faces": {
				"north": {"uv": [0, 0, 4, 16], "texture": "#3"},
				"east": {"uv": [0, 0, 4, 16], "texture": "#3"},
				"south": {"uv": [0, 0, 4, 16], "texture": "#3"},
				"west": {"uv": [0, 0, 4, 16], "texture": "#3"},
				"up": {"uv": [4, 2.5, 8, 6.5], "texture": "#3"},
				"down": {"uv": [4, 2.5, 8, 6.5], "texture": "#3"}
			}
		},
		{
			"name": "octagon",
			"from": [6.6577, 18.998, 7.44311],
			"to": [9.3423, 19.752, 8.55689],
			"rotation": {"angle": 45, "axis": "y", "origin": [8, 8, 8]},
			"faces": {
				"north": {"uv": [12, 0, 16, 16], "texture": "#3"},
				"east": {"uv": [12, 0, 16, 16], "texture": "#3"},
				"south": {"uv": [12, 0, 16, 16], "texture": "#3"},
				"west": {"uv": [12, 0, 16, 16], "texture": "#3"},
				"up": {"uv": [4, 2.5, 8, 6.5], "texture": "#3"},
				"down": {"uv": [4, 2.5, 8, 6.5], "texture": "#3"}
			}
		},
		{
			"name": "octagon",
			"from": [6.65694, 18.997, 7.44235],
			"to": [9.34306, 19.753, 8.55765],
			"rotation": {"angle": 0, "axis": "y", "origin": [8, 8, 8]},
			"faces": {
				"north": {"uv": [8, 0, 12, 16], "texture": "#3"},
				"east": {"uv": [8, 0, 12, 16], "texture": "#3"},
				"south": {"uv": [8, 0, 12, 16], "texture": "#3"},
				"west": {"uv": [8, 0, 12, 16], "texture": "#3"},
				"up": {"uv": [4, 2.5, 8, 6.5], "texture": "#3"},
				"down": {"uv": [4, 2.5, 8, 6.5], "texture": "#3"}
			}
		},
		{
			"name": "octagon",
			"from": [7.31342, -0.751, 6.34378],
			"to": [8.68658, -0.499, 9.65622],
			"rotation": {"angle": 45, "axis": "y", "origin": [8, -11.75, 8]},
			"faces": {
				"north": {"uv": [4, 0, 8, 16], "texture": "#3"},
				"east": {"uv": [4, 0, 8, 16], "texture": "#3"},
				"south": {"uv": [4, 0, 8, 16], "texture": "#3"},
				"west": {"uv": [4, 0, 8, 16], "texture": "#3"},
				"up": {"uv": [4, 2.5, 8, 6.5], "texture": "#3"},
				"down": {"uv": [4, 2.5, 8, 6.5], "texture": "#3"}
			}
		},
		{
			"name": "octagon",
			"from": [7.31436, -0.75, 6.34472],
			"to": [8.68564, -0.5, 9.65528],
			"rotation": {"angle": 0, "axis": "y", "origin": [8, -11.75, 8]},
			"faces": {
				"north": {"uv": [0, 0, 4, 16], "texture": "#3"},
				"east": {"uv": [0, 0, 4, 16], "texture": "#3"},
				"south": {"uv": [0, 0, 4, 16], "texture": "#3"},
				"west": {"uv": [0, 0, 4, 16], "texture": "#3"},
				"up": {"uv": [4, 2.5, 8, 6.5], "texture": "#3"},
				"down": {"uv": [4, 2.5, 8, 6.5], "texture": "#3"}
			}
		},
		{
			"name": "octagon",
			"from": [6.34284, -0.752, 7.31248],
			"to": [9.65716, -0.498, 8.68752],
			"rotation": {"angle": 45, "axis": "y", "origin": [8, -11.75, 8]},
			"faces": {
				"north": {"uv": [12, 0, 16, 16], "texture": "#3"},
				"east": {"uv": [12, 0, 16, 16], "texture": "#3"},
				"south": {"uv": [12, 0, 16, 16], "texture": "#3"},
				"west": {"uv": [12, 0, 16, 16], "texture": "#3"},
				"up": {"uv": [4, 2.5, 8, 6.5], "texture": "#3"},
				"down": {"uv": [4, 2.5, 8, 6.5], "texture": "#3"}
			}
		},
		{
			"name": "octagon",
			"from": [6.3419, -0.753, 7.31154],
			"to": [9.6581, -0.497, 8.68846],
			"rotation": {"angle": 0, "axis": "y", "origin": [8, -11.75, 8]},
			"faces": {
				"north": {"uv": [8, 0, 12, 16], "texture": "#3"},
				"east": {"uv": [8, 0, 12, 16], "texture": "#3"},
				"south": {"uv": [8, 0, 12, 16], "texture": "#3"},
				"west": {"uv": [8, 0, 12, 16], "texture": "#3"},
				"up": {"uv": [4, 2.5, 8, 6.5], "texture": "#3"},
				"down": {"uv": [4, 2.5, 8, 6.5], "texture": "#3"}
			}
		},
		{
			"name": "octagon",
			"from": [7.26998, 1.999, 6.239],
			"to": [8.73002, 19.001, 9.761],
			"rotation": {"angle": 45, "axis": "y", "origin": [8, 3, 8]},
			"faces": {
				"north": {"uv": [4, 0, 8, 16], "texture": "#0"},
				"east": {"uv": [4, 0, 8, 16], "texture": "#0"},
				"south": {"uv": [4, 0, 8, 16], "texture": "#0"},
				"west": {"uv": [4, 0, 8, 16], "texture": "#0"},
				"up": {"uv": [4, 2.5, 8, 6.5], "texture": "#0"},
				"down": {"uv": [4, 2.5, 8, 6.5], "texture": "#0"}
			}
		},
		{
			"name": "octagon",
			"from": [7.27098, 2, 6.24],
			"to": [8.72902, 19, 9.76],
			"rotation": {"angle": 0, "axis": "y", "origin": [8, 3, 8]},
			"faces": {
				"north": {"uv": [0, 0, 4, 16], "texture": "#0"},
				"east": {"uv": [0, 0, 4, 16], "texture": "#0"},
				"south": {"uv": [0, 0, 4, 16], "texture": "#0"},
				"west": {"uv": [0, 0, 4, 16], "texture": "#0"},
				"up": {"uv": [4, 2.5, 8, 6.5], "texture": "#0"},
				"down": {"uv": [4, 2.5, 8, 6.5], "texture": "#0"}
			}
		},
		{
			"name": "octagon",
			"from": [6.238, 1.998, 7.26898],
			"to": [9.762, 19.002, 8.73102],
			"rotation": {"angle": 45, "axis": "y", "origin": [8, 3, 8]},
			"faces": {
				"north": {"uv": [12, 0, 16, 16], "texture": "#0"},
				"east": {"uv": [12, 0, 16, 16], "texture": "#0"},
				"south": {"uv": [12, 0, 16, 16], "texture": "#0"},
				"west": {"uv": [12, 0, 16, 16], "texture": "#0"},
				"up": {"uv": [4, 2.5, 8, 6.5], "texture": "#0"},
				"down": {"uv": [4, 2.5, 8, 6.5], "texture": "#0"}
			}
		},
		{
			"name": "octagon",
			"from": [6.237, 1.997, 7.26798],
			"to": [9.763, 19.003, 8.73202],
			"rotation": {"angle": 0, "axis": "y", "origin": [8, 3, 8]},
			"faces": {
				"north": {"uv": [8, 0, 12, 16], "texture": "#0"},
				"east": {"uv": [8, 0, 12, 16], "texture": "#0"},
				"south": {"uv": [8, 0, 12, 16], "texture": "#0"},
				"west": {"uv": [8, 0, 12, 16], "texture": "#0"},
				"up": {"uv": [4, 2.5, 8, 6.5], "texture": "#0"},
				"down": {"uv": [4, 2.5, 8, 6.5], "texture": "#0"}
			}
		},
		{
			"name": "octagon",
			"from": [7.26998, -0.501, 6.239],
			"to": [8.73002, 1.501, 9.761],
			"rotation": {"angle": 45, "axis": "y", "origin": [8, 2.5, 8]},
			"faces": {
				"north": {"uv": [4, 0, 8, 16], "texture": "#0"},
				"east": {"uv": [4, 0, 8, 16], "texture": "#0"},
				"south": {"uv": [4, 0, 8, 16], "texture": "#0"},
				"west": {"uv": [4, 0, 8, 16], "texture": "#0"},
				"up": {"uv": [4, 2.5, 8, 6.5], "texture": "#0"},
				"down": {"uv": [4, 2.5, 8, 6.5], "texture": "#0"}
			}
		},
		{
			"name": "octagon",
			"from": [7.27098, -0.5, 6.24],
			"to": [8.72902, 1.5, 9.76],
			"rotation": {"angle": 0, "axis": "y", "origin": [8, 2.5, 8]},
			"faces": {
				"north": {"uv": [0, 0, 4, 16], "texture": "#0"},
				"east": {"uv": [0, 0, 4, 16], "texture": "#0"},
				"south": {"uv": [0, 0, 4, 16], "texture": "#0"},
				"west": {"uv": [0, 0, 4, 16], "texture": "#0"},
				"up": {"uv": [4, 2.5, 8, 6.5], "texture": "#0"},
				"down": {"uv": [4, 2.5, 8, 6.5], "texture": "#0"}
			}
		},
		{
			"name": "octagon",
			"from": [6.238, -0.502, 7.26898],
			"to": [9.762, 1.502, 8.73102],
			"rotation": {"angle": 45, "axis": "y", "origin": [8, 2.5, 8]},
			"faces": {
				"north": {"uv": [12, 0, 16, 16], "texture": "#0"},
				"east": {"uv": [12, 0, 16, 16], "texture": "#0"},
				"south": {"uv": [12, 0, 16, 16], "texture": "#0"},
				"west": {"uv": [12, 0, 16, 16], "texture": "#0"},
				"up": {"uv": [4, 2.5, 8, 6.5], "texture": "#0"},
				"down": {"uv": [4, 2.5, 8, 6.5], "texture": "#0"}
			}
		},
		{
			"name": "octagon",
			"from": [6.237, -0.503, 7.26798],
			"to": [9.763, 1.503, 8.73202],
			"rotation": {"angle": 0, "axis": "y", "origin": [8, 2.5, 8]},
			"faces": {
				"north": {"uv": [8, 0, 12, 16], "texture": "#0"},
				"east": {"uv": [8, 0, 12, 16], "texture": "#0"},
				"south": {"uv": [8, 0, 12, 16], "texture": "#0"},
				"west": {"uv": [8, 0, 12, 16], "texture": "#0"},
				"up": {"uv": [4, 2.5, 8, 6.5], "texture": "#0"},
				"down": {"uv": [4, 2.5, 8, 6.5], "texture": "#0"}
			}
		}
	],
	"display": {
		"thirdperson_righthand": {
			"translation": [0, -1.75, -0.5],
			"scale": [0.3, 0.3, 0.3]
		},
		"thirdperson_lefthand": {
			"translation": [0, -1.75, -0.5],
			"scale": [0.3, 0.3, 0.3]
		},
		"firstperson_righthand": {
			"rotation": [13.78, 3.7, -3.7],
			"translation": [0, -1.25, 0],
			"scale": [0.4, 0.4, 0.4]
		},
		"firstperson_lefthand": {
			"rotation": [13.78, 3.7, -3.7],
			"translation": [0, -1.25, 0],
			"scale": [0.4, 0.4, 0.4]
		},
		"ground": {
			"rotation": [90, 0, 0],
			"translation": [0, 0, -0.75],
			"scale": [0.38, 0.38, 0.38]
		},
		"gui": {
			"rotation": [-92.92, 67.03, 121.67],
			"translation": [0.75, -1.75, 0],
			"scale": [0.75, 0.75, 0.75]
		}
	},
	"groups": [
		{
			"name": "octagon",
			"origin": [8, 8, 8],
			"color": 0,
			"children": [0, 1, 2, 3]
		},
		{
			"name": "octagon",
			"origin": [8, 8, 8],
			"color": 0,
			"children": [4, 5, 6, 7]
		},
		{
			"name": "octagon",
			"origin": [8, 8, 8],
			"color": 0,
			"children": [8, 9, 10, 11]
		},
		{
			"name": "octagon",
			"origin": [8, 8, 8],
			"color": 0,
			"children": [12, 13, 14, 15]
		},
		{
			"name": "octagon",
			"origin": [8, 8, 8],
			"color": 0,
			"children": [16, 17, 18, 19]
		},
		{
			"name": "octagon",
			"origin": [8, 8, 8],
			"color": 0,
			"children": [20, 21, 22, 23]
		},
		{
			"name": "octagon",
			"origin": [8, 8, 8],
			"color": 0,
			"children": [24, 25, 26, 27]
		}
	]
}