{
	"credit": "Made with Blockbench",
	"textures": {
		"0": "custom/odmgear/3dmg_gas_tank",
		"particle": "custom/odmgear/3dmg_gas_tank"
	},
	"elements": [
		{
			"name": "Cube",
			"from": [7.73443, 7.3741, 2.81154],
			"to": [7.92643, 8.3341, 14.81154],
			"rotation": {"angle": 0, "axis": "y", "origin": [8, 8, 8]},
			"faces": {
				"north": {"uv": [4, 0, 3.5, 16], "rotation": 180, "texture": "#0"},
				"east": {"uv": [4, 0, 3.5, 16], "rotation": 180, "texture": "#0"},
				"south": {"uv": [7.5, 0, 7, 16], "texture": "#0"},
				"west": {"uv": [4, 0, 3.5, 16], "rotation": 180, "texture": "#0"},
				"up": {"uv": [4, 0, 3.5, 16], "rotation": 180, "texture": "#0"},
				"down": {"uv": [8, 0, 7.5, 16], "rotation": 180, "texture": "#0"}
			}
		},
		{
			"name": "Cube",
			"from": [7.69192, 7.45052, 2.81434],
			"to": [7.88308, 8.40968, 14.80874],
			"rotation": {"angle": 22.5, "axis": "z", "origin": [8, 8, 8]},
			"faces": {
				"north": {"uv": [4, 0, 3.5, 16], "rotation": 180, "texture": "#0"},
				"east": {"uv": [7.5, 0, 7, 16], "texture": "#0"},
				"south": {"uv": [7.5, 0, 7, 16], "texture": "#0"},
				"west": {"uv": [7.5, 0, 7, 16], "texture": "#0"},
				"up": {"uv": [3.5, 0, 3, 16], "rotation": 180, "texture": "#0"},
				"down": {"uv": [7.5, 0, 7, 16], "texture": "#0"}
			}
		},
		{
			"name": "Cube",
			"from": [7.68129, 7.5371, 2.81394],
			"to": [7.87257, 8.49638, 14.80914],
			"rotation": {"angle": 45, "axis": "z", "origin": [8, 8, 8]},
			"faces": {
				"north": {"uv": [4, 0, 3.5, 16], "rotation": 180, "texture": "#0"},
				"east": {"uv": [7, 0, 6.5, 16], "texture": "#0"},
				"south": {"uv": [7.5, 0, 7, 16], "texture": "#0"},
				"west": {"uv": [7, 0, 6.5, 16], "texture": "#0"},
				"up": {"uv": [2.5, 16, 3, 0], "rotation": 270, "texture": "#0"},
				"down": {"uv": [7, 0, 6.5, 16], "texture": "#0"}
			}
		},
		{
			"name": "Cube",
			"from": [7.30768, 7.83428, 2.81274],
			"to": [8.26732, 8.02592, 14.81034],
			"rotation": {"angle": 22.5, "axis": "z", "origin": [8, 8, 8]},
			"faces": {
				"north": {"uv": [4, 0, 3.5, 16], "rotation": 180, "texture": "#0"},
				"east": {"uv": [5, 16, 5.5, 0], "rotation": 90, "texture": "#0"},
				"south": {"uv": [7.5, 0, 7, 16], "texture": "#0"},
				"west": {"uv": [1, 16, 1.5, 0], "rotation": 270, "texture": "#0"},
				"up": {"uv": [5, 16, 5.5, 0], "rotation": 90, "texture": "#0"},
				"down": {"uv": [5, 16, 5.5, 0], "rotation": 90, "texture": "#0"}
			}
		},
		{
			"name": "Cube",
			"from": [7.35067, 7.75834, 2.81314],
			"to": [8.31019, 7.94986, 14.80994],
			"rotation": {"angle": 0, "axis": "y", "origin": [8, 8, 8]},
			"faces": {
				"north": {"uv": [4, 0, 3.5, 16], "rotation": 180, "texture": "#0"},
				"east": {"uv": [5.5, 16, 6, 0], "rotation": 90, "texture": "#0"},
				"south": {"uv": [7.5, 0, 7, 16], "texture": "#0"},
				"west": {"uv": [1.5, 16, 2, 0], "rotation": 270, "texture": "#0"},
				"up": {"uv": [5.5, 16, 6, 0], "rotation": 90, "texture": "#0"},
				"down": {"uv": [5.5, 16, 6, 0], "rotation": 90, "texture": "#0"}
			}
		},
		{
			"name": "Cube",
			"from": [7.41947, 7.70461, 2.81354],
			"to": [8.37887, 7.89601, 14.80954],
			"rotation": {"angle": -22.5, "axis": "z", "origin": [8, 8, 8]},
			"faces": {
				"north": {"uv": [4, 0, 3.5, 16], "rotation": 180, "texture": "#0"},
				"east": {"uv": [6, 16, 6.5, 0], "rotation": 90, "texture": "#0"},
				"south": {"uv": [7.5, 0, 7, 16], "texture": "#0"},
				"west": {"uv": [2, 16, 2.5, 0], "rotation": 270, "texture": "#0"},
				"up": {"uv": [6, 16, 6.5, 0], "rotation": 90, "texture": "#0"},
				"down": {"uv": [6, 16, 6.5, 0], "rotation": 90, "texture": "#0"}
			}
		},
		{
			"name": "Cube",
			"from": [7.29705, 7.92086, 2.81234],
			"to": [8.25681, 8.11262, 14.81074],
			"rotation": {"angle": 45, "axis": "z", "origin": [8, 8, 8]},
			"faces": {
				"north": {"uv": [4, 0, 3.5, 16], "rotation": 180, "texture": "#0"},
				"east": {"uv": [4.5, 16, 5, 0], "rotation": 90, "texture": "#0"},
				"south": {"uv": [7.5, 0, 7, 16], "texture": "#0"},
				"west": {"uv": [0.5, 16, 1, 0], "rotation": 270, "texture": "#0"},
				"up": {"uv": [4.5, 16, 5, 0], "rotation": 90, "texture": "#0"},
				"down": {"uv": [4.5, 16, 5, 0], "rotation": 90, "texture": "#0"}
			}
		},
		{
			"name": "Cube",
			"from": [7.80323, 7.32037, 2.81194],
			"to": [7.99511, 8.28025, 14.81114],
			"rotation": {"angle": -22.5, "axis": "z", "origin": [8, 8, 8]},
			"faces": {
				"north": {"uv": [4, 0, 3.5, 16], "rotation": 180, "texture": "#0"},
				"east": {"uv": [4.5, 0, 4, 16], "rotation": 180, "texture": "#0"},
				"south": {"uv": [7.5, 0, 7, 16], "texture": "#0"},
				"west": {"uv": [4.5, 0, 4, 16], "rotation": 180, "texture": "#0"},
				"up": {"uv": [4.5, 0, 4, 16], "rotation": 180, "texture": "#0"},
				"down": {"uv": [0.5, 0, 0, 16], "texture": "#0"}
			}
		},
		{
			"from": [7.36508, 7.60064, 1.74712],
			"to": [8.33592, 8.1095, 1.95696],
			"rotation": {"angle": 0, "axis": "y", "origin": [8, 8, 8.3]},
			"faces": {
				"north": {"uv": [11.25, 8.25, 9.25, 10.25], "texture": "#0"},
				"east": {"uv": [12, 11.25, 10, 13.25], "texture": "#0"},
				"south": {"uv": [11.25, 8.25, 9.25, 10.25], "texture": "#0"},
				"west": {"uv": [12, 11.25, 10, 13.25], "texture": "#0"},
				"up": {"uv": [12, 16, 13, 8], "rotation": 270, "texture": "#0"},
				"down": {"uv": [8, 16, 9, 8], "rotation": 270, "texture": "#0"}
			}
		},
		{
			"from": [7.36518, 3.08413, 3.73907],
			"to": [8.33581, 3.59278, 3.9487],
			"rotation": {"angle": 45, "axis": "x", "origin": [8, 8, 8.3]},
			"faces": {
				"north": {"uv": [11.25, 8.25, 9.25, 10.25], "texture": "#0"},
				"east": {"uv": [12, 11.25, 10, 13.25], "texture": "#0"},
				"south": {"uv": [11.25, 8.25, 9.25, 10.25], "texture": "#0"},
				"west": {"uv": [12, 11.25, 10, 13.25], "texture": "#0"},
				"up": {"uv": [12, 8, 11, 16], "texture": "#0"},
				"down": {"uv": [15, 16, 16, 8], "rotation": 270, "texture": "#0"}
			}
		},
		{
			"from": [7.36529, 7.74922, 1.59895],
			"to": [8.33571, 7.95864, 2.10739],
			"rotation": {"angle": 0, "axis": "y", "origin": [8, 8, 8.3]},
			"faces": {
				"north": {"uv": [14, 16, 15, 8], "rotation": 90, "texture": "#0"},
				"east": {"uv": [12, 11.25, 10, 13.25], "texture": "#0"},
				"south": {"uv": [10, 16, 11, 8], "rotation": 270, "texture": "#0"},
				"west": {"uv": [12, 11.25, 10, 13.25], "texture": "#0"},
				"up": {"uv": [11.25, 8.25, 9.25, 13.1], "rotation": 180, "texture": "#0"},
				"down": {"uv": [11.25, 8.25, 9.25, 13.1], "texture": "#0"}
			}
		},
		{
			"from": [7.36539, 3.23272, 3.5909],
			"to": [8.3356, 3.44193, 4.09913],
			"rotation": {"angle": 45, "axis": "x", "origin": [8, 8, 8.3]},
			"faces": {
				"north": {"uv": [13, 16, 14, 8], "rotation": 90, "texture": "#0"},
				"east": {"uv": [12, 11.25, 10, 13.25], "texture": "#0"},
				"south": {"uv": [9, 16, 10, 8], "rotation": 270, "texture": "#0"},
				"west": {"uv": [12, 11.25, 10, 13.25], "texture": "#0"},
				"up": {"uv": [11.25, 8.25, 9.25, 13.1], "rotation": 180, "texture": "#0"},
				"down": {"uv": [11.25, 8.25, 9.25, 13.1], "texture": "#0"}
			}
		},
		{
			"from": [8.00579, 3.20483, 3.21959],
			"to": [8.3352, 3.29324, 3.61639],
			"rotation": {"angle": 45, "axis": "x", "origin": [8, 8, 8.3]},
			"faces": {
				"north": {"uv": [13, 16, 14, 8], "rotation": 90, "texture": "#0"},
				"east": {"uv": [12, 11.25, 10, 13.25], "texture": "#0"},
				"south": {"uv": [9, 16, 10, 8], "rotation": 270, "texture": "#0"},
				"west": {"uv": [12, 11.25, 10, 13.25], "texture": "#0"},
				"up": {"uv": [11.25, 8.25, 9.25, 13.1], "rotation": 180, "texture": "#0"},
				"down": {"uv": [11.25, 8.25, 9.25, 13.1], "texture": "#0"}
			}
		},
		{
			"from": [8.00579, 5.50742, 1.80529],
			"to": [8.3352, 5.59583, 2.20209],
			"rotation": {"angle": 22.5, "axis": "x", "origin": [8, 8, 8.3]},
			"faces": {
				"north": {"uv": [13, 16, 14, 8], "rotation": 90, "texture": "#0"},
				"east": {"uv": [12, 11.25, 10, 13.25], "texture": "#0"},
				"south": {"uv": [9, 16, 10, 8], "rotation": 270, "texture": "#0"},
				"west": {"uv": [12, 11.25, 10, 13.25], "texture": "#0"},
				"up": {"uv": [11.25, 8.25, 9.25, 13.1], "rotation": 180, "texture": "#0"},
				"down": {"uv": [11.25, 8.25, 9.25, 13.1], "texture": "#0"}
			}
		},
		{
			"from": [7.72608, 7.60064, 2.08612],
			"to": [7.93592, 8.1095, 2.45696],
			"rotation": {"angle": 0, "axis": "y", "origin": [8, 8, 8]},
			"faces": {
				"north": {"uv": [12, 3.25, 10, 5.25], "texture": "#0"},
				"east": {"uv": [11.25, 0.25, 9.25, 2.25], "texture": "#0"},
				"south": {"uv": [12, 3.25, 10, 5.25], "texture": "#0"},
				"west": {"uv": [11.25, 0.25, 9.25, 2.25], "texture": "#0"},
				"up": {"uv": [13, 0, 12, 8], "rotation": 180, "texture": "#0"},
				"down": {"uv": [9, 0, 8, 8], "texture": "#0"}
			}
		},
		{
			"from": [7.67239, 7.76302, 2.08622],
			"to": [7.88202, 8.27167, 2.45685],
			"rotation": {"angle": 45, "axis": "z", "origin": [8, 8, 8]},
			"faces": {
				"north": {"uv": [12, 3.25, 10, 5.25], "texture": "#0"},
				"east": {"uv": [11.25, 0.25, 9.25, 2.25], "texture": "#0"},
				"south": {"uv": [12, 3.25, 10, 5.25], "texture": "#0"},
				"west": {"uv": [11.25, 0.25, 9.25, 2.25], "texture": "#0"},
				"up": {"uv": [11, 8, 12, 0], "rotation": 270, "texture": "#0"},
				"down": {"uv": [16, 0, 15, 8], "texture": "#0"}
			}
		},
		{
			"from": [7.57564, 7.74922, 2.08633],
			"to": [8.08409, 7.95864, 2.45675],
			"rotation": {"angle": 0, "axis": "y", "origin": [8, 8, 8]},
			"faces": {
				"north": {"uv": [12, 3.25, 10, 5.25], "texture": "#0"},
				"east": {"uv": [14, 8, 15, 0], "rotation": 90, "texture": "#0"},
				"south": {"uv": [12, 3.25, 10, 5.25], "texture": "#0"},
				"west": {"uv": [10, 8, 11, 0], "rotation": 270, "texture": "#0"},
				"up": {"uv": [9.25, 5.1, 11.25, 0.25], "rotation": 90, "texture": "#0"},
				"down": {"uv": [9.25, 5.1, 11.25, 0.25], "rotation": 90, "texture": "#0"}
			}
		},
		{
			"from": [7.52196, 7.91161, 2.08643],
			"to": [8.03019, 8.12082, 2.45664],
			"rotation": {"angle": 45, "axis": "z", "origin": [8, 8, 8]},
			"faces": {
				"north": {"uv": [12, 3.25, 10, 5.25], "texture": "#0"},
				"east": {"uv": [13, 8, 14, 0], "rotation": 90, "texture": "#0"},
				"south": {"uv": [12, 3.25, 10, 5.25], "texture": "#0"},
				"west": {"uv": [9, 8, 10, 0], "rotation": 270, "texture": "#0"},
				"up": {"uv": [9.25, 5.1, 11.25, 0.25], "rotation": 90, "texture": "#0"},
				"down": {"uv": [9.25, 5.1, 11.25, 0.25], "rotation": 90, "texture": "#0"}
			}
		},
		{
			"from": [7.65936, 7.43858, 2.39954],
			"to": [8.00336, 8.27278, 2.84354],
			"rotation": {"angle": 0, "axis": "y", "origin": [8, 8, 8]},
			"faces": {
				"north": {"uv": [12, 3.25, 10, 5.25], "texture": "#0"},
				"east": {"uv": [11.25, 0.25, 9.25, 2.25], "texture": "#0"},
				"south": {"uv": [12, 3.25, 10, 5.25], "texture": "#0"},
				"west": {"uv": [11.25, 0.25, 9.25, 2.25], "texture": "#0"},
				"up": {"uv": [13, 0, 12, 8], "rotation": 180, "texture": "#0"},
				"down": {"uv": [9, 0, 8, 8], "texture": "#0"}
			}
		},
		{
			"from": [7.60557, 7.60081, 2.39971],
			"to": [7.94923, 8.43467, 2.84336],
			"rotation": {"angle": 45, "axis": "z", "origin": [8, 8, 8]},
			"faces": {
				"north": {"uv": [12, 3.25, 10, 5.25], "texture": "#0"},
				"east": {"uv": [11.25, 0.25, 9.25, 2.25], "texture": "#0"},
				"south": {"uv": [12, 3.25, 10, 5.25], "texture": "#0"},
				"west": {"uv": [11.25, 0.25, 9.25, 2.25], "texture": "#0"},
				"up": {"uv": [11, 8, 12, 0], "rotation": 270, "texture": "#0"},
				"down": {"uv": [16, 0, 15, 8], "texture": "#0"}
			}
		},
		{
			"from": [7.41275, 7.68217, 2.39988],
			"to": [8.24626, 8.02548, 2.84319],
			"rotation": {"angle": 0, "axis": "y", "origin": [8, 8, 8]},
			"faces": {
				"north": {"uv": [12, 3.25, 10, 5.25], "texture": "#0"},
				"east": {"uv": [14, 8, 15, 0], "rotation": 90, "texture": "#0"},
				"south": {"uv": [12, 3.25, 10, 5.25], "texture": "#0"},
				"west": {"uv": [10, 8, 11, 0], "rotation": 270, "texture": "#0"},
				"up": {"uv": [9.25, 5.1, 11.25, 0.25], "rotation": 90, "texture": "#0"},
				"down": {"uv": [9.25, 5.1, 11.25, 0.25], "rotation": 90, "texture": "#0"}
			}
		},
		{
			"from": [7.35895, 7.8444, 2.40005],
			"to": [8.19212, 8.18737, 2.84302],
			"rotation": {"angle": 45, "axis": "z", "origin": [8, 8, 8]},
			"faces": {
				"north": {"uv": [12, 3.25, 10, 5.25], "texture": "#0"},
				"east": {"uv": [13, 8, 14, 0], "rotation": 90, "texture": "#0"},
				"south": {"uv": [12, 3.25, 10, 5.25], "texture": "#0"},
				"west": {"uv": [9, 8, 10, 0], "rotation": 270, "texture": "#0"},
				"up": {"uv": [9.25, 5.1, 11.25, 0.25], "rotation": 90, "texture": "#0"},
				"down": {"uv": [9.25, 5.1, 11.25, 0.25], "rotation": 90, "texture": "#0"}
			}
		},
		{
			"from": [7.65936, 7.43858, 14.63954],
			"to": [8.00336, 8.27278, 14.98354],
			"rotation": {"angle": 0, "axis": "y", "origin": [8, 8, 8]},
			"faces": {
				"north": {"uv": [12, 11.25, 10, 13.25], "texture": "#0"},
				"east": {"uv": [11.25, 8.25, 9.25, 10.25], "texture": "#0"},
				"south": {"uv": [12, 11.25, 10, 13.25], "texture": "#0"},
				"west": {"uv": [11.25, 8.25, 9.25, 10.25], "texture": "#0"},
				"up": {"uv": [13, 8, 12, 16], "rotation": 180, "texture": "#0"},
				"down": {"uv": [9, 8, 8, 16], "texture": "#0"}
			}
		},
		{
			"from": [7.60557, 7.60081, 14.63971],
			"to": [7.94923, 8.43467, 14.98336],
			"rotation": {"angle": 45, "axis": "z", "origin": [8, 8, 8]},
			"faces": {
				"north": {"uv": [12, 11.25, 10, 13.25], "texture": "#0"},
				"east": {"uv": [11.25, 8.25, 9.25, 10.25], "texture": "#0"},
				"south": {"uv": [12, 11.25, 10, 13.25], "texture": "#0"},
				"west": {"uv": [11.25, 8.25, 9.25, 10.25], "texture": "#0"},
				"up": {"uv": [11, 16, 12, 8], "rotation": 270, "texture": "#0"},
				"down": {"uv": [16, 8, 15, 16], "texture": "#0"}
			}
		},
		{
			"from": [7.41275, 7.68217, 14.63988],
			"to": [8.24626, 8.02548, 14.98319],
			"rotation": {"angle": 0, "axis": "y", "origin": [8, 8, 8]},
			"faces": {
				"north": {"uv": [12, 11.25, 10, 13.25], "texture": "#0"},
				"east": {"uv": [14, 16, 15, 8], "rotation": 90, "texture": "#0"},
				"south": {"uv": [12, 11.25, 10, 13.25], "texture": "#0"},
				"west": {"uv": [10, 16, 11, 8], "rotation": 270, "texture": "#0"},
				"up": {"uv": [9.25, 13.1, 11.25, 8.25], "rotation": 90, "texture": "#0"},
				"down": {"uv": [9.25, 13.1, 11.25, 8.25], "rotation": 90, "texture": "#0"}
			}
		},
		{
			"from": [7.35895, 7.8444, 14.64005],
			"to": [8.19212, 8.18737, 14.98302],
			"rotation": {"angle": 45, "axis": "z", "origin": [8, 8, 8]},
			"faces": {
				"north": {"uv": [12, 11.25, 10, 13.25], "texture": "#0"},
				"east": {"uv": [13, 16, 14, 8], "rotation": 90, "texture": "#0"},
				"south": {"uv": [12, 11.25, 10, 13.25], "texture": "#0"},
				"west": {"uv": [9, 16, 10, 8], "rotation": 270, "texture": "#0"},
				"up": {"uv": [9.25, 13.1, 11.25, 8.25], "rotation": 90, "texture": "#0"},
				"down": {"uv": [9.25, 13.1, 11.25, 8.25], "rotation": 90, "texture": "#0"}
			}
		}
	],
	"gui_light": "front",
	"display": {
		"thirdperson_righthand": {
			"rotation": [83, 0, -5],
			"translation": [0.5, -1.5, -0.75],
			"scale": [1.18, 1.18, 1.18]
		},
		"thirdperson_lefthand": {
			"rotation": [83, 0, -5],
			"translation": [0.5, -1.5, -0.75],
			"scale": [1.18, 1.18, 1.18]
		},
		"firstperson_righthand": {
			"rotation": [77.18, 1.93, 171.54],
			"translation": [2.75, 0, 0]
		},
		"firstperson_lefthand": {
			"rotation": [77.18, 1.93, 171.54],
			"translation": [2.75, 0, 0]
		},
		"ground": {
			"rotation": [90, 90, 0]
		},
		"gui": {
			"rotation": [37.9, -35.48, 53.24],
			"translation": [0.25, 0.25, 0],
			"scale": [1.83, 1.83, 1.83]
		},
		"fixed": {
			"rotation": [90, 44.5, -90],
			"scale": [2.16, 2.16, 2.16]
		}
	},
	"groups": [
		{
			"name": "gas_tank",
			"origin": [3.83043, 17.09541, -8.83593],
			"color": 0,
			"children": [
				{
					"name": "tank",
					"origin": [3.83043, 17.09541, -15.83593],
					"color": 0,
					"children": [0, 1, 2, 3, 4, 5, 6, 7]
				},
				{
					"name": "tank_start",
					"origin": [2.82504, 18.09383, -8.83593],
					"color": 0,
					"children": [8, 9, 10, 11, 12, 13]
				},
				{
					"name": "tank_start",
					"origin": [2.82504, 18.09383, -8.83593],
					"color": 0,
					"children": [14, 15, 16, 17]
				},
				{
					"name": "tank_start",
					"origin": [2.82504, 18.09383, -8.83593],
					"color": 0,
					"children": [18, 19, 20, 21]
				},
				{
					"name": "tank_end",
					"origin": [2.82504, 18.09383, -8.83593],
					"color": 0,
					"children": [22, 23, 24, 25]
				}
			]
		}
	]
}