{
	"credit": "Made with Blockbench",
	"textures": {
		"1": "custom/odmgear/blade_clean",
		"3": "custom/odmgear/blade_clip",
		"particle": "custom/odmgear/blade_clip"
	},
	"elements": [
		{
			"from": [8.00024, -10.86952, 6.07],
			"to": [8.00024, -8.86952, 7.995],
			"rotation": {"angle": 0, "axis": "y", "origin": [6.98024, -18.39202, 6.35562]},
			"faces": {
				"east": {"uv": [0, 0, 16, 16], "texture": "#3"},
				"west": {"uv": [16, 0, 0, 16], "texture": "#3"}
			}
		},
		{
			"from": [8.00024, -8.86952, 6.47],
			"to": [8.00024, 17.10798, 7.54],
			"rotation": {"angle": 0, "axis": "y", "origin": [6.98024, -16.39202, 6.85562]},
			"faces": {
				"east": {"uv": [0, 0, 0.76171, 16], "texture": "#1"},
				"west": {"uv": [0.76171, 0, 0.02381, 16], "texture": "#1"}
			}
		},
		{
			"from": [7.97524, -8.86952, 6.47],
			"to": [7.97524, 17.10798, 7.54],
			"rotation": {"angle": 0, "axis": "y", "origin": [6.98024, -16.39202, 6.85562]},
			"faces": {
				"east": {"uv": [0.78571, 0, 1.52362, 16], "texture": "#1"},
				"west": {"uv": [1.52362, 0, 0.78571, 16], "texture": "#1"}
			}
		},
		{
			"from": [7.95024, -8.86952, 6.47],
			"to": [7.95024, 17.10798, 7.54],
			"rotation": {"angle": 0, "axis": "y", "origin": [6.98024, -16.39202, 6.85562]},
			"faces": {
				"east": {"uv": [1.54762, 0, 2.28552, 16], "texture": "#1"},
				"west": {"uv": [2.28552, 0, 1.54762, 16], "texture": "#1"}
			}
		},
		{
			"from": [7.92524, -8.86952, 6.47],
			"to": [7.92524, 17.10798, 7.54],
			"rotation": {"angle": 0, "axis": "y", "origin": [6.98024, -16.39202, 6.85562]},
			"faces": {
				"east": {"uv": [2.30952, 0, 3.04743, 16], "texture": "#1"},
				"west": {"uv": [3.04743, 0, 2.30952, 16], "texture": "#1"}
			}
		},
		{
			"from": [7.90024, -8.86952, 6.47],
			"to": [7.90024, 17.10798, 7.54],
			"rotation": {"angle": 0, "axis": "y", "origin": [6.98024, -16.39202, 6.85562]},
			"faces": {
				"east": {"uv": [3.04762, 0.11905, 3.78552, 16], "texture": "#1"},
				"west": {"uv": [3.78552, 0.11905, 3.04762, 16], "texture": "#1"}
			}
		},
		{
			"from": [8.02476, -8.86952, 6.47],
			"to": [8.02476, 17.10798, 7.54],
			"rotation": {"angle": 0, "axis": "y", "origin": [9.01976, -16.39202, 6.85562]},
			"faces": {
				"east": {"uv": [0.78571, 0, 1.52362, 16], "texture": "#1"},
				"west": {"uv": [1.52362, 0, 0.78571, 16], "texture": "#1"}
			}
		},
		{
			"from": [8.04976, -8.86952, 6.47],
			"to": [8.04976, 17.10798, 7.54],
			"rotation": {"angle": 0, "axis": "y", "origin": [9.01976, -16.39202, 6.85562]},
			"faces": {
				"east": {"uv": [1.54762, 0, 2.28552, 16], "texture": "#1"},
				"west": {"uv": [2.28552, 0, 1.54762, 16], "texture": "#1"}
			}
		},
		{
			"from": [8.07476, -8.86952, 6.47],
			"to": [8.07476, 17.10798, 7.54],
			"rotation": {"angle": 0, "axis": "y", "origin": [9.01976, -16.39202, 6.85562]},
			"faces": {
				"east": {"uv": [2.30952, 0, 3.04743, 16], "texture": "#1"},
				"west": {"uv": [3.04743, 0, 2.30952, 16], "texture": "#1"}
			}
		},
		{
			"from": [8.09976, -8.86952, 6.47],
			"to": [8.09976, 17.10798, 7.54],
			"rotation": {"angle": 0, "axis": "y", "origin": [9.01976, -16.39202, 6.85562]},
			"faces": {
				"east": {"uv": [3.04762, 0.11905, 3.78552, 16], "texture": "#1"},
				"west": {"uv": [3.78552, 0.11905, 3.04762, 16], "texture": "#1"}
			}
		},
		{
			"from": [7.50024, -9.86952, 6.07],
			"to": [7.50024, -7.86952, 7.995],
			"rotation": {"angle": -22.5, "axis": "x", "origin": [7.5, -1.87514, 7.01875]},
			"faces": {
				"east": {"uv": [0, 0, 16, 16], "texture": "#3"},
				"west": {"uv": [16, 0, 0, 16], "texture": "#3"}
			}
		},
		{
			"from": [7.50024, -7.86952, 6.47],
			"to": [7.50024, 18.10798, 7.54],
			"rotation": {"angle": -22.5, "axis": "x", "origin": [7.5, -1.87514, 7.01875]},
			"faces": {
				"east": {"uv": [0, 0, 0.76171, 16], "texture": "#1"},
				"west": {"uv": [0.76171, 0, 0.02381, 16], "texture": "#1"}
			}
		},
		{
			"from": [7.47524, -7.86952, 6.47],
			"to": [7.47524, 18.10798, 7.54],
			"rotation": {"angle": -22.5, "axis": "x", "origin": [7.5, -1.87514, 7.01875]},
			"faces": {
				"east": {"uv": [0.78571, 0, 1.52362, 16], "texture": "#1"},
				"west": {"uv": [1.52362, 0, 0.78571, 16], "texture": "#1"}
			}
		},
		{
			"from": [7.45024, -7.86952, 6.47],
			"to": [7.45024, 18.10798, 7.54],
			"rotation": {"angle": -22.5, "axis": "x", "origin": [7.5, -1.87514, 7.01875]},
			"faces": {
				"east": {"uv": [1.54762, 0, 2.28552, 16], "texture": "#1"},
				"west": {"uv": [2.28552, 0, 1.54762, 16], "texture": "#1"}
			}
		},
		{
			"from": [7.42524, -7.86952, 6.47],
			"to": [7.42524, 18.10798, 7.54],
			"rotation": {"angle": -22.5, "axis": "x", "origin": [7.5, -1.87514, 7.01875]},
			"faces": {
				"east": {"uv": [2.30952, 0, 3.04743, 16], "texture": "#1"},
				"west": {"uv": [3.04743, 0, 2.30952, 16], "texture": "#1"}
			}
		},
		{
			"from": [7.40024, -7.86952, 6.47],
			"to": [7.40024, 18.10798, 7.54],
			"rotation": {"angle": -22.5, "axis": "x", "origin": [7.5, -1.87514, 7.01875]},
			"faces": {
				"east": {"uv": [3.04762, 0.11905, 3.78552, 16], "texture": "#1"},
				"west": {"uv": [3.78552, 0.11905, 3.04762, 16], "texture": "#1"}
			}
		},
		{
			"from": [7.52476, -7.86952, 6.47],
			"to": [7.52476, 18.10798, 7.54],
			"rotation": {"angle": -22.5, "axis": "x", "origin": [7.5, -1.87514, 7.01875]},
			"faces": {
				"east": {"uv": [0.78571, 0, 1.52362, 16], "texture": "#1"},
				"west": {"uv": [1.52362, 0, 0.78571, 16], "texture": "#1"}
			}
		},
		{
			"from": [7.54976, -7.86952, 6.47],
			"to": [7.54976, 18.10798, 7.54],
			"rotation": {"angle": -22.5, "axis": "x", "origin": [7.5, -1.87514, 7.01875]},
			"faces": {
				"east": {"uv": [1.54762, 0, 2.28552, 16], "texture": "#1"},
				"west": {"uv": [2.28552, 0, 1.54762, 16], "texture": "#1"}
			}
		},
		{
			"from": [7.57476, -7.86952, 6.47],
			"to": [7.57476, 18.10798, 7.54],
			"rotation": {"angle": -22.5, "axis": "x", "origin": [7.5, -1.87514, 7.01875]},
			"faces": {
				"east": {"uv": [2.30952, 0, 3.04743, 16], "texture": "#1"},
				"west": {"uv": [3.04743, 0, 2.30952, 16], "texture": "#1"}
			}
		},
		{
			"from": [7.59976, -7.86952, 6.47],
			"to": [7.59976, 18.10798, 7.54],
			"rotation": {"angle": -22.5, "axis": "x", "origin": [7.5, -1.87514, 7.01875]},
			"faces": {
				"east": {"uv": [3.04762, 0.11905, 3.78552, 16], "texture": "#1"},
				"west": {"uv": [3.78552, 0.11905, 3.04762, 16], "texture": "#1"}
			}
		}
	],
	"gui_light": "front",
	"display": {
		"thirdperson_righthand": {
			"rotation": [-3.7, -1.02, -134.22],
			"translation": [4.25, -6.25, 0.5],
			"scale": [0.75, 0.75, 0.75]
		},
		"thirdperson_lefthand": {
			"rotation": [-3.7, -1.02, -134.22],
			"translation": [4.25, -6.25, 0.5],
			"scale": [0.75, 0.75, 0.75]
		},
		"firstperson_righthand": {
			"rotation": [-15.81, 2.46, -171.67],
			"translation": [5.5, -6, 0],
			"scale": [0.8, 0.8, 0.8]
		},
		"firstperson_lefthand": {
			"rotation": [-15.81, 2.46, -171.67],
			"translation": [5.5, -6, 0],
			"scale": [0.8, 0.8, 0.8]
		},
		"ground": {
			"rotation": [90, 90, 0],
			"translation": [1, 0, 6.5]
		},
		"gui": {
			"rotation": [90, 47, -90],
			"translation": [4.75, 1.75, 0],
			"scale": [0.81, 0.81, 0.81]
		},
		"head": {
			"rotation": [90, -59.75, -90],
			"translation": [-0.25, -20.5, 4.25]
		},
		"fixed": {
			"rotation": [90, 44.5, -90],
			"translation": [7.75, 6.5, 0],
			"scale": [1.37, 1.37, 1.37]
		}
	},
	"groups": [
		{
			"name": "blade",
			"origin": [6.98024, -16.39202, 6.85562],
			"color": 0,
			"children": [0, 1, 2, 3, 4, 5, 6, 7, 8, 9]
		},
		{
			"name": "blade",
			"origin": [6.98024, -16.39202, 6.85562],
			"color": 0,
			"children": [10, 11, 12, 13, 14, 15, 16, 17, 18, 19]
		}
	]
}