{
 "parent": "item/generated",
 "textures": {
  "layer0": "item/arrow"
 },

 "overrides": [
  { "predicate": {"custom_model_data": 1}, "model": "item/item/blank"},
  { "predicate": {"custom_model_data": 2}, "model": "item/zpecial/snc"},
  { "predicate": {"custom_model_data": 3}, "model": "item/manuever/villager_body"},
  { "predicate": {"custom_model_data": 4}, "model": "item/military/vehicle/willy_mb"},
  { "predicate": {"custom_model_data": 5}, "model": "item/people/item/key/empty"},
  { "predicate": {"custom_model_data": 6}, "model": "item/people/item/key/red"},
  { "predicate": {"custom_model_data": 7}, "model": "item/people/item/key/green"},
  { "predicate": {"custom_model_data": 8}, "model": "item/people/item/key/purple"}
 ]
}