{
    "parent": "minecraft:item/handheld_rod",
    "textures": {
      "layer0": "minecraft:item/carrot_on_a_stick"
    },
    "overrides": [
    { "predicate": {"custom_model_data": 1}, "model": "item/manuever/gas_trigger/blade"},
    { "predicate": {"custom_model_data": 2}, "model": "item/manuever/gas_trigger/empty"},
    { "predicate": {"custom_model_data": 4}, "model": "item/shifters/cart/item/atk_1"},
    { "predicate": {"custom_model_data": 5}, "model": "item/shifters/item/add_1"},
    { "predicate": {"custom_model_data": 6}, "model": "item/shifters/cart/item/atk_2"},
    { "predicate": {"custom_model_data": 7}, "model": "item/shifters/item/injection_full"},
    { "predicate": {"custom_model_data": 8}, "model": "item/shifters/item/remove"},
    { "predicate": {"custom_model_data": 9}, "model": "item/shifters/item/jump"},
    { "predicate": {"custom_model_data": 10}, "model": "item/shifters/cart/item/atk_3"},
    { "predicate": {"custom_model_data": 11}, "model": "item/shifters/cart/item/atk_4"},
    { "predicate": {"custom_model_data": 12}, "model": "item/shifters/cart/item/atk_5"},
    { "predicate": {"custom_model_data": 13}, "model": "item/shifters/item/injection"},
    { "predicate": {"custom_model_data": 14}, "model": "item/shifters/item/add_2"},
    { "predicate": {"custom_model_data": 15}, "model": "item/shifters/colossal/item/atk_2"},
    { "predicate": {"custom_model_data": 16}, "model": "item/shifters/item/shifters_finder"},
    { "predicate": {"custom_model_data": 17}, "model": "item/shifters/colossal/item/atk_3"},
    { "predicate": {"custom_model_data": 18}, "model": "item/shifters/colossal/item/atk_4"},
    { "predicate": {"custom_model_data": 19}, "model": "item/shifters/colossal/item/atk_1"},
    { "predicate": {"custom_model_data": 20}, "model": "item/shifters/attack_misc/item/atk_6"},
    { "predicate": {"custom_model_data": 21}, "model": "item/shifters/beast_misc/item/atk_6"},
    { "predicate": {"custom_model_data": 22}, "model": "item/shifters/item/missing"},
    { "predicate": {"custom_model_data": 23}, "model": "item/manuever/gas_trigger/not_vis"},
    { "predicate": {"custom_model_data": 24}, "model": "item/shifters/item/inv"},

    { "predicate": {"custom_model_data": 28}, "model": "item/shifters/item/needle"},
    { "predicate": {"custom_model_data": 29}, "model": "item/people/item/flare/blank"},
    { "predicate": {"custom_model_data": 30}, "model": "item/people/item/flare/black"},
    { "predicate": {"custom_model_data": 31}, "model": "item/people/item/flare/blue"},
    { "predicate": {"custom_model_data": 32}, "model": "item/people/item/flare/green"},
    { "predicate": {"custom_model_data": 33}, "model": "item/people/item/flare/purple"},
    { "predicate": {"custom_model_data": 34}, "model": "item/people/item/flare/red"},
    { "predicate": {"custom_model_data": 35}, "model": "item/people/item/flare/yellow"},
    { "predicate": {"custom_model_data": 36}, "model": "item/shifters/attack_misc/item/atk_1"},
    { "predicate": {"custom_model_data": 37}, "model": "item/shifters/attack_misc/item/atk_2"},
    { "predicate": {"custom_model_data": 38}, "model": "item/shifters/attack_misc/item/atk_3"},
    { "predicate": {"custom_model_data": 39}, "model": "item/shifters/attack_misc/item/atk_4"},
    { "predicate": {"custom_model_data": 40}, "model": "item/shifters/attack_misc/item/atk_5"},
    { "predicate": {"custom_model_data": 41}, "model": "item/people/item/wrench"},
    { "predicate": {"custom_model_data": 42}, "model": "item/people/item/chain"},
    { "predicate": {"custom_model_data": 43}, "model": "item/shifters/item/sprint"},
    { "predicate": {"custom_model_data": 44}, "model": "item/shifters/item/eat"},
    { "predicate": {"custom_model_data": 45}, "model": "item/shifters/item/stop"},
    { "predicate": {"custom_model_data": 46}, "model": "item/people/item/boy"},
    { "predicate": {"custom_model_data": 47}, "model": "item/people/item/girl"},
    { "predicate": {"custom_model_data": 48}, "model": "item/people/item/invitation"},
    { "predicate": {"custom_model_data": 49}, "model": "item/shifters/beast_misc/item/atk_1"},
    { "predicate": {"custom_model_data": 50}, "model": "item/shifters/beast_misc/item/atk_2"},
    { "predicate": {"custom_model_data": 51}, "model": "item/shifters/beast_misc/item/atk_3"},
    { "predicate": {"custom_model_data": 52}, "model": "item/shifters/beast_misc/item/atk_4"},
    { "predicate": {"custom_model_data": 53}, "model": "item/shifters/beast_misc/item/atk_5"},
    { "predicate": {"custom_model_data": 54}, "model": "item/people/item/rename"},
    { "predicate": {"custom_model_data": 55}, "model": "item/item/blank"},
    { "predicate": {"custom_model_data": 56}, "model": "item/shifters/cart/item/barrels"},
    { "predicate": {"custom_model_data": 57}, "model": "item/shifters/cart/item/turrets"},
    { "predicate": {"custom_model_data": 58}, "model": "item/shifters/armor_misc/item/atk_1"},
    { "predicate": {"custom_model_data": 59}, "model": "item/shifters/armor_misc/item/atk_2"},
    { "predicate": {"custom_model_data": 60}, "model": "item/item/config"},
    { "predicate": {"custom_model_data": 61}, "model": "item/shifters/item/combat"},
    { "predicate": {"custom_model_data": 62}, "model": "item/shifters/item/utility"},
    { "predicate": {"custom_model_data": 63}, "model": "item/shifters/item/destroy"},
    { "predicate": {"custom_model_data": 66}, "model": "item/shifters/armor_misc/item/atk_3"},
    { "predicate": {"custom_model_data": 67}, "model": "item/shifters/armor_misc/item/atk_4"},
    { "predicate": {"custom_model_data": 68}, "model": "item/shifters/armor_misc/item/atk_5"},
    { "predicate": {"custom_model_data": 69}, "model": "item/shifters/beast_misc/item/atk_7"},
    { "predicate": {"custom_model_data": 70}, "model": "item/manuever/gas_trigger/mode_2/empty"},
    { "predicate": {"custom_model_data": 71}, "model": "item/manuever/gas_trigger/mode_2/1"},
    { "predicate": {"custom_model_data": 72}, "model": "item/manuever/gas_trigger/mode_2/2"},
    { "predicate": {"custom_model_data": 73}, "model": "item/manuever/gas_trigger/mode_2/3"}
    
    ]

}