{
 "parent": "minecraft:block/carved_pumpkin",
 "textures": {
  "layer0": "item/carved_pumpkin"
 },

 "overrides": [
    { "predicate": {"custom_model_data": 0}, "model": "item/carved_pumpkin"},
  { "predicate": {"custom_model_data": 1}, "model": "item/military/scouts/hood_legacy"},
  { "predicate": {"custom_model_data": 2}, "model": "item/shifters/cart/barrel"},
  { "predicate": {"custom_model_data": 3}, "model": "item/shifters/cart/guns"},
  { "predicate": {"custom_model_data": 4}, "model": "item/shifters/cart/bite/mask/1"},
  { "predicate": {"custom_model_data": 5}, "model": "item/shifters/cart/bite/mask/2"},
  { "predicate": {"custom_model_data": 6}, "model": "item/shifters/cart/bite/mask/3"},
  { "predicate": {"custom_model_data": 7}, "model": "item/shifters/cart/bite/unmask/1"},  
  { "predicate": {"custom_model_data": 8}, "model": "item/shifters/cart/bite/unmask/2"},
  { "predicate": {"custom_model_data": 9}, "model": "item/shifters/cart/bite/unmask/3"},
  { "predicate": {"custom_model_data": 11}, "model": "item/shifters/colossal/bite/steam/1"},
  { "predicate": {"custom_model_data": 12}, "model": "item/shifters/colossal/bite/steam/2"},
  { "predicate": {"custom_model_data": 13}, "model": "item/shifters/colossal/bite/steam/3"},
  { "predicate": {"custom_model_data": 14}, "model": "item/shifters/colossal/bite/steam/4"},
  { "predicate": {"custom_model_data": 15}, "model": "item/shifters/colossal/bite/steam/5"},
  { "predicate": {"custom_model_data": 16}, "model": "item/shifters/colossal/bite/head/1"},
  { "predicate": {"custom_model_data": 17}, "model": "item/shifters/colossal/bite/head/2"},
  { "predicate": {"custom_model_data": 18}, "model": "item/shifters/colossal/bite/head/3"},
  { "predicate": {"custom_model_data": 19}, "model": "item/shifters/colossal/bite/head/4"},
  { "predicate": {"custom_model_data": 20}, "model": "item/shifters/colossal/bite/head/5"},
  { "predicate": {"custom_model_data": 21}, "model": "item/manuever/spin/1"},
  { "predicate": {"custom_model_data": 22}, "model": "item/manuever/spin/2"},
  { "predicate": {"custom_model_data": 23}, "model": "item/manuever/spin/3"},
  { "predicate": {"custom_model_data": 24}, "model": "item/manuever/spin/4"},
  { "predicate": {"custom_model_data": 25}, "model": "item/manuever/spin/5"},
  { "predicate": {"custom_model_data": 26}, "model": "item/manuever/spin/6"},
  { "predicate": {"custom_model_data": 27}, "model": "item/shifters/attack_misc/bite/4"},
  { "predicate": {"custom_model_data": 28}, "model": "item/shifters/attack_misc/bite/1"},
  { "predicate": {"custom_model_data": 29}, "model": "item/shifters/attack_misc/bite/2"},
  { "predicate": {"custom_model_data": 30}, "model": "item/shifters/attack_misc/bite/3"},
  { "predicate": {"custom_model_data": 31}, "model": "item/shifters/attack_misc/bite/5"},
  { "predicate": {"custom_model_data": 32}, "model": "item/shifters/attack_misc/bite/6"},
  { "predicate": {"custom_model_data": 33}, "model": "item/shifters/attack_misc/bite/7"},
  { "predicate": {"custom_model_data": 34}, "model": "item/shifters/attack_misc/bite/8"},
  { "predicate": {"custom_model_data": 35}, "model": "item/shifters/attack_misc/bite/9"},
  { "predicate": {"custom_model_data": 36}, "model": "item/shifters/attack_misc/bite/10"},
  { "predicate": {"custom_model_data": 37}, "model": "item/shifters/attack_misc/bite/11"},
  { "predicate": {"custom_model_data": 38}, "model": "item/shifters/attack_misc/bite/12"},
  { "predicate": {"custom_model_data": 39}, "model": "item/shifters/attack_misc/bite/13"},
  { "predicate": {"custom_model_data": 40}, "model": "item/shifters/attack_misc/bite/14"},
  { "predicate": {"custom_model_data": 41}, "model": "item/people/profession/mage"},
  { "predicate": {"custom_model_data": 42}, "model": "item/people/profession/crown"},
  { "predicate": {"custom_model_data": 43}, "model": "item/shifters/beast_misc/bite/15"},
  { "predicate": {"custom_model_data": 44}, "model": "item/shifters/beast_misc/bite/14"},
  { "predicate": {"custom_model_data": 45}, "model": "item/shifters/beast_misc/bite/13"},
  { "predicate": {"custom_model_data": 46}, "model": "item/shifters/beast_misc/bite/12"},
  { "predicate": {"custom_model_data": 47}, "model": "item/shifters/beast_misc/bite/11"},
  { "predicate": {"custom_model_data": 48}, "model": "item/shifters/beast_misc/bite/10"},
  { "predicate": {"custom_model_data": 49}, "model": "item/shifters/beast_misc/bite/9"},
  { "predicate": {"custom_model_data": 50}, "model": "item/shifters/beast_misc/bite/8"},
  { "predicate": {"custom_model_data": 51}, "model": "item/shifters/beast_misc/bite/7"},
  { "predicate": {"custom_model_data": 52}, "model": "item/shifters/beast_misc/bite/6"},
  { "predicate": {"custom_model_data": 53}, "model": "item/shifters/beast_misc/bite/5"},
  { "predicate": {"custom_model_data": 54}, "model": "item/shifters/beast_misc/bite/4"},
  { "predicate": {"custom_model_data": 55}, "model": "item/shifters/beast_misc/bite/3"},
  { "predicate": {"custom_model_data": 56}, "model": "item/shifters/beast_misc/bite/2"},
  { "predicate": {"custom_model_data": 57}, "model": "item/shifters/beast_misc/bite/1"},
  { "predicate": {"custom_model_data": 58}, "model": "item/shifters/beast_misc/bite/0"},
  { "predicate": {"custom_model_data": 59}, "model": "item/shifters/beast_misc/bite/-1"},
  { "predicate": {"custom_model_data": 60}, "model": "item/shifters/beast_misc/bite/-2"},
  { "predicate": {"custom_model_data": 61}, "model": "item/shifters/beast_misc/rock"},
  { "predicate": {"custom_model_data": 62}, "model": "item/shifters/beast_misc/rock_a"},
  { "predicate": {"custom_model_data": 63}, "model": "item/shifters/cart/bite/farm"},
  { "predicate": {"custom_model_data": 64}, "model": "item/shifters/armor_misc/bite/12"},
  { "predicate": {"custom_model_data": 65}, "model": "item/shifters/armor_misc/bite/11"},
  { "predicate": {"custom_model_data": 66}, "model": "item/shifters/armor_misc/bite/10"},
  { "predicate": {"custom_model_data": 67}, "model": "item/shifters/armor_misc/bite/9"},
  { "predicate": {"custom_model_data": 68}, "model": "item/shifters/armor_misc/bite/8"},
  { "predicate": {"custom_model_data": 69}, "model": "item/shifters/armor_misc/bite/7"},
  { "predicate": {"custom_model_data": 70}, "model": "item/shifters/armor_misc/bite/6"},
  { "predicate": {"custom_model_data": 71}, "model": "item/shifters/armor_misc/bite/5/1"},
  { "predicate": {"custom_model_data": 72}, "model": "item/shifters/armor_misc/bite/5/2"},
  { "predicate": {"custom_model_data": 73}, "model": "item/shifters/armor_misc/bite/5/3"},
  { "predicate": {"custom_model_data": 74}, "model": "item/shifters/armor_misc/bite/5/4"},
  { "predicate": {"custom_model_data": 75}, "model": "item/shifters/armor_misc/bite/5/5"},
  { "predicate": {"custom_model_data": 76}, "model": "item/shifters/armor_misc/bite/4/1"},
  { "predicate": {"custom_model_data": 77}, "model": "item/shifters/armor_misc/bite/4/2"},
  { "predicate": {"custom_model_data": 78}, "model": "item/shifters/armor_misc/bite/4/3"},
  { "predicate": {"custom_model_data": 79}, "model": "item/shifters/armor_misc/bite/4/4"},
  { "predicate": {"custom_model_data": 80}, "model": "item/shifters/armor_misc/bite/4/5"},
  { "predicate": {"custom_model_data": 81}, "model": "item/shifters/armor_misc/bite/3/1"},
  { "predicate": {"custom_model_data": 82}, "model": "item/shifters/armor_misc/bite/3/2"},
  { "predicate": {"custom_model_data": 83}, "model": "item/shifters/armor_misc/bite/3/3"},
  { "predicate": {"custom_model_data": 84}, "model": "item/shifters/armor_misc/bite/3/4"},
  { "predicate": {"custom_model_data": 85}, "model": "item/shifters/armor_misc/bite/3/5"},
  { "predicate": {"custom_model_data": 86}, "model": "item/shifters/armor_misc/bite/1_2/1"},
  { "predicate": {"custom_model_data": 87}, "model": "item/shifters/armor_misc/bite/1_2/2"},
  { "predicate": {"custom_model_data": 88}, "model": "item/shifters/armor_misc/bite/1_2/3"},
  { "predicate": {"custom_model_data": 89}, "model": "item/shifters/armor_misc/bite/1_2/4"},
  { "predicate": {"custom_model_data": 90}, "model": "item/shifters/armor_misc/bite/1_2/5"},
  { "predicate": {"custom_model_data": 91}, "model": "item/military/scouts/explore/hood"},



  { "predicate": {"custom_model_data": 100}, "model": "item/trophies/attack_head"},
  { "predicate": {"custom_model_data": 101}, "model": "item/trophies/colossal_head"},
  { "predicate": {"custom_model_data": 102}, "model": "item/trophies/cart_head"},
  { "predicate": {"custom_model_data": 103}, "model": "item/trophies/beast_head"},
  { "predicate": {"custom_model_data": 104}, "model": "item/trophies/armor_head"},

  { "predicate": {"custom_model_data": 1000}, "model": "item/titan/colossal/h1"}
 ]

}