{
 "parent": "item/generated",
 "textures": {
  "layer0": "item/feather"
 },

 "overrides": [
  { "predicate": {"custom_model_data": 1}, "model": "item/military/soldiers/1"},
  { "predicate": {"custom_model_data": 2}, "model": "item/military/soldiers/2"},
  { "predicate": {"custom_model_data": 3}, "model": "item/military/soldiers/3"},
  { "predicate": {"custom_model_data": 4}, "model": "item/military/soldiers/4"},
  { "predicate": {"custom_model_data": 5}, "model": "item/military/soldiers/5"},
  { "predicate": {"custom_model_data": 6}, "model": "item/military/soldiers/6"},

  { "predicate": {"custom_model_data": 7}, "model": "item/people/eldia/4/head"},
  { "predicate": {"custom_model_data": 8}, "model": "item/people/eldia/4/body"},
  { "predicate": {"custom_model_data": 9}, "model": "item/people/eldia/5/head"},
  { "predicate": {"custom_model_data": 10}, "model": "item/people/eldia/5/body"},
  { "predicate": {"custom_model_data": 11}, "model": "item/people/eldia/6/head"},
  { "predicate": {"custom_model_data": 12}, "model": "item/people/eldia/6/body"},
  { "predicate": {"custom_model_data": 13}, "model": "item/people/eldia/dave/head"},
  { "predicate": {"custom_model_data": 14}, "model": "item/people/eldia/dave/body"},
  { "predicate": {"custom_model_data": 15}, "model": "item/people/eldia/ann/head"},
  { "predicate": {"custom_model_data": 16}, "model": "item/people/eldia/ann/body"},
  { "predicate": {"custom_model_data": 17}, "model": "item/people/eldia/bob/head"},
  { "predicate": {"custom_model_data": 18}, "model": "item/people/eldia/bob/body"},
  { "predicate": {"custom_model_data": 19}, "model": "item/people/eldia/10/head"},
  { "predicate": {"custom_model_data": 20}, "model": "item/people/eldia/10/body"},
  { "predicate": {"custom_model_data": 21}, "model": "item/people/eldia/11/head"},
  { "predicate": {"custom_model_data": 22}, "model": "item/people/eldia/11/body"},
  { "predicate": {"custom_model_data": 23}, "model": "item/people/eldia/alma/head"},
  { "predicate": {"custom_model_data": 24}, "model": "item/people/eldia/alma/body"},
  { "predicate": {"custom_model_data": 25}, "model": "item/people/eldia/bomb/head"},
  { "predicate": {"custom_model_data": 26}, "model": "item/people/eldia/bomb/body"},
  { "predicate": {"custom_model_data": 27}, "model": "item/people/eldia/ragnaar/head"},
  { "predicate": {"custom_model_data": 28}, "model": "item/people/eldia/ragnaar/body"},
  { "predicate": {"custom_model_data": 29}, "model": "item/people/eldia/julian/head"},
  { "predicate": {"custom_model_data": 30}, "model": "item/people/eldia/julian/body"},
  { "predicate": {"custom_model_data": 31}, "model": "item/people/eldia/niflum/head"},
  { "predicate": {"custom_model_data": 32}, "model": "item/people/eldia/niflum/body"}
 ]

}