{
    "parent": "item/generated",
    "textures": {
        "layer0": "item/ghast_tear"
    },

    "overrides": [
        { "predicate": {"custom_model_data": 1}, "model": "item/trophies/colossal"},
        
        { "predicate": {"custom_model_data": 20}, "model": "item/trophies/blocky"},
        { "predicate": {"custom_model_data": 21}, "model": "item/trophies/zick"},
        { "predicate": {"custom_model_data": 22}, "model": "item/trophies/zwei"},
        { "predicate": {"custom_model_data": 23}, "model": "item/trophies/michelle"},
        { "predicate": {"custom_model_data": 24}, "model": "item/trophies/valentina"},
        { "predicate": {"custom_model_data": 25}, "model": "item/trophies/vladlen"},
        { "predicate": {"custom_model_data": 26}, "model": "item/trophies/allan"},
        { "predicate": {"custom_model_data": 27}, "model": "item/trophies/ameer"},
        { "predicate": {"custom_model_data": 28}, "model": "item/trophies/creepy"}

        

    ]
}