{
	"parent": "item/handheld",
	"textures": {
		"layer0": "item/heart_of_the_sea"
	},
	"overrides": [
	
		{"predicate": {"custom_model_data":1}, "model":"item/retract_animation/retract_animation_a_0"},
		{"predicate": {"custom_model_data":2}, "model":"item/retract_animation/retract_animation_a_1"},
		{"predicate": {"custom_model_data":3}, "model":"item/retract_animation/retract_animation_a_2"},
		{"predicate": {"custom_model_data":4}, "model":"item/retract_animation/retract_animation_a_3"},
		{"predicate": {"custom_model_data":5}, "model":"item/retract_animation/retract_animation_a_4"},
		{"predicate": {"custom_model_data":6}, "model":"item/retract_animation/retract_animation_a_5"},
		{"predicate": {"custom_model_data":7}, "model":"item/retract_animation/retract_animation_a_6"},
		{"predicate": {"custom_model_data":8}, "model":"item/retract_animation/retract_animation_a_7"},
		{"predicate": {"custom_model_data":9}, "model":"item/retract_animation/retract_animation_a_8"},
		{"predicate": {"custom_model_data":10}, "model":"item/retract_animation/retract_animation_a_9"},
		{"predicate": {"custom_model_data":11}, "model":"item/retract_animation/retract_animation_a_10"},
		
		{"predicate": {"custom_model_data":12}, "model":"item/retract_animation/retract_animation_b_0"},
		{"predicate": {"custom_model_data":13}, "model":"item/retract_animation/retract_animation_b_1"},
		{"predicate": {"custom_model_data":14}, "model":"item/retract_animation/retract_animation_b_2"},
		{"predicate": {"custom_model_data":15}, "model":"item/retract_animation/retract_animation_b_3"},
		{"predicate": {"custom_model_data":16}, "model":"item/retract_animation/retract_animation_b_4"},
		{"predicate": {"custom_model_data":17}, "model":"item/retract_animation/retract_animation_b_5"},
		{"predicate": {"custom_model_data":18}, "model":"item/retract_animation/retract_animation_b_6"},
		{"predicate": {"custom_model_data":19}, "model":"item/retract_animation/retract_animation_b_7"},
		{"predicate": {"custom_model_data":20}, "model":"item/retract_animation/retract_animation_b_8"},
		{"predicate": {"custom_model_data":21}, "model":"item/retract_animation/retract_animation_b_9"},
		{"predicate": {"custom_model_data":22}, "model":"item/retract_animation/retract_animation_b_10"}
		
	]
}