{
 "parent": "minecraft:item/template_skull",
 "textures": {
  "layer0": "item/player_head"
 },

 "overrides": [
    { "predicate": {"custom_model_data": 0}, "model": "item/player_head"},
    { "predicate": {"custom_model_data": 1}, "model": "item/item/blank"},
    { "predicate": {"custom_model_data": 2}, "model": "item/people/item/canon/bullet"},
    { "predicate": {"custom_model_data": 3}, "model": "item/manuever/spear"},
    { "predicate": {"custom_model_data": 4}, "model": "item/manuever/hook"}
 ]

}