{
    "parent": "item/generated",
    "textures": {
        "layer0": "item/potion_overlay",
        "layer1": "item/potion"
    },

    "overrides": [
    { "predicate": {"custom_model_data": 1}, "model": "item/item/wine"},
    { "predicate": {"custom_model_data": 2}, "model": "item/item/wine_glass"},
    { "predicate": {"custom_model_data": 3}, "model": "item/item/apple_juice"},
    { "predicate": {"custom_model_data": 4}, "model": "item/item/beetroot_beer"},
    { "predicate": {"custom_model_data": 5}, "model": "item/item/watermelon_juice"}
    ]
}