{
	"parent": "item/generated",
	"textures": {
		"layer0": "minecraft:item/red_dye"
	},
	"overrides": [
		{
			"predicate": {
				"custom_model_data": 1
			},
			"model": "animated_java:empty"
		},
		{
			"predicate": {
				"custom_model_data": 2
			},
			"model": "minecraft:item/shifters/attack/neck"
		},
		{
			"predicate": {
				"custom_model_data": 3
			},
			"model": "minecraft:item/shifters/attack/right_thumb_2"
		},
		{
			"predicate": {
				"custom_model_data": 4
			},
			"model": "minecraft:item/shifters/attack/right_thumb"
		},
		{
			"predicate": {
				"custom_model_data": 5
			},
			"model": "minecraft:item/shifters/attack/right_fingers2"
		},
		{
			"predicate": {
				"custom_model_data": 6
			},
			"model": "minecraft:item/shifters/attack/right_fingers"
		},
		{
			"predicate": {
				"custom_model_data": 7
			},
			"model": "minecraft:item/shifters/attack/right_hand"
		},
		{
			"predicate": {
				"custom_model_data": 8
			},
			"model": "minecraft:item/shifters/attack/right_forearm"
		},
		{
			"predicate": {
				"custom_model_data": 9
			},
			"model": "minecraft:item/shifters/attack/right_bicep"
		},
		{
			"predicate": {
				"custom_model_data": 10
			},
			"model": "minecraft:item/shifters/attack/right_shoulder"
		},
		{
			"predicate": {
				"custom_model_data": 11
			},
			"model": "minecraft:item/shifters/attack/right_arm"
		},
		{
			"predicate": {
				"custom_model_data": 12
			},
			"model": "minecraft:item/shifters/attack/left_thumb_2"
		},
		{
			"predicate": {
				"custom_model_data": 13
			},
			"model": "minecraft:item/shifters/attack/left_thumb"
		},
		{
			"predicate": {
				"custom_model_data": 14
			},
			"model": "minecraft:item/shifters/attack/left_fingers2"
		},
		{
			"predicate": {
				"custom_model_data": 15
			},
			"model": "minecraft:item/shifters/attack/left_fingers"
		},
		{
			"predicate": {
				"custom_model_data": 16
			},
			"model": "minecraft:item/shifters/attack/left_hand"
		},
		{
			"predicate": {
				"custom_model_data": 17
			},
			"model": "minecraft:item/shifters/attack/left_forearm"
		},
		{
			"predicate": {
				"custom_model_data": 18
			},
			"model": "minecraft:item/shifters/attack/left_bicep"
		},
		{
			"predicate": {
				"custom_model_data": 19
			},
			"model": "minecraft:item/shifters/attack/left_shoulder"
		},
		{
			"predicate": {
				"custom_model_data": 20
			},
			"model": "minecraft:item/shifters/attack/left_arm"
		},
		{
			"predicate": {
				"custom_model_data": 21
			},
			"model": "minecraft:item/shifters/attack/chest"
		},
		{
			"predicate": {
				"custom_model_data": 22
			},
			"model": "minecraft:item/shifters/attack/weist"
		},
		{
			"predicate": {
				"custom_model_data": 23
			},
			"model": "minecraft:item/shifters/attack/right_foot"
		},
		{
			"predicate": {
				"custom_model_data": 24
			},
			"model": "minecraft:item/shifters/attack/right_knee"
		},
		{
			"predicate": {
				"custom_model_data": 25
			},
			"model": "minecraft:item/shifters/attack/right_thigh"
		},
		{
			"predicate": {
				"custom_model_data": 26
			},
			"model": "minecraft:item/shifters/attack/right_leg"
		},
		{
			"predicate": {
				"custom_model_data": 27
			},
			"model": "minecraft:item/shifters/attack/left_foot"
		},
		{
			"predicate": {
				"custom_model_data": 28
			},
			"model": "minecraft:item/shifters/attack/left_knee"
		},
		{
			"predicate": {
				"custom_model_data": 29
			},
			"model": "minecraft:item/shifters/attack/left_thigh"
		},
		{
			"predicate": {
				"custom_model_data": 30
			},
			"model": "minecraft:item/shifters/attack/left_leg"
		},
		{
			"predicate": {
				"custom_model_data": 31
			},
			"model": "minecraft:item/shifters/attack/noskin_1/neck"
		},
		{
			"predicate": {
				"custom_model_data": 32
			},
			"model": "minecraft:item/shifters/attack/noskin_1/right_thumb_2"
		},
		{
			"predicate": {
				"custom_model_data": 33
			},
			"model": "minecraft:item/shifters/attack/noskin_1/right_thumb"
		},
		{
			"predicate": {
				"custom_model_data": 34
			},
			"model": "minecraft:item/shifters/attack/noskin_1/right_fingers2"
		},
		{
			"predicate": {
				"custom_model_data": 35
			},
			"model": "minecraft:item/shifters/attack/noskin_1/right_fingers"
		},
		{
			"predicate": {
				"custom_model_data": 36
			},
			"model": "minecraft:item/shifters/attack/noskin_1/right_hand"
		},
		{
			"predicate": {
				"custom_model_data": 37
			},
			"model": "minecraft:item/shifters/attack/noskin_1/right_forearm"
		},
		{
			"predicate": {
				"custom_model_data": 38
			},
			"model": "minecraft:item/shifters/attack/noskin_1/right_bicep"
		},
		{
			"predicate": {
				"custom_model_data": 39
			},
			"model": "minecraft:item/shifters/attack/noskin_1/right_shoulder"
		},
		{
			"predicate": {
				"custom_model_data": 40
			},
			"model": "minecraft:item/shifters/attack/noskin_1/right_arm"
		},
		{
			"predicate": {
				"custom_model_data": 41
			},
			"model": "minecraft:item/shifters/attack/noskin_1/left_thumb_2"
		},
		{
			"predicate": {
				"custom_model_data": 42
			},
			"model": "minecraft:item/shifters/attack/noskin_1/left_thumb"
		},
		{
			"predicate": {
				"custom_model_data": 43
			},
			"model": "minecraft:item/shifters/attack/noskin_1/left_fingers2"
		},
		{
			"predicate": {
				"custom_model_data": 44
			},
			"model": "minecraft:item/shifters/attack/noskin_1/left_fingers"
		},
		{
			"predicate": {
				"custom_model_data": 45
			},
			"model": "minecraft:item/shifters/attack/noskin_1/left_hand"
		},
		{
			"predicate": {
				"custom_model_data": 46
			},
			"model": "minecraft:item/shifters/attack/noskin_1/left_forearm"
		},
		{
			"predicate": {
				"custom_model_data": 47
			},
			"model": "minecraft:item/shifters/attack/noskin_1/left_bicep"
		},
		{
			"predicate": {
				"custom_model_data": 48
			},
			"model": "minecraft:item/shifters/attack/noskin_1/left_shoulder"
		},
		{
			"predicate": {
				"custom_model_data": 49
			},
			"model": "minecraft:item/shifters/attack/noskin_1/left_arm"
		},
		{
			"predicate": {
				"custom_model_data": 50
			},
			"model": "minecraft:item/shifters/attack/noskin_1/chest"
		},
		{
			"predicate": {
				"custom_model_data": 51
			},
			"model": "minecraft:item/shifters/attack/noskin_1/weist"
		},
		{
			"predicate": {
				"custom_model_data": 52
			},
			"model": "minecraft:item/shifters/attack/noskin_1/right_foot"
		},
		{
			"predicate": {
				"custom_model_data": 53
			},
			"model": "minecraft:item/shifters/attack/noskin_1/right_knee"
		},
		{
			"predicate": {
				"custom_model_data": 54
			},
			"model": "minecraft:item/shifters/attack/noskin_1/right_thigh"
		},
		{
			"predicate": {
				"custom_model_data": 55
			},
			"model": "minecraft:item/shifters/attack/noskin_1/right_leg"
		},
		{
			"predicate": {
				"custom_model_data": 56
			},
			"model": "minecraft:item/shifters/attack/noskin_1/left_foot"
		},
		{
			"predicate": {
				"custom_model_data": 57
			},
			"model": "minecraft:item/shifters/attack/noskin_1/left_knee"
		},
		{
			"predicate": {
				"custom_model_data": 58
			},
			"model": "minecraft:item/shifters/attack/noskin_1/left_thigh"
		},
		{
			"predicate": {
				"custom_model_data": 59
			},
			"model": "minecraft:item/shifters/attack/noskin_1/left_leg"
		},
		{
			"predicate": {
				"custom_model_data": 60
			},
			"model": "minecraft:item/shifters/attack/noskin_10/neck"
		},
		{
			"predicate": {
				"custom_model_data": 61
			},
			"model": "minecraft:item/shifters/attack/noskin_10/right_thumb_2"
		},
		{
			"predicate": {
				"custom_model_data": 62
			},
			"model": "minecraft:item/shifters/attack/noskin_10/right_thumb"
		},
		{
			"predicate": {
				"custom_model_data": 63
			},
			"model": "minecraft:item/shifters/attack/noskin_10/right_fingers2"
		},
		{
			"predicate": {
				"custom_model_data": 64
			},
			"model": "minecraft:item/shifters/attack/noskin_10/right_fingers"
		},
		{
			"predicate": {
				"custom_model_data": 65
			},
			"model": "minecraft:item/shifters/attack/noskin_10/right_hand"
		},
		{
			"predicate": {
				"custom_model_data": 66
			},
			"model": "minecraft:item/shifters/attack/noskin_10/right_forearm"
		},
		{
			"predicate": {
				"custom_model_data": 67
			},
			"model": "minecraft:item/shifters/attack/noskin_10/right_bicep"
		},
		{
			"predicate": {
				"custom_model_data": 68
			},
			"model": "minecraft:item/shifters/attack/noskin_10/right_shoulder"
		},
		{
			"predicate": {
				"custom_model_data": 69
			},
			"model": "minecraft:item/shifters/attack/noskin_10/right_arm"
		},
		{
			"predicate": {
				"custom_model_data": 70
			},
			"model": "minecraft:item/shifters/attack/noskin_10/left_thumb_2"
		},
		{
			"predicate": {
				"custom_model_data": 71
			},
			"model": "minecraft:item/shifters/attack/noskin_10/left_thumb"
		},
		{
			"predicate": {
				"custom_model_data": 72
			},
			"model": "minecraft:item/shifters/attack/noskin_10/left_fingers2"
		},
		{
			"predicate": {
				"custom_model_data": 73
			},
			"model": "minecraft:item/shifters/attack/noskin_10/left_fingers"
		},
		{
			"predicate": {
				"custom_model_data": 74
			},
			"model": "minecraft:item/shifters/attack/noskin_10/left_hand"
		},
		{
			"predicate": {
				"custom_model_data": 75
			},
			"model": "minecraft:item/shifters/attack/noskin_10/left_forearm"
		},
		{
			"predicate": {
				"custom_model_data": 76
			},
			"model": "minecraft:item/shifters/attack/noskin_10/left_bicep"
		},
		{
			"predicate": {
				"custom_model_data": 77
			},
			"model": "minecraft:item/shifters/attack/noskin_10/left_shoulder"
		},
		{
			"predicate": {
				"custom_model_data": 78
			},
			"model": "minecraft:item/shifters/attack/noskin_10/left_arm"
		},
		{
			"predicate": {
				"custom_model_data": 79
			},
			"model": "minecraft:item/shifters/attack/noskin_10/chest"
		},
		{
			"predicate": {
				"custom_model_data": 80
			},
			"model": "minecraft:item/shifters/attack/noskin_10/weist"
		},
		{
			"predicate": {
				"custom_model_data": 81
			},
			"model": "minecraft:item/shifters/attack/noskin_10/right_foot"
		},
		{
			"predicate": {
				"custom_model_data": 82
			},
			"model": "minecraft:item/shifters/attack/noskin_10/right_knee"
		},
		{
			"predicate": {
				"custom_model_data": 83
			},
			"model": "minecraft:item/shifters/attack/noskin_10/right_thigh"
		},
		{
			"predicate": {
				"custom_model_data": 84
			},
			"model": "minecraft:item/shifters/attack/noskin_10/right_leg"
		},
		{
			"predicate": {
				"custom_model_data": 85
			},
			"model": "minecraft:item/shifters/attack/noskin_10/left_foot"
		},
		{
			"predicate": {
				"custom_model_data": 86
			},
			"model": "minecraft:item/shifters/attack/noskin_10/left_knee"
		},
		{
			"predicate": {
				"custom_model_data": 87
			},
			"model": "minecraft:item/shifters/attack/noskin_10/left_thigh"
		},
		{
			"predicate": {
				"custom_model_data": 88
			},
			"model": "minecraft:item/shifters/attack/noskin_10/left_leg"
		},
		{
			"predicate": {
				"custom_model_data": 89
			},
			"model": "minecraft:item/shifters/attack/noskin_2/neck"
		},
		{
			"predicate": {
				"custom_model_data": 90
			},
			"model": "minecraft:item/shifters/attack/noskin_2/right_thumb_2"
		},
		{
			"predicate": {
				"custom_model_data": 91
			},
			"model": "minecraft:item/shifters/attack/noskin_2/right_thumb"
		},
		{
			"predicate": {
				"custom_model_data": 92
			},
			"model": "minecraft:item/shifters/attack/noskin_2/right_fingers2"
		},
		{
			"predicate": {
				"custom_model_data": 93
			},
			"model": "minecraft:item/shifters/attack/noskin_2/right_fingers"
		},
		{
			"predicate": {
				"custom_model_data": 94
			},
			"model": "minecraft:item/shifters/attack/noskin_2/right_hand"
		},
		{
			"predicate": {
				"custom_model_data": 95
			},
			"model": "minecraft:item/shifters/attack/noskin_2/right_forearm"
		},
		{
			"predicate": {
				"custom_model_data": 96
			},
			"model": "minecraft:item/shifters/attack/noskin_2/right_bicep"
		},
		{
			"predicate": {
				"custom_model_data": 97
			},
			"model": "minecraft:item/shifters/attack/noskin_2/right_shoulder"
		},
		{
			"predicate": {
				"custom_model_data": 98
			},
			"model": "minecraft:item/shifters/attack/noskin_2/right_arm"
		},
		{
			"predicate": {
				"custom_model_data": 99
			},
			"model": "minecraft:item/shifters/attack/noskin_2/left_thumb_2"
		},
		{
			"predicate": {
				"custom_model_data": 100
			},
			"model": "minecraft:item/shifters/attack/noskin_2/left_thumb"
		},
		{
			"predicate": {
				"custom_model_data": 101
			},
			"model": "minecraft:item/shifters/attack/noskin_2/left_fingers2"
		},
		{
			"predicate": {
				"custom_model_data": 102
			},
			"model": "minecraft:item/shifters/attack/noskin_2/left_fingers"
		},
		{
			"predicate": {
				"custom_model_data": 103
			},
			"model": "minecraft:item/shifters/attack/noskin_2/left_hand"
		},
		{
			"predicate": {
				"custom_model_data": 104
			},
			"model": "minecraft:item/shifters/attack/noskin_2/left_forearm"
		},
		{
			"predicate": {
				"custom_model_data": 105
			},
			"model": "minecraft:item/shifters/attack/noskin_2/left_bicep"
		},
		{
			"predicate": {
				"custom_model_data": 106
			},
			"model": "minecraft:item/shifters/attack/noskin_2/left_shoulder"
		},
		{
			"predicate": {
				"custom_model_data": 107
			},
			"model": "minecraft:item/shifters/attack/noskin_2/left_arm"
		},
		{
			"predicate": {
				"custom_model_data": 108
			},
			"model": "minecraft:item/shifters/attack/noskin_2/chest"
		},
		{
			"predicate": {
				"custom_model_data": 109
			},
			"model": "minecraft:item/shifters/attack/noskin_2/weist"
		},
		{
			"predicate": {
				"custom_model_data": 110
			},
			"model": "minecraft:item/shifters/attack/noskin_2/right_foot"
		},
		{
			"predicate": {
				"custom_model_data": 111
			},
			"model": "minecraft:item/shifters/attack/noskin_2/right_knee"
		},
		{
			"predicate": {
				"custom_model_data": 112
			},
			"model": "minecraft:item/shifters/attack/noskin_2/right_thigh"
		},
		{
			"predicate": {
				"custom_model_data": 113
			},
			"model": "minecraft:item/shifters/attack/noskin_2/right_leg"
		},
		{
			"predicate": {
				"custom_model_data": 114
			},
			"model": "minecraft:item/shifters/attack/noskin_2/left_foot"
		},
		{
			"predicate": {
				"custom_model_data": 115
			},
			"model": "minecraft:item/shifters/attack/noskin_2/left_knee"
		},
		{
			"predicate": {
				"custom_model_data": 116
			},
			"model": "minecraft:item/shifters/attack/noskin_2/left_thigh"
		},
		{
			"predicate": {
				"custom_model_data": 117
			},
			"model": "minecraft:item/shifters/attack/noskin_2/left_leg"
		},
		{
			"predicate": {
				"custom_model_data": 118
			},
			"model": "minecraft:item/shifters/attack/noskin_3/neck"
		},
		{
			"predicate": {
				"custom_model_data": 119
			},
			"model": "minecraft:item/shifters/attack/noskin_3/right_thumb_2"
		},
		{
			"predicate": {
				"custom_model_data": 120
			},
			"model": "minecraft:item/shifters/attack/noskin_3/right_thumb"
		},
		{
			"predicate": {
				"custom_model_data": 121
			},
			"model": "minecraft:item/shifters/attack/noskin_3/right_fingers2"
		},
		{
			"predicate": {
				"custom_model_data": 122
			},
			"model": "minecraft:item/shifters/attack/noskin_3/right_fingers"
		},
		{
			"predicate": {
				"custom_model_data": 123
			},
			"model": "minecraft:item/shifters/attack/noskin_3/right_hand"
		},
		{
			"predicate": {
				"custom_model_data": 124
			},
			"model": "minecraft:item/shifters/attack/noskin_3/right_forearm"
		},
		{
			"predicate": {
				"custom_model_data": 125
			},
			"model": "minecraft:item/shifters/attack/noskin_3/right_bicep"
		},
		{
			"predicate": {
				"custom_model_data": 126
			},
			"model": "minecraft:item/shifters/attack/noskin_3/right_shoulder"
		},
		{
			"predicate": {
				"custom_model_data": 127
			},
			"model": "minecraft:item/shifters/attack/noskin_3/right_arm"
		},
		{
			"predicate": {
				"custom_model_data": 128
			},
			"model": "minecraft:item/shifters/attack/noskin_3/left_thumb_2"
		},
		{
			"predicate": {
				"custom_model_data": 129
			},
			"model": "minecraft:item/shifters/attack/noskin_3/left_thumb"
		},
		{
			"predicate": {
				"custom_model_data": 130
			},
			"model": "minecraft:item/shifters/attack/noskin_3/left_fingers2"
		},
		{
			"predicate": {
				"custom_model_data": 131
			},
			"model": "minecraft:item/shifters/attack/noskin_3/left_fingers"
		},
		{
			"predicate": {
				"custom_model_data": 132
			},
			"model": "minecraft:item/shifters/attack/noskin_3/left_hand"
		},
		{
			"predicate": {
				"custom_model_data": 133
			},
			"model": "minecraft:item/shifters/attack/noskin_3/left_forearm"
		},
		{
			"predicate": {
				"custom_model_data": 134
			},
			"model": "minecraft:item/shifters/attack/noskin_3/left_bicep"
		},
		{
			"predicate": {
				"custom_model_data": 135
			},
			"model": "minecraft:item/shifters/attack/noskin_3/left_shoulder"
		},
		{
			"predicate": {
				"custom_model_data": 136
			},
			"model": "minecraft:item/shifters/attack/noskin_3/left_arm"
		},
		{
			"predicate": {
				"custom_model_data": 137
			},
			"model": "minecraft:item/shifters/attack/noskin_3/chest"
		},
		{
			"predicate": {
				"custom_model_data": 138
			},
			"model": "minecraft:item/shifters/attack/noskin_3/weist"
		},
		{
			"predicate": {
				"custom_model_data": 139
			},
			"model": "minecraft:item/shifters/attack/noskin_3/right_foot"
		},
		{
			"predicate": {
				"custom_model_data": 140
			},
			"model": "minecraft:item/shifters/attack/noskin_3/right_knee"
		},
		{
			"predicate": {
				"custom_model_data": 141
			},
			"model": "minecraft:item/shifters/attack/noskin_3/right_thigh"
		},
		{
			"predicate": {
				"custom_model_data": 142
			},
			"model": "minecraft:item/shifters/attack/noskin_3/right_leg"
		},
		{
			"predicate": {
				"custom_model_data": 143
			},
			"model": "minecraft:item/shifters/attack/noskin_3/left_foot"
		},
		{
			"predicate": {
				"custom_model_data": 144
			},
			"model": "minecraft:item/shifters/attack/noskin_3/left_knee"
		},
		{
			"predicate": {
				"custom_model_data": 145
			},
			"model": "minecraft:item/shifters/attack/noskin_3/left_thigh"
		},
		{
			"predicate": {
				"custom_model_data": 146
			},
			"model": "minecraft:item/shifters/attack/noskin_3/left_leg"
		},
		{
			"predicate": {
				"custom_model_data": 147
			},
			"model": "minecraft:item/shifters/attack/noskin_4/neck"
		},
		{
			"predicate": {
				"custom_model_data": 148
			},
			"model": "minecraft:item/shifters/attack/noskin_4/right_thumb_2"
		},
		{
			"predicate": {
				"custom_model_data": 149
			},
			"model": "minecraft:item/shifters/attack/noskin_4/right_thumb"
		},
		{
			"predicate": {
				"custom_model_data": 150
			},
			"model": "minecraft:item/shifters/attack/noskin_4/right_fingers2"
		},
		{
			"predicate": {
				"custom_model_data": 151
			},
			"model": "minecraft:item/shifters/attack/noskin_4/right_fingers"
		},
		{
			"predicate": {
				"custom_model_data": 152
			},
			"model": "minecraft:item/shifters/attack/noskin_4/right_hand"
		},
		{
			"predicate": {
				"custom_model_data": 153
			},
			"model": "minecraft:item/shifters/attack/noskin_4/right_forearm"
		},
		{
			"predicate": {
				"custom_model_data": 154
			},
			"model": "minecraft:item/shifters/attack/noskin_4/right_bicep"
		},
		{
			"predicate": {
				"custom_model_data": 155
			},
			"model": "minecraft:item/shifters/attack/noskin_4/right_shoulder"
		},
		{
			"predicate": {
				"custom_model_data": 156
			},
			"model": "minecraft:item/shifters/attack/noskin_4/right_arm"
		},
		{
			"predicate": {
				"custom_model_data": 157
			},
			"model": "minecraft:item/shifters/attack/noskin_4/left_thumb_2"
		},
		{
			"predicate": {
				"custom_model_data": 158
			},
			"model": "minecraft:item/shifters/attack/noskin_4/left_thumb"
		},
		{
			"predicate": {
				"custom_model_data": 159
			},
			"model": "minecraft:item/shifters/attack/noskin_4/left_fingers2"
		},
		{
			"predicate": {
				"custom_model_data": 160
			},
			"model": "minecraft:item/shifters/attack/noskin_4/left_fingers"
		},
		{
			"predicate": {
				"custom_model_data": 161
			},
			"model": "minecraft:item/shifters/attack/noskin_4/left_hand"
		},
		{
			"predicate": {
				"custom_model_data": 162
			},
			"model": "minecraft:item/shifters/attack/noskin_4/left_forearm"
		},
		{
			"predicate": {
				"custom_model_data": 163
			},
			"model": "minecraft:item/shifters/attack/noskin_4/left_bicep"
		},
		{
			"predicate": {
				"custom_model_data": 164
			},
			"model": "minecraft:item/shifters/attack/noskin_4/left_shoulder"
		},
		{
			"predicate": {
				"custom_model_data": 165
			},
			"model": "minecraft:item/shifters/attack/noskin_4/left_arm"
		},
		{
			"predicate": {
				"custom_model_data": 166
			},
			"model": "minecraft:item/shifters/attack/noskin_4/chest"
		},
		{
			"predicate": {
				"custom_model_data": 167
			},
			"model": "minecraft:item/shifters/attack/noskin_4/weist"
		},
		{
			"predicate": {
				"custom_model_data": 168
			},
			"model": "minecraft:item/shifters/attack/noskin_4/right_foot"
		},
		{
			"predicate": {
				"custom_model_data": 169
			},
			"model": "minecraft:item/shifters/attack/noskin_4/right_knee"
		},
		{
			"predicate": {
				"custom_model_data": 170
			},
			"model": "minecraft:item/shifters/attack/noskin_4/right_thigh"
		},
		{
			"predicate": {
				"custom_model_data": 171
			},
			"model": "minecraft:item/shifters/attack/noskin_4/right_leg"
		},
		{
			"predicate": {
				"custom_model_data": 172
			},
			"model": "minecraft:item/shifters/attack/noskin_4/left_foot"
		},
		{
			"predicate": {
				"custom_model_data": 173
			},
			"model": "minecraft:item/shifters/attack/noskin_4/left_knee"
		},
		{
			"predicate": {
				"custom_model_data": 174
			},
			"model": "minecraft:item/shifters/attack/noskin_4/left_thigh"
		},
		{
			"predicate": {
				"custom_model_data": 175
			},
			"model": "minecraft:item/shifters/attack/noskin_4/left_leg"
		},
		{
			"predicate": {
				"custom_model_data": 176
			},
			"model": "minecraft:item/shifters/attack/noskin_5/neck"
		},
		{
			"predicate": {
				"custom_model_data": 177
			},
			"model": "minecraft:item/shifters/attack/noskin_5/right_thumb_2"
		},
		{
			"predicate": {
				"custom_model_data": 178
			},
			"model": "minecraft:item/shifters/attack/noskin_5/right_thumb"
		},
		{
			"predicate": {
				"custom_model_data": 179
			},
			"model": "minecraft:item/shifters/attack/noskin_5/right_fingers2"
		},
		{
			"predicate": {
				"custom_model_data": 180
			},
			"model": "minecraft:item/shifters/attack/noskin_5/right_fingers"
		},
		{
			"predicate": {
				"custom_model_data": 181
			},
			"model": "minecraft:item/shifters/attack/noskin_5/right_hand"
		},
		{
			"predicate": {
				"custom_model_data": 182
			},
			"model": "minecraft:item/shifters/attack/noskin_5/right_forearm"
		},
		{
			"predicate": {
				"custom_model_data": 183
			},
			"model": "minecraft:item/shifters/attack/noskin_5/right_bicep"
		},
		{
			"predicate": {
				"custom_model_data": 184
			},
			"model": "minecraft:item/shifters/attack/noskin_5/right_shoulder"
		},
		{
			"predicate": {
				"custom_model_data": 185
			},
			"model": "minecraft:item/shifters/attack/noskin_5/right_arm"
		},
		{
			"predicate": {
				"custom_model_data": 186
			},
			"model": "minecraft:item/shifters/attack/noskin_5/left_thumb_2"
		},
		{
			"predicate": {
				"custom_model_data": 187
			},
			"model": "minecraft:item/shifters/attack/noskin_5/left_thumb"
		},
		{
			"predicate": {
				"custom_model_data": 188
			},
			"model": "minecraft:item/shifters/attack/noskin_5/left_fingers2"
		},
		{
			"predicate": {
				"custom_model_data": 189
			},
			"model": "minecraft:item/shifters/attack/noskin_5/left_fingers"
		},
		{
			"predicate": {
				"custom_model_data": 190
			},
			"model": "minecraft:item/shifters/attack/noskin_5/left_hand"
		},
		{
			"predicate": {
				"custom_model_data": 191
			},
			"model": "minecraft:item/shifters/attack/noskin_5/left_forearm"
		},
		{
			"predicate": {
				"custom_model_data": 192
			},
			"model": "minecraft:item/shifters/attack/noskin_5/left_bicep"
		},
		{
			"predicate": {
				"custom_model_data": 193
			},
			"model": "minecraft:item/shifters/attack/noskin_5/left_shoulder"
		},
		{
			"predicate": {
				"custom_model_data": 194
			},
			"model": "minecraft:item/shifters/attack/noskin_5/left_arm"
		},
		{
			"predicate": {
				"custom_model_data": 195
			},
			"model": "minecraft:item/shifters/attack/noskin_5/chest"
		},
		{
			"predicate": {
				"custom_model_data": 196
			},
			"model": "minecraft:item/shifters/attack/noskin_5/weist"
		},
		{
			"predicate": {
				"custom_model_data": 197
			},
			"model": "minecraft:item/shifters/attack/noskin_5/right_foot"
		},
		{
			"predicate": {
				"custom_model_data": 198
			},
			"model": "minecraft:item/shifters/attack/noskin_5/right_knee"
		},
		{
			"predicate": {
				"custom_model_data": 199
			},
			"model": "minecraft:item/shifters/attack/noskin_5/right_thigh"
		},
		{
			"predicate": {
				"custom_model_data": 200
			},
			"model": "minecraft:item/shifters/attack/noskin_5/right_leg"
		},
		{
			"predicate": {
				"custom_model_data": 201
			},
			"model": "minecraft:item/shifters/attack/noskin_5/left_foot"
		},
		{
			"predicate": {
				"custom_model_data": 202
			},
			"model": "minecraft:item/shifters/attack/noskin_5/left_knee"
		},
		{
			"predicate": {
				"custom_model_data": 203
			},
			"model": "minecraft:item/shifters/attack/noskin_5/left_thigh"
		},
		{
			"predicate": {
				"custom_model_data": 204
			},
			"model": "minecraft:item/shifters/attack/noskin_5/left_leg"
		},
		{
			"predicate": {
				"custom_model_data": 205
			},
			"model": "minecraft:item/shifters/attack/noskin_6/neck"
		},
		{
			"predicate": {
				"custom_model_data": 206
			},
			"model": "minecraft:item/shifters/attack/noskin_6/right_thumb_2"
		},
		{
			"predicate": {
				"custom_model_data": 207
			},
			"model": "minecraft:item/shifters/attack/noskin_6/right_thumb"
		},
		{
			"predicate": {
				"custom_model_data": 208
			},
			"model": "minecraft:item/shifters/attack/noskin_6/right_fingers2"
		},
		{
			"predicate": {
				"custom_model_data": 209
			},
			"model": "minecraft:item/shifters/attack/noskin_6/right_fingers"
		},
		{
			"predicate": {
				"custom_model_data": 210
			},
			"model": "minecraft:item/shifters/attack/noskin_6/right_hand"
		},
		{
			"predicate": {
				"custom_model_data": 211
			},
			"model": "minecraft:item/shifters/attack/noskin_6/right_forearm"
		},
		{
			"predicate": {
				"custom_model_data": 212
			},
			"model": "minecraft:item/shifters/attack/noskin_6/right_bicep"
		},
		{
			"predicate": {
				"custom_model_data": 213
			},
			"model": "minecraft:item/shifters/attack/noskin_6/right_shoulder"
		},
		{
			"predicate": {
				"custom_model_data": 214
			},
			"model": "minecraft:item/shifters/attack/noskin_6/right_arm"
		},
		{
			"predicate": {
				"custom_model_data": 215
			},
			"model": "minecraft:item/shifters/attack/noskin_6/left_thumb_2"
		},
		{
			"predicate": {
				"custom_model_data": 216
			},
			"model": "minecraft:item/shifters/attack/noskin_6/left_thumb"
		},
		{
			"predicate": {
				"custom_model_data": 217
			},
			"model": "minecraft:item/shifters/attack/noskin_6/left_fingers2"
		},
		{
			"predicate": {
				"custom_model_data": 218
			},
			"model": "minecraft:item/shifters/attack/noskin_6/left_fingers"
		},
		{
			"predicate": {
				"custom_model_data": 219
			},
			"model": "minecraft:item/shifters/attack/noskin_6/left_hand"
		},
		{
			"predicate": {
				"custom_model_data": 220
			},
			"model": "minecraft:item/shifters/attack/noskin_6/left_forearm"
		},
		{
			"predicate": {
				"custom_model_data": 221
			},
			"model": "minecraft:item/shifters/attack/noskin_6/left_bicep"
		},
		{
			"predicate": {
				"custom_model_data": 222
			},
			"model": "minecraft:item/shifters/attack/noskin_6/left_shoulder"
		},
		{
			"predicate": {
				"custom_model_data": 223
			},
			"model": "minecraft:item/shifters/attack/noskin_6/left_arm"
		},
		{
			"predicate": {
				"custom_model_data": 224
			},
			"model": "minecraft:item/shifters/attack/noskin_6/chest"
		},
		{
			"predicate": {
				"custom_model_data": 225
			},
			"model": "minecraft:item/shifters/attack/noskin_6/weist"
		},
		{
			"predicate": {
				"custom_model_data": 226
			},
			"model": "minecraft:item/shifters/attack/noskin_6/right_foot"
		},
		{
			"predicate": {
				"custom_model_data": 227
			},
			"model": "minecraft:item/shifters/attack/noskin_6/right_knee"
		},
		{
			"predicate": {
				"custom_model_data": 228
			},
			"model": "minecraft:item/shifters/attack/noskin_6/right_thigh"
		},
		{
			"predicate": {
				"custom_model_data": 229
			},
			"model": "minecraft:item/shifters/attack/noskin_6/right_leg"
		},
		{
			"predicate": {
				"custom_model_data": 230
			},
			"model": "minecraft:item/shifters/attack/noskin_6/left_foot"
		},
		{
			"predicate": {
				"custom_model_data": 231
			},
			"model": "minecraft:item/shifters/attack/noskin_6/left_knee"
		},
		{
			"predicate": {
				"custom_model_data": 232
			},
			"model": "minecraft:item/shifters/attack/noskin_6/left_thigh"
		},
		{
			"predicate": {
				"custom_model_data": 233
			},
			"model": "minecraft:item/shifters/attack/noskin_6/left_leg"
		},
		{
			"predicate": {
				"custom_model_data": 234
			},
			"model": "minecraft:item/shifters/attack/noskin_7/neck"
		},
		{
			"predicate": {
				"custom_model_data": 235
			},
			"model": "minecraft:item/shifters/attack/noskin_7/right_thumb_2"
		},
		{
			"predicate": {
				"custom_model_data": 236
			},
			"model": "minecraft:item/shifters/attack/noskin_7/right_thumb"
		},
		{
			"predicate": {
				"custom_model_data": 237
			},
			"model": "minecraft:item/shifters/attack/noskin_7/right_fingers2"
		},
		{
			"predicate": {
				"custom_model_data": 238
			},
			"model": "minecraft:item/shifters/attack/noskin_7/right_fingers"
		},
		{
			"predicate": {
				"custom_model_data": 239
			},
			"model": "minecraft:item/shifters/attack/noskin_7/right_hand"
		},
		{
			"predicate": {
				"custom_model_data": 240
			},
			"model": "minecraft:item/shifters/attack/noskin_7/right_forearm"
		},
		{
			"predicate": {
				"custom_model_data": 241
			},
			"model": "minecraft:item/shifters/attack/noskin_7/right_bicep"
		},
		{
			"predicate": {
				"custom_model_data": 242
			},
			"model": "minecraft:item/shifters/attack/noskin_7/right_shoulder"
		},
		{
			"predicate": {
				"custom_model_data": 243
			},
			"model": "minecraft:item/shifters/attack/noskin_7/right_arm"
		},
		{
			"predicate": {
				"custom_model_data": 244
			},
			"model": "minecraft:item/shifters/attack/noskin_7/left_thumb_2"
		},
		{
			"predicate": {
				"custom_model_data": 245
			},
			"model": "minecraft:item/shifters/attack/noskin_7/left_thumb"
		},
		{
			"predicate": {
				"custom_model_data": 246
			},
			"model": "minecraft:item/shifters/attack/noskin_7/left_fingers2"
		},
		{
			"predicate": {
				"custom_model_data": 247
			},
			"model": "minecraft:item/shifters/attack/noskin_7/left_fingers"
		},
		{
			"predicate": {
				"custom_model_data": 248
			},
			"model": "minecraft:item/shifters/attack/noskin_7/left_hand"
		},
		{
			"predicate": {
				"custom_model_data": 249
			},
			"model": "minecraft:item/shifters/attack/noskin_7/left_forearm"
		},
		{
			"predicate": {
				"custom_model_data": 250
			},
			"model": "minecraft:item/shifters/attack/noskin_7/left_bicep"
		},
		{
			"predicate": {
				"custom_model_data": 251
			},
			"model": "minecraft:item/shifters/attack/noskin_7/left_shoulder"
		},
		{
			"predicate": {
				"custom_model_data": 252
			},
			"model": "minecraft:item/shifters/attack/noskin_7/left_arm"
		},
		{
			"predicate": {
				"custom_model_data": 253
			},
			"model": "minecraft:item/shifters/attack/noskin_7/chest"
		},
		{
			"predicate": {
				"custom_model_data": 254
			},
			"model": "minecraft:item/shifters/attack/noskin_7/weist"
		},
		{
			"predicate": {
				"custom_model_data": 255
			},
			"model": "minecraft:item/shifters/attack/noskin_7/right_foot"
		},
		{
			"predicate": {
				"custom_model_data": 256
			},
			"model": "minecraft:item/shifters/attack/noskin_7/right_knee"
		},
		{
			"predicate": {
				"custom_model_data": 257
			},
			"model": "minecraft:item/shifters/attack/noskin_7/right_thigh"
		},
		{
			"predicate": {
				"custom_model_data": 258
			},
			"model": "minecraft:item/shifters/attack/noskin_7/right_leg"
		},
		{
			"predicate": {
				"custom_model_data": 259
			},
			"model": "minecraft:item/shifters/attack/noskin_7/left_foot"
		},
		{
			"predicate": {
				"custom_model_data": 260
			},
			"model": "minecraft:item/shifters/attack/noskin_7/left_knee"
		},
		{
			"predicate": {
				"custom_model_data": 261
			},
			"model": "minecraft:item/shifters/attack/noskin_7/left_thigh"
		},
		{
			"predicate": {
				"custom_model_data": 262
			},
			"model": "minecraft:item/shifters/attack/noskin_7/left_leg"
		},
		{
			"predicate": {
				"custom_model_data": 263
			},
			"model": "minecraft:item/shifters/attack/noskin_8/neck"
		},
		{
			"predicate": {
				"custom_model_data": 264
			},
			"model": "minecraft:item/shifters/attack/noskin_8/right_thumb_2"
		},
		{
			"predicate": {
				"custom_model_data": 265
			},
			"model": "minecraft:item/shifters/attack/noskin_8/right_thumb"
		},
		{
			"predicate": {
				"custom_model_data": 266
			},
			"model": "minecraft:item/shifters/attack/noskin_8/right_fingers2"
		},
		{
			"predicate": {
				"custom_model_data": 267
			},
			"model": "minecraft:item/shifters/attack/noskin_8/right_fingers"
		},
		{
			"predicate": {
				"custom_model_data": 268
			},
			"model": "minecraft:item/shifters/attack/noskin_8/right_hand"
		},
		{
			"predicate": {
				"custom_model_data": 269
			},
			"model": "minecraft:item/shifters/attack/noskin_8/right_forearm"
		},
		{
			"predicate": {
				"custom_model_data": 270
			},
			"model": "minecraft:item/shifters/attack/noskin_8/right_bicep"
		},
		{
			"predicate": {
				"custom_model_data": 271
			},
			"model": "minecraft:item/shifters/attack/noskin_8/right_shoulder"
		},
		{
			"predicate": {
				"custom_model_data": 272
			},
			"model": "minecraft:item/shifters/attack/noskin_8/right_arm"
		},
		{
			"predicate": {
				"custom_model_data": 273
			},
			"model": "minecraft:item/shifters/attack/noskin_8/left_thumb_2"
		},
		{
			"predicate": {
				"custom_model_data": 274
			},
			"model": "minecraft:item/shifters/attack/noskin_8/left_thumb"
		},
		{
			"predicate": {
				"custom_model_data": 275
			},
			"model": "minecraft:item/shifters/attack/noskin_8/left_fingers2"
		},
		{
			"predicate": {
				"custom_model_data": 276
			},
			"model": "minecraft:item/shifters/attack/noskin_8/left_fingers"
		},
		{
			"predicate": {
				"custom_model_data": 277
			},
			"model": "minecraft:item/shifters/attack/noskin_8/left_hand"
		},
		{
			"predicate": {
				"custom_model_data": 278
			},
			"model": "minecraft:item/shifters/attack/noskin_8/left_forearm"
		},
		{
			"predicate": {
				"custom_model_data": 279
			},
			"model": "minecraft:item/shifters/attack/noskin_8/left_bicep"
		},
		{
			"predicate": {
				"custom_model_data": 280
			},
			"model": "minecraft:item/shifters/attack/noskin_8/left_shoulder"
		},
		{
			"predicate": {
				"custom_model_data": 281
			},
			"model": "minecraft:item/shifters/attack/noskin_8/left_arm"
		},
		{
			"predicate": {
				"custom_model_data": 282
			},
			"model": "minecraft:item/shifters/attack/noskin_8/chest"
		},
		{
			"predicate": {
				"custom_model_data": 283
			},
			"model": "minecraft:item/shifters/attack/noskin_8/weist"
		},
		{
			"predicate": {
				"custom_model_data": 284
			},
			"model": "minecraft:item/shifters/attack/noskin_8/right_foot"
		},
		{
			"predicate": {
				"custom_model_data": 285
			},
			"model": "minecraft:item/shifters/attack/noskin_8/right_knee"
		},
		{
			"predicate": {
				"custom_model_data": 286
			},
			"model": "minecraft:item/shifters/attack/noskin_8/right_thigh"
		},
		{
			"predicate": {
				"custom_model_data": 287
			},
			"model": "minecraft:item/shifters/attack/noskin_8/right_leg"
		},
		{
			"predicate": {
				"custom_model_data": 288
			},
			"model": "minecraft:item/shifters/attack/noskin_8/left_foot"
		},
		{
			"predicate": {
				"custom_model_data": 289
			},
			"model": "minecraft:item/shifters/attack/noskin_8/left_knee"
		},
		{
			"predicate": {
				"custom_model_data": 290
			},
			"model": "minecraft:item/shifters/attack/noskin_8/left_thigh"
		},
		{
			"predicate": {
				"custom_model_data": 291
			},
			"model": "minecraft:item/shifters/attack/noskin_8/left_leg"
		},
		{
			"predicate": {
				"custom_model_data": 292
			},
			"model": "minecraft:item/shifters/attack/noskin_9/neck"
		},
		{
			"predicate": {
				"custom_model_data": 293
			},
			"model": "minecraft:item/shifters/attack/noskin_9/right_thumb_2"
		},
		{
			"predicate": {
				"custom_model_data": 294
			},
			"model": "minecraft:item/shifters/attack/noskin_9/right_thumb"
		},
		{
			"predicate": {
				"custom_model_data": 295
			},
			"model": "minecraft:item/shifters/attack/noskin_9/right_fingers2"
		},
		{
			"predicate": {
				"custom_model_data": 296
			},
			"model": "minecraft:item/shifters/attack/noskin_9/right_fingers"
		},
		{
			"predicate": {
				"custom_model_data": 297
			},
			"model": "minecraft:item/shifters/attack/noskin_9/right_hand"
		},
		{
			"predicate": {
				"custom_model_data": 298
			},
			"model": "minecraft:item/shifters/attack/noskin_9/right_forearm"
		},
		{
			"predicate": {
				"custom_model_data": 299
			},
			"model": "minecraft:item/shifters/attack/noskin_9/right_bicep"
		},
		{
			"predicate": {
				"custom_model_data": 300
			},
			"model": "minecraft:item/shifters/attack/noskin_9/right_shoulder"
		},
		{
			"predicate": {
				"custom_model_data": 301
			},
			"model": "minecraft:item/shifters/attack/noskin_9/right_arm"
		},
		{
			"predicate": {
				"custom_model_data": 302
			},
			"model": "minecraft:item/shifters/attack/noskin_9/left_thumb_2"
		},
		{
			"predicate": {
				"custom_model_data": 303
			},
			"model": "minecraft:item/shifters/attack/noskin_9/left_thumb"
		},
		{
			"predicate": {
				"custom_model_data": 304
			},
			"model": "minecraft:item/shifters/attack/noskin_9/left_fingers2"
		},
		{
			"predicate": {
				"custom_model_data": 305
			},
			"model": "minecraft:item/shifters/attack/noskin_9/left_fingers"
		},
		{
			"predicate": {
				"custom_model_data": 306
			},
			"model": "minecraft:item/shifters/attack/noskin_9/left_hand"
		},
		{
			"predicate": {
				"custom_model_data": 307
			},
			"model": "minecraft:item/shifters/attack/noskin_9/left_forearm"
		},
		{
			"predicate": {
				"custom_model_data": 308
			},
			"model": "minecraft:item/shifters/attack/noskin_9/left_bicep"
		},
		{
			"predicate": {
				"custom_model_data": 309
			},
			"model": "minecraft:item/shifters/attack/noskin_9/left_shoulder"
		},
		{
			"predicate": {
				"custom_model_data": 310
			},
			"model": "minecraft:item/shifters/attack/noskin_9/left_arm"
		},
		{
			"predicate": {
				"custom_model_data": 311
			},
			"model": "minecraft:item/shifters/attack/noskin_9/chest"
		},
		{
			"predicate": {
				"custom_model_data": 312
			},
			"model": "minecraft:item/shifters/attack/noskin_9/weist"
		},
		{
			"predicate": {
				"custom_model_data": 313
			},
			"model": "minecraft:item/shifters/attack/noskin_9/right_foot"
		},
		{
			"predicate": {
				"custom_model_data": 314
			},
			"model": "minecraft:item/shifters/attack/noskin_9/right_knee"
		},
		{
			"predicate": {
				"custom_model_data": 315
			},
			"model": "minecraft:item/shifters/attack/noskin_9/right_thigh"
		},
		{
			"predicate": {
				"custom_model_data": 316
			},
			"model": "minecraft:item/shifters/attack/noskin_9/right_leg"
		},
		{
			"predicate": {
				"custom_model_data": 317
			},
			"model": "minecraft:item/shifters/attack/noskin_9/left_foot"
		},
		{
			"predicate": {
				"custom_model_data": 318
			},
			"model": "minecraft:item/shifters/attack/noskin_9/left_knee"
		},
		{
			"predicate": {
				"custom_model_data": 319
			},
			"model": "minecraft:item/shifters/attack/noskin_9/left_thigh"
		},
		{
			"predicate": {
				"custom_model_data": 320
			},
			"model": "minecraft:item/shifters/attack/noskin_9/left_leg"
		}
	],
	"animated_java": {
		"attack": [
			1,
			2,
			3,
			4,
			5,
			6,
			7,
			8,
			9,
			10,
			11,
			12,
			13,
			14,
			15,
			16,
			17,
			18,
			19,
			20,
			21,
			22,
			23,
			24,
			25,
			26,
			27,
			28,
			29,
			30,
			31,
			32,
			33,
			34,
			35,
			36,
			37,
			38,
			39,
			40,
			41,
			42,
			43,
			44,
			45,
			46,
			47,
			48,
			49,
			50,
			51,
			52,
			53,
			54,
			55,
			56,
			57,
			58,
			59,
			60,
			61,
			62,
			63,
			64,
			65,
			66,
			67,
			68,
			69,
			70,
			71,
			72,
			73,
			74,
			75,
			76,
			77,
			78,
			79,
			80,
			81,
			82,
			83,
			84,
			85,
			86,
			87,
			88,
			89,
			90,
			91,
			92,
			93,
			94,
			95,
			96,
			97,
			98,
			99,
			100,
			101,
			102,
			103,
			104,
			105,
			106,
			107,
			108,
			109,
			110,
			111,
			112,
			113,
			114,
			115,
			116,
			117,
			118,
			119,
			120,
			121,
			122,
			123,
			124,
			125,
			126,
			127,
			128,
			129,
			130,
			131,
			132,
			133,
			134,
			135,
			136,
			137,
			138,
			139,
			140,
			141,
			142,
			143,
			144,
			145,
			146,
			147,
			148,
			149,
			150,
			151,
			152,
			153,
			154,
			155,
			156,
			157,
			158,
			159,
			160,
			161,
			162,
			163,
			164,
			165,
			166,
			167,
			168,
			169,
			170,
			171,
			172,
			173,
			174,
			175,
			176,
			177,
			178,
			179,
			180,
			181,
			182,
			183,
			184,
			185,
			186,
			187,
			188,
			189,
			190,
			191,
			192,
			193,
			194,
			195,
			196,
			197,
			198,
			199,
			200,
			201,
			202,
			203,
			204,
			205,
			206,
			207,
			208,
			209,
			210,
			211,
			212,
			213,
			214,
			215,
			216,
			217,
			218,
			219,
			220,
			221,
			222,
			223,
			224,
			225,
			226,
			227,
			228,
			229,
			230,
			231,
			232,
			233,
			234,
			235,
			236,
			237,
			238,
			239,
			240,
			241,
			242,
			243,
			244,
			245,
			246,
			247,
			248,
			249,
			250,
			251,
			252,
			253,
			254,
			255,
			256,
			257,
			258,
			259,
			260,
			261,
			262,
			263,
			264,
			265,
			266,
			267,
			268,
			269,
			270,
			271,
			272,
			273,
			274,
			275,
			276,
			277,
			278,
			279,
			280,
			281,
			282,
			283,
			284,
			285,
			286,
			287,
			288,
			289,
			290,
			291,
			292,
			293,
			294,
			295,
			296,
			297,
			298,
			299,
			300,
			301,
			302,
			303,
			304,
			305,
			306,
			307,
			308,
			309,
			310,
			311,
			312,
			313,
			314,
			315,
			316,
			317,
			318,
			319,
			320
		]
	}
}