{
	"credit": "Made with Blockbench",
	"texture_size": [32, 32],
	"textures": {
		"0": "custom/item/gun/mauser/body",
		"particle": "custom/item/gun/mauser/body"
	},
	"elements": [
		{
			"from": [7.5, 1, 0],
			"to": [8.5, 2, 8.5],
			"rotation": {"angle": 0, "axis": "y", "origin": [0.5, 0, 0]},
			"faces": {
				"north": {"uv": [6.5, 2, 7, 2.5], "texture": "#0"},
				"east": {"uv": [4, 1, 8.5, 1.5], "texture": "#0"},
				"south": {"uv": [6.5, 2.5, 7, 3], "texture": "#0"},
				"west": {"uv": [4, 1.5, 8.5, 2], "texture": "#0"},
				"up": {"uv": [3.5, 8.5, 3, 4], "texture": "#0"},
				"down": {"uv": [4, 4, 3.5, 8.5], "texture": "#0"}
			}
		},
		{
			"from": [7.5, 1.45, 0.25],
			"to": [8.15, 2.1, 0.75],
			"rotation": {"angle": -45, "axis": "z", "origin": [8, 1.6, 4.25]},
			"faces": {
				"north": {"uv": [6.5, 3, 7, 3.5], "texture": "#0"},
				"east": {"uv": [6.5, 3.5, 7, 4], "texture": "#0"},
				"south": {"uv": [6.5, 5, 7, 5.5], "texture": "#0"},
				"west": {"uv": [6.5, 5.5, 7, 6], "texture": "#0"},
				"up": {"uv": [6.5, 7, 6, 6.5], "texture": "#0"},
				"down": {"uv": [7, 6, 6.5, 6.5], "texture": "#0"}
			}
		},
		{
			"from": [7.5, -3, 8.5],
			"to": [8.5, 2, 11.5],
			"rotation": {"angle": 0, "axis": "y", "origin": [0.5, 0, 8.5]},
			"faces": {
				"north": {"uv": [1.5, 5.5, 2, 8], "texture": "#0"},
				"east": {"uv": [0, 0, 1.5, 2.5], "texture": "#0"},
				"south": {"uv": [2, 5.5, 2.5, 8], "texture": "#0"},
				"west": {"uv": [1.5, 0, 3, 2.5], "texture": "#0"},
				"up": {"uv": [6.5, 6.5, 6, 5], "texture": "#0"},
				"down": {"uv": [0.5, 6.5, 0, 8], "texture": "#0"}
			}
		},
		{
			"from": [7.5, -1, 11.5],
			"to": [8.5, 1, 16.5],
			"rotation": {"angle": 0, "axis": "y", "origin": [0.5, 0, 11.5]},
			"faces": {
				"north": {"uv": [5.5, 3, 6, 4], "texture": "#0"},
				"east": {"uv": [3, 3, 5.5, 4], "texture": "#0"},
				"south": {"uv": [6.5, 0, 7, 1], "texture": "#0"},
				"west": {"uv": [4, 0, 6.5, 1], "texture": "#0"},
				"up": {"uv": [3, 8, 2.5, 5.5], "texture": "#0"},
				"down": {"uv": [6, 5, 5.5, 7.5], "texture": "#0"}
			}
		},
		{
			"from": [7.5, 1, 11.5],
			"to": [8.5, 2.5, 15.5],
			"rotation": {"angle": 0, "axis": "y", "origin": [0.5, 2, 11.5]},
			"faces": {
				"north": {"uv": [0.5, 6.5, 1, 7.5], "texture": "#0"},
				"east": {"uv": [4, 2, 6, 3], "texture": "#0"},
				"south": {"uv": [1, 6.5, 1.5, 7.5], "texture": "#0"},
				"west": {"uv": [4, 4, 6, 5], "texture": "#0"},
				"up": {"uv": [6.5, 4, 6, 2], "texture": "#0"},
				"down": {"uv": [4.5, 6, 4, 8], "texture": "#0"}
			}
		},
		{
			"from": [8, 1, 15.5],
			"to": [8, 2, 16.5],
			"rotation": {"angle": 0, "axis": "y", "origin": [0.5, 2, 15.5]},
			"faces": {
				"north": {"uv": [0, 0, 0, 0.5], "texture": "#0"},
				"east": {"uv": [6.5, 6.5, 7, 7], "texture": "#0"},
				"south": {"uv": [0, 0, 0, 0.5], "texture": "#0"},
				"west": {"uv": [7, 0, 7.5, 0.5], "texture": "#0"},
				"up": {"uv": [0, 0.5, 0, 0], "texture": "#0"},
				"down": {"uv": [0, 0, 0, 0.5], "texture": "#0"}
			}
		},
		{
			"from": [8, -3, 11.5],
			"to": [8, -1, 14.5],
			"rotation": {"angle": 0, "axis": "y", "origin": [0.5, -2, 11.5]},
			"faces": {
				"north": {"uv": [0, 0, 0, 1], "texture": "#0"},
				"east": {"uv": [1.5, 5.5, 0, 6.5], "texture": "#0"},
				"south": {"uv": [0, 0, 0, 1], "texture": "#0"},
				"west": {"uv": [0, 5.5, 1.5, 6.5], "texture": "#0"},
				"up": {"uv": [0, 1.5, 0, 0], "texture": "#0"},
				"down": {"uv": [0, 0, 0, 1.5], "texture": "#0"}
			}
		},
		{
			"from": [7, -6, 13.5],
			"to": [9, 0, 15.5],
			"rotation": {"angle": -22.5, "axis": "x", "origin": [8, 0.5, 16]},
			"faces": {
				"north": {"uv": [0, 2.5, 1, 5.5], "texture": "#0"},
				"east": {"uv": [1, 2.5, 2, 5.5], "texture": "#0"},
				"south": {"uv": [2, 2.5, 3, 5.5], "texture": "#0"},
				"west": {"uv": [3, 0, 4, 3], "texture": "#0"},
				"up": {"uv": [7, 5, 6, 4], "texture": "#0"},
				"down": {"uv": [5.5, 6, 4.5, 7], "texture": "#0"}
			}
		}
	],
	"gui_light": "front",
	"display": {
		"thirdperson_righthand": {
			"translation": [0, 4.5, -2.25],
			"scale": [0.5, 0.5, 0.5]
		},
		"thirdperson_lefthand": {
			"translation": [0, 4.5, -2.25],
			"scale": [0.5, 0.5, 0.5]
		},
		"firstperson_righthand": {
			"translation": [7.75, 11.5, -2.5],
			"scale": [0.9, 0.9, 0.9]
		},
		"firstperson_lefthand": {
			"rotation": [2, -10, 0],
			"translation": [0.86, 13.2, 2.75],
			"scale": [0.925, 0.925, 0.825]
		},
		"ground": {
			"translation": [0, 5, 0],
			"scale": [0.5, 0.5, 0.5]
		},
		"gui": {
			"rotation": [29, -45, 0],
			"translation": [0.75, 8.75, 0]
		},
		"fixed": {
			"rotation": [0, 90, 0],
			"translation": [-0.75, 8.5, -0.25]
		}
	}
}