{
	"credit": "Made with Blockbench",
	"texture_size": [32, 32],
	"textures": {
		"0": "custom/manuever",
		"1": "custom/odm/spear",
		"particle": "custom/manuever"
	},
	"elements": [
		{
			"from": [-0.025, 7.69694, 2.86665],
			"to": [0.225, 7.94694, 4.11665],
			"rotation": {"angle": 45, "axis": "x", "origin": [3.30193, 9.31777, 0.57338]},
			"faces": {
				"north": {"uv": [1.25, 8, 1, 8.25], "texture": "#0"},
				"east": {"uv": [8.25, 1.25, 8, 1.5], "texture": "#0"},
				"south": {"uv": [1.5, 8, 1.25, 8.25], "texture": "#0"},
				"west": {"uv": [8.25, 1, 8, 1.25], "texture": "#0"},
				"up": {"uv": [1.5, 8.25, 1.75, 8], "texture": "#0"},
				"down": {"uv": [8, 1.5, 8.25, 1.75], "texture": "#0"}
			}
		},
		{
			"from": [0.075, 6.40059, 3.26371],
			"to": [0.325, 6.65059, 5.21371],
			"rotation": {"angle": 22.5, "axis": "x", "origin": [3.30193, 9.31777, 0.57338]},
			"faces": {
				"north": {"uv": [2, 8, 1.75, 8.25], "texture": "#0"},
				"east": {"uv": [8.25, 2, 8, 2.25], "texture": "#0"},
				"south": {"uv": [2.25, 8, 2, 8.25], "texture": "#0"},
				"west": {"uv": [8.25, 1.75, 8, 2], "texture": "#0"},
				"up": {"uv": [2.25, 8.25, 2.5, 8], "texture": "#0"},
				"down": {"uv": [8, 2.25, 8.25, 2.5], "texture": "#0"}
			}
		},
		{
			"from": [-0.44566, 4.775, 2.37795],
			"to": [-0.19566, 5.025, 4.32795],
			"rotation": {"angle": 22.5, "axis": "y", "origin": [3.30193, 9.01777, 1.67338]},
			"faces": {
				"north": {"uv": [2.75, 8, 2.5, 8.25], "texture": "#0"},
				"east": {"uv": [8.25, 2.75, 8, 3], "texture": "#0"},
				"south": {"uv": [3, 8, 2.75, 8.25], "texture": "#0"},
				"west": {"uv": [8.25, 2.5, 8, 2.75], "texture": "#0"},
				"up": {"uv": [3, 8.25, 3.25, 8], "texture": "#0"},
				"down": {"uv": [8, 3, 8.25, 3.25], "texture": "#0"}
			}
		},
		{
			"from": [0.84253, 3.22816, 1.43101],
			"to": [1.09253, 3.47816, 2.78101],
			"rotation": {"angle": -45, "axis": "x", "origin": [3.30193, 9.01777, 1.67338]},
			"faces": {
				"north": {"uv": [3.5, 8, 3.25, 8.25], "texture": "#0"},
				"east": {"uv": [8.25, 3.5, 8, 3.75], "texture": "#0"},
				"south": {"uv": [3.75, 8, 3.5, 8.25], "texture": "#0"},
				"west": {"uv": [8.25, 3.25, 8, 3.5], "texture": "#0"},
				"up": {"uv": [3.75, 8.25, 4, 8], "texture": "#0"},
				"down": {"uv": [8, 3.75, 8.25, 4], "texture": "#0"}
			}
		},
		{
			"from": [0.93715, 5.625, 7.33811],
			"to": [3.76215, 5.875, 7.58811],
			"rotation": {"angle": -22.5, "axis": "y", "origin": [3.24965, 5.75, 6.96311]},
			"faces": {
				"north": {"uv": [7.5, 2, 7, 2.25], "texture": "#0"},
				"east": {"uv": [8.25, 4, 8, 4.25], "texture": "#0"},
				"south": {"uv": [7.5, 1.75, 7, 2], "texture": "#0"},
				"west": {"uv": [4.25, 8, 4, 8.25], "texture": "#0"},
				"up": {"uv": [6.75, 2.5, 6.5, 3], "rotation": 90, "texture": "#0"},
				"down": {"uv": [7.25, 2.75, 7, 2.25], "rotation": 270, "texture": "#0"}
			}
		},
		{
			"from": [-0.91136, 5.625, 6.06497],
			"to": [-0.66136, 5.875, 7.81497],
			"rotation": {"angle": 45, "axis": "y", "origin": [3.30193, 9.01777, 1.67338]},
			"faces": {
				"north": {"uv": [4.5, 8, 4.25, 8.25], "texture": "#0"},
				"east": {"uv": [7.5, 3.25, 7, 3.5], "texture": "#0"},
				"south": {"uv": [8.25, 4.25, 8, 4.5], "texture": "#0"},
				"west": {"uv": [7.5, 2.75, 7, 3], "texture": "#0"},
				"up": {"uv": [7, 4, 7.25, 3.5], "texture": "#0"},
				"down": {"uv": [5.25, 7, 5.5, 7.5], "texture": "#0"}
			}
		},
		{
			"from": [-0.3, 6.05, 0.7],
			"to": [0.7, 7.15, 1.8],
			"rotation": {"angle": 22.5, "axis": "x", "origin": [-1, 6.7, 1.2]},
			"faces": {
				"north": {"uv": [3, 3, 2.5, 3.5], "texture": "#1"},
				"east": {"uv": [4, 2.5, 3.5, 3], "texture": "#1"},
				"south": {"uv": [3, 3.5, 2.5, 4], "texture": "#1"},
				"west": {"uv": [4, 2, 3.5, 2.5], "texture": "#1"},
				"up": {"uv": [3.5, 3.5, 4, 3], "texture": "#1"},
				"down": {"uv": [3.5, 3.5, 4, 4], "texture": "#1"}
			}
		},
		{
			"from": [-0.4, 6.05, -0.05],
			"to": [-0.3, 7.15, 3.15],
			"rotation": {"angle": 22.5, "axis": "x", "origin": [-1, 6.7, 1.2]},
			"faces": {
				"north": {"uv": [4.5, 3, 4, 3.5], "texture": "#1"},
				"east": {"uv": [4, 0.5, 2, 1], "texture": "#1"},
				"south": {"uv": [4, 4, 3.5, 4.5], "texture": "#1"},
				"west": {"uv": [4, 0, 2, 0.5], "texture": "#1"},
				"up": {"uv": [2, 3, 2.5, 1], "texture": "#1"},
				"down": {"uv": [2.5, 1, 3, 3], "texture": "#1"}
			}
		},
		{
			"from": [-1.4, 6.05, 2.05],
			"to": [-0.4, 7.15, 2.15],
			"rotation": {"angle": 22.5, "axis": "x", "origin": [-1, 6.7, 1.2]},
			"faces": {
				"north": {"uv": [5, 2.5, 4.5, 3], "texture": "#1"},
				"east": {"uv": [4, 4.5, 3.5, 5], "texture": "#1"},
				"south": {"uv": [5, 3, 4.5, 3.5], "texture": "#1"},
				"west": {"uv": [3.5, 4.5, 3, 5], "texture": "#1"},
				"up": {"uv": [4.5, 4, 5, 3.5], "texture": "#1"},
				"down": {"uv": [4, 4.5, 4.5, 5], "texture": "#1"}
			}
		},
		{
			"from": [-1.5, 6.05, 1.05],
			"to": [-1.4, 7.15, 2.05],
			"rotation": {"angle": 22.5, "axis": "x", "origin": [-1, 6.7, 1.2]},
			"faces": {
				"north": {"uv": [5.5, 5, 5, 5.5], "texture": "#1"},
				"east": {"uv": [6, 1, 5.5, 1.5], "texture": "#1"},
				"south": {"uv": [6, 0.5, 5.5, 1], "texture": "#1"},
				"west": {"uv": [6, 0, 5.5, 0.5], "texture": "#1"},
				"up": {"uv": [5.5, 2, 6, 1.5], "texture": "#1"},
				"down": {"uv": [2, 5.5, 2.5, 6], "texture": "#1"}
			}
		},
		{
			"from": [-1.5, 6.05, 2.15],
			"to": [-1.4, 7.15, 3.15],
			"rotation": {"angle": 22.5, "axis": "x", "origin": [-1, 6.7, 1.2]},
			"faces": {
				"north": {"uv": [5.5, 5, 5, 5.5], "texture": "#1"},
				"east": {"uv": [6, 1, 5.5, 1.5], "texture": "#1"},
				"south": {"uv": [6, 0.5, 5.5, 1], "texture": "#1"},
				"west": {"uv": [6, 0, 5.5, 0.5], "texture": "#1"},
				"up": {"uv": [5.5, 2, 6, 1.5], "texture": "#1"},
				"down": {"uv": [2, 5.5, 2.5, 6], "texture": "#1"}
			}
		},
		{
			"from": [-1.4, 6.05, 3.15],
			"to": [-0.4, 7.15, 3.25],
			"rotation": {"angle": 22.5, "axis": "x", "origin": [-1, 6.7, 1.2]},
			"faces": {
				"north": {"uv": [5, 2.5, 4.5, 3], "texture": "#1"},
				"east": {"uv": [4, 4.5, 3.5, 5], "texture": "#1"},
				"south": {"uv": [5, 3, 4.5, 3.5], "texture": "#1"},
				"west": {"uv": [3.5, 4.5, 3, 5], "texture": "#1"},
				"up": {"uv": [4.5, 4, 5, 3.5], "texture": "#1"},
				"down": {"uv": [4, 4.5, 4.5, 5], "texture": "#1"}
			}
		},
		{
			"from": [-1.4, 6.05, 0.95],
			"to": [-0.4, 7.15, 1.05],
			"rotation": {"angle": 22.5, "axis": "x", "origin": [-1, 6.7, 1.2]},
			"faces": {
				"north": {"uv": [4.5, 0, 4, 0.5], "texture": "#1"},
				"east": {"uv": [3, 4, 2.5, 4.5], "texture": "#1"},
				"south": {"uv": [4.5, 2, 4, 2.5], "texture": "#1"},
				"west": {"uv": [4.5, 0.5, 4, 1], "texture": "#1"},
				"up": {"uv": [4, 3, 4.5, 2.5], "texture": "#1"},
				"down": {"uv": [3, 4, 3.5, 4.5], "texture": "#1"}
			}
		},
		{
			"from": [-1.5, 6.05, -0.05],
			"to": [-1.4, 7.15, 0.95],
			"rotation": {"angle": 22.5, "axis": "x", "origin": [-1, 6.7, 1.2]},
			"faces": {
				"north": {"uv": [5.5, 5, 5, 5.5], "texture": "#1"},
				"east": {"uv": [6, 1, 5.5, 1.5], "texture": "#1"},
				"south": {"uv": [6, 0.5, 5.5, 1], "texture": "#1"},
				"west": {"uv": [6, 0, 5.5, 0.5], "texture": "#1"},
				"up": {"uv": [5.5, 2, 6, 1.5], "texture": "#1"},
				"down": {"uv": [2, 5.5, 2.5, 6], "texture": "#1"}
			}
		},
		{
			"from": [-1.4, 6.05, -0.15],
			"to": [-0.4, 7.15, -0.05],
			"rotation": {"angle": 22.5, "axis": "x", "origin": [-1, 6.7, 1.2]},
			"faces": {
				"north": {"uv": [4.5, 0, 4, 0.5], "texture": "#1"},
				"east": {"uv": [3, 4, 2.5, 4.5], "texture": "#1"},
				"south": {"uv": [4.5, 2, 4, 2.5], "texture": "#1"},
				"west": {"uv": [4.5, 0.5, 4, 1], "texture": "#1"},
				"up": {"uv": [4, 3, 4.5, 2.5], "texture": "#1"},
				"down": {"uv": [3, 4, 3.5, 4.5], "texture": "#1"}
			}
		},
		{
			"from": [-0.4, 10.05, -0.05],
			"to": [-0.3, 11.15, 3.15],
			"rotation": {"angle": 22.5, "axis": "x", "origin": [-1, 6.7, 1.2]},
			"faces": {
				"north": {"uv": [4.5, 3, 4, 3.5], "texture": "#1"},
				"east": {"uv": [4, 0.5, 2, 1], "texture": "#1"},
				"south": {"uv": [4, 4, 3.5, 4.5], "texture": "#1"},
				"west": {"uv": [4, 0, 2, 0.5], "texture": "#1"},
				"up": {"uv": [2, 3, 2.5, 1], "texture": "#1"},
				"down": {"uv": [2.5, 1, 3, 3], "texture": "#1"}
			}
		},
		{
			"from": [-1.4, 10.05, 2.05],
			"to": [-0.4, 11.15, 2.15],
			"rotation": {"angle": 22.5, "axis": "x", "origin": [-1, 6.7, 1.2]},
			"faces": {
				"north": {"uv": [5, 2.5, 4.5, 3], "texture": "#1"},
				"east": {"uv": [4, 4.5, 3.5, 5], "texture": "#1"},
				"south": {"uv": [5, 3, 4.5, 3.5], "texture": "#1"},
				"west": {"uv": [3.5, 4.5, 3, 5], "texture": "#1"},
				"up": {"uv": [4.5, 4, 5, 3.5], "texture": "#1"},
				"down": {"uv": [4, 4.5, 4.5, 5], "texture": "#1"}
			}
		},
		{
			"from": [-1.5, 10.05, 1.05],
			"to": [-1.4, 11.15, 2.05],
			"rotation": {"angle": 22.5, "axis": "x", "origin": [-1, 6.7, 1.2]},
			"faces": {
				"north": {"uv": [5.5, 5, 5, 5.5], "texture": "#1"},
				"east": {"uv": [6, 1, 5.5, 1.5], "texture": "#1"},
				"south": {"uv": [6, 0.5, 5.5, 1], "texture": "#1"},
				"west": {"uv": [6, 0, 5.5, 0.5], "texture": "#1"},
				"up": {"uv": [5.5, 2, 6, 1.5], "texture": "#1"},
				"down": {"uv": [2, 5.5, 2.5, 6], "texture": "#1"}
			}
		},
		{
			"from": [-1.5, 10.05, 2.15],
			"to": [-1.4, 11.15, 3.15],
			"rotation": {"angle": 22.5, "axis": "x", "origin": [-1, 6.7, 1.2]},
			"faces": {
				"north": {"uv": [5.5, 5, 5, 5.5], "texture": "#1"},
				"east": {"uv": [6, 1, 5.5, 1.5], "texture": "#1"},
				"south": {"uv": [6, 0.5, 5.5, 1], "texture": "#1"},
				"west": {"uv": [6, 0, 5.5, 0.5], "texture": "#1"},
				"up": {"uv": [5.5, 2, 6, 1.5], "texture": "#1"},
				"down": {"uv": [2, 5.5, 2.5, 6], "texture": "#1"}
			}
		},
		{
			"from": [-1.4, 10.05, 3.15],
			"to": [-0.4, 11.15, 3.25],
			"rotation": {"angle": 22.5, "axis": "x", "origin": [-1, 6.7, 1.2]},
			"faces": {
				"north": {"uv": [5, 2.5, 4.5, 3], "texture": "#1"},
				"east": {"uv": [4, 4.5, 3.5, 5], "texture": "#1"},
				"south": {"uv": [5, 3, 4.5, 3.5], "texture": "#1"},
				"west": {"uv": [3.5, 4.5, 3, 5], "texture": "#1"},
				"up": {"uv": [4.5, 4, 5, 3.5], "texture": "#1"},
				"down": {"uv": [4, 4.5, 4.5, 5], "texture": "#1"}
			}
		},
		{
			"from": [-1.4, 10.05, 0.95],
			"to": [-0.4, 11.15, 1.05],
			"rotation": {"angle": 22.5, "axis": "x", "origin": [-1, 6.7, 1.2]},
			"faces": {
				"north": {"uv": [4.5, 0, 4, 0.5], "texture": "#1"},
				"east": {"uv": [3, 4, 2.5, 4.5], "texture": "#1"},
				"south": {"uv": [4.5, 2, 4, 2.5], "texture": "#1"},
				"west": {"uv": [4.5, 0.5, 4, 1], "texture": "#1"},
				"up": {"uv": [4, 3, 4.5, 2.5], "texture": "#1"},
				"down": {"uv": [3, 4, 3.5, 4.5], "texture": "#1"}
			}
		},
		{
			"from": [-1.5, 10.05, -0.05],
			"to": [-1.4, 11.15, 0.95],
			"rotation": {"angle": 22.5, "axis": "x", "origin": [-1, 6.7, 1.2]},
			"faces": {
				"north": {"uv": [5.5, 5, 5, 5.5], "texture": "#1"},
				"east": {"uv": [6, 1, 5.5, 1.5], "texture": "#1"},
				"south": {"uv": [6, 0.5, 5.5, 1], "texture": "#1"},
				"west": {"uv": [6, 0, 5.5, 0.5], "texture": "#1"},
				"up": {"uv": [5.5, 2, 6, 1.5], "texture": "#1"},
				"down": {"uv": [2, 5.5, 2.5, 6], "texture": "#1"}
			}
		},
		{
			"from": [-1.4, 10.05, -0.15],
			"to": [-0.4, 11.15, -0.05],
			"rotation": {"angle": 22.5, "axis": "x", "origin": [-1, 6.7, 1.2]},
			"faces": {
				"north": {"uv": [4.5, 0, 4, 0.5], "texture": "#1"},
				"east": {"uv": [3, 4, 2.5, 4.5], "texture": "#1"},
				"south": {"uv": [4.5, 2, 4, 2.5], "texture": "#1"},
				"west": {"uv": [4.5, 0.5, 4, 1], "texture": "#1"},
				"up": {"uv": [4, 3, 4.5, 2.5], "texture": "#1"},
				"down": {"uv": [3, 4, 3.5, 4.5], "texture": "#1"}
			}
		},
		{
			"from": [0.21174, 6.76519, 0.85693],
			"to": [0.58674, 7.51519, 1.60693],
			"rotation": {"angle": 22.5, "axis": "x", "origin": [2.475, 6.8918, 0.00693]},
			"faces": {
				"north": {"uv": [8, 1, 7.75, 1.25], "rotation": 270, "texture": "#0"},
				"east": {"uv": [1.5, 8, 1.75, 7.75], "rotation": 180, "texture": "#0"},
				"south": {"uv": [8, 1.25, 7.75, 1.5], "rotation": 90, "texture": "#0"},
				"west": {"uv": [1.75, 7.75, 2, 8], "texture": "#0"},
				"up": {"uv": [1.5, 7.75, 1.25, 8], "rotation": 90, "texture": "#0"},
				"down": {"uv": [8, 0.75, 7.75, 1], "rotation": 90, "texture": "#0"}
			}
		},
		{
			"from": [0.58674, 6.64019, 0.73193],
			"to": [4.46174, 7.64019, 1.73193],
			"rotation": {"angle": 22.5, "axis": "x", "origin": [2.475, 6.8918, 0.00693]},
			"faces": {
				"north": {"uv": [3, 5.75, 2.75, 6.75], "rotation": 270, "texture": "#0"},
				"east": {"uv": [2, 8, 2.25, 7.75], "rotation": 180, "texture": "#0"},
				"south": {"uv": [6.5, 1, 6.25, 2], "rotation": 90, "texture": "#0"},
				"west": {"uv": [7.75, 2.25, 8, 2.5], "texture": "#0"},
				"up": {"uv": [5.5, 6, 5.25, 7], "rotation": 90, "texture": "#0"},
				"down": {"uv": [1.25, 5.75, 1, 6.75], "rotation": 90, "texture": "#0"}
			}
		},
		{
			"from": [3.08674, 5.64019, 0.73193],
			"to": [4.46174, 6.64019, 1.73193],
			"rotation": {"angle": 22.5, "axis": "x", "origin": [2.475, 6.8918, 0.00693]},
			"faces": {
				"north": {"uv": [4, 8.5, 5, 9.75], "rotation": 270, "texture": "#0"},
				"east": {"uv": [7.75, 3.25, 8, 3], "rotation": 180, "texture": "#0"},
				"south": {"uv": [5, 8.5, 4, 9.75], "rotation": 90, "texture": "#0"},
				"west": {"uv": [3.25, 7.75, 3.5, 8], "texture": "#0"},
				"up": {"uv": [3, 7.75, 2.75, 8], "rotation": 90, "texture": "#0"},
				"down": {"uv": [2.75, 7.75, 2.5, 8], "rotation": 90, "texture": "#0"}
			}
		},
		{
			"from": [2.08674, 5.89019, 1.48193],
			"to": [3.46174, 6.64019, 1.48193],
			"rotation": {"angle": 22.5, "axis": "x", "origin": [2.475, 6.8918, 0.00693]},
			"faces": {
				"north": {"uv": [2.75, 9, 3.5, 10.25], "rotation": 270, "texture": "#0"},
				"east": {"uv": [7.75, 3.25, 8, 3], "rotation": 180, "texture": "#0"},
				"south": {"uv": [3.5, 9, 2.75, 10.25], "rotation": 90, "texture": "#0"},
				"west": {"uv": [3.25, 7.75, 3.5, 8], "texture": "#0"},
				"up": {"uv": [3, 7.75, 2.75, 8], "rotation": 90, "texture": "#0"},
				"down": {"uv": [2.75, 7.75, 2.5, 8], "rotation": 90, "texture": "#0"}
			}
		},
		{
			"from": [4.42576, 5.70591, 0.79443],
			"to": [4.67576, 7.58091, 1.66943],
			"rotation": {"angle": 22.5, "axis": "x", "origin": [2.475, 6.8918, 0.00693]},
			"faces": {
				"north": {"uv": [2, 7, 1.5, 7.25], "rotation": 270, "texture": "#0"},
				"east": {"uv": [4.75, 6, 5, 5.5], "rotation": 180, "texture": "#0"},
				"south": {"uv": [7.5, 1.5, 7, 1.75], "rotation": 90, "texture": "#0"},
				"west": {"uv": [6.5, 1.5, 6.75, 2], "texture": "#0"},
				"up": {"uv": [7.25, 7.75, 7, 8], "rotation": 90, "texture": "#0"},
				"down": {"uv": [8, 6.75, 7.75, 7], "rotation": 90, "texture": "#0"}
			}
		},
		{
			"from": [2, 0.50694, -0.38969],
			"to": [4, 3.50694, 13.61031],
			"rotation": {"angle": 0, "axis": "y", "origin": [4.52843, 3.80035, 5.03953]},
			"faces": {
				"north": {"uv": [4, 0, 3.5, 0.75], "texture": "#0"},
				"east": {"uv": [3.5, 0.75, 0, 1.5], "texture": "#0"},
				"south": {"uv": [4, 0.75, 3.5, 1.5], "texture": "#0"},
				"west": {"uv": [3.5, 0, 0, 0.75], "texture": "#0"},
				"up": {"uv": [0, 5, 0.5, 1.5], "texture": "#0"},
				"down": {"uv": [0.5, 1.5, 1, 5], "texture": "#0"}
			}
		},
		{
			"from": [2, 0.50694, -2.38969],
			"to": [2.375, 3.50694, -0.38969],
			"rotation": {"angle": 0, "axis": "y", "origin": [4.52843, 3.80035, 5.03953]},
			"faces": {
				"north": {"uv": [1, 6.5, 0.75, 7.25], "texture": "#0"},
				"east": {"uv": [6, 5.5, 5.5, 6.25], "texture": "#0"},
				"south": {"uv": [6.75, 4.75, 6.5, 5.5], "texture": "#0"},
				"west": {"uv": [6, 4.75, 5.5, 5.5], "texture": "#0"},
				"up": {"uv": [5.5, 7.5, 5.75, 7], "texture": "#0"},
				"down": {"uv": [5.75, 7, 6, 7.5], "texture": "#0"}
			}
		},
		{
			"from": [2.875, 0.50694, -2.38969],
			"to": [3.125, 3.50694, -0.38969],
			"rotation": {"angle": 0, "axis": "y", "origin": [4.52843, 3.80035, 5.03953]},
			"faces": {
				"north": {"uv": [6.75, 6.25, 6.5, 7], "texture": "#0"},
				"east": {"uv": [6.25, 1, 5.75, 1.75], "texture": "#0"},
				"south": {"uv": [1.25, 6.75, 1, 7.5], "texture": "#0"},
				"west": {"uv": [1, 5.75, 0.5, 6.5], "texture": "#0"},
				"up": {"uv": [6, 7.5, 6.25, 7], "texture": "#0"},
				"down": {"uv": [7, 6.25, 7.25, 6.75], "texture": "#0"}
			}
		},
		{
			"from": [3.625, 0.50694, -2.38969],
			"to": [4, 3.50694, -0.38969],
			"rotation": {"angle": 0, "axis": "y", "origin": [4.52843, 3.80035, 5.03953]},
			"faces": {
				"north": {"uv": [1.5, 6.75, 1.25, 7.5], "texture": "#0"},
				"east": {"uv": [6.25, 1.75, 5.75, 2.5], "texture": "#0"},
				"south": {"uv": [7, 1.5, 6.75, 2.25], "texture": "#0"},
				"west": {"uv": [2, 5.75, 1.5, 6.5], "texture": "#0"},
				"up": {"uv": [6.5, 7.5, 6.75, 7], "texture": "#0"},
				"down": {"uv": [6.75, 7, 7, 7.5], "texture": "#0"}
			}
		},
		{
			"from": [1.9375, 3.00694, -2.45219],
			"to": [4.0625, 3.56944, -0.38969],
			"rotation": {"angle": 0, "axis": "y", "origin": [4.52843, 3.80035, 5.03953]},
			"faces": {
				"north": {"uv": [7.5, 4, 7, 4.25], "texture": "#0"},
				"east": {"uv": [2, 7.25, 1.5, 7.5], "texture": "#0"},
				"south": {"uv": [7.5, 7, 7, 7.25], "texture": "#0"},
				"west": {"uv": [7.5, 6.75, 7, 7], "texture": "#0"},
				"up": {"uv": [2, 6.75, 2.5, 6.25], "texture": "#0"},
				"down": {"uv": [6.25, 2, 6.75, 2.5], "texture": "#0"}
			}
		},
		{
			"from": [1.9375, 0.44444, -2.45219],
			"to": [4.0625, 1.00694, -0.38969],
			"rotation": {"angle": 0, "axis": "y", "origin": [4.52843, 3.80035, 5.03953]},
			"faces": {
				"north": {"uv": [7.75, 2.25, 7.25, 2.5], "texture": "#0"},
				"east": {"uv": [7.75, 3.5, 7.25, 3.75], "texture": "#0"},
				"south": {"uv": [7.75, 3, 7.25, 3.25], "texture": "#0"},
				"west": {"uv": [7.75, 2.5, 7.25, 2.75], "texture": "#0"},
				"up": {"uv": [5.5, 6.75, 6, 6.25], "texture": "#0"},
				"down": {"uv": [6, 6.25, 6.5, 6.75], "texture": "#0"}
			}
		},
		{
			"from": [2.625, 3.50694, 1.61031],
			"to": [3.375, 4.50694, 12.61031],
			"rotation": {"angle": 0, "axis": "y", "origin": [4.52843, 3.80035, 5.03953]},
			"faces": {
				"north": {"uv": [4.75, 8, 4.5, 8.25], "texture": "#0"},
				"east": {"uv": [7.75, 0.25, 5, 0.5], "texture": "#0"},
				"south": {"uv": [8.25, 4.5, 8, 4.75], "texture": "#0"},
				"west": {"uv": [7.75, 0, 5, 0.25], "texture": "#0"},
				"up": {"uv": [3.5, 7.5, 3.75, 4.75], "texture": "#0"},
				"down": {"uv": [3.75, 4.75, 4, 7.5], "texture": "#0"}
			}
		},
		{
			"from": [2.5, 3.625, 1.625],
			"to": [3.5, 4.375, 12.625],
			"rotation": {"angle": 0, "axis": "y", "origin": [4.52843, 3.80035, 5.03953]},
			"faces": {
				"north": {"uv": [5, 8, 4.75, 8.25], "texture": "#0"},
				"east": {"uv": [7.75, 0.75, 5, 1], "texture": "#0"},
				"south": {"uv": [8.25, 4.75, 8, 5], "texture": "#0"},
				"west": {"uv": [7.75, 0.5, 5, 0.75], "texture": "#0"},
				"up": {"uv": [0, 7.75, 0.25, 5], "texture": "#0"},
				"down": {"uv": [0.25, 5, 0.5, 7.75], "texture": "#0"}
			}
		},
		{
			"from": [2.625, 3.625, 1.25],
			"to": [3.375, 4.375, 12.75],
			"rotation": {"angle": 0, "axis": "y", "origin": [4.52843, 3.80035, 5.03953]},
			"faces": {
				"north": {"uv": [5.25, 8, 5, 8.25], "texture": "#0"},
				"east": {"uv": [4, 1.75, 1, 2], "texture": "#0"},
				"south": {"uv": [8.25, 5, 8, 5.25], "texture": "#0"},
				"west": {"uv": [4, 1.5, 1, 1.75], "texture": "#0"},
				"up": {"uv": [1, 5, 1.25, 2], "texture": "#0"},
				"down": {"uv": [1.25, 2, 1.5, 5], "texture": "#0"}
			}
		},
		{
			"from": [2.875, 3.875, 1],
			"to": [3.125, 4.125, 1.25],
			"rotation": {"angle": 0, "axis": "y", "origin": [4.52843, 3.80035, 5.03953]},
			"faces": {
				"north": {"uv": [5.5, 8, 5.25, 8.25], "texture": "#0"},
				"east": {"uv": [8.25, 5.5, 8, 5.75], "texture": "#0"},
				"south": {"uv": [5.75, 8, 5.5, 8.25], "texture": "#0"},
				"west": {"uv": [8.25, 5.25, 8, 5.5], "texture": "#0"},
				"up": {"uv": [5.75, 8.25, 6, 8], "texture": "#0"},
				"down": {"uv": [8, 5.75, 8.25, 6], "texture": "#0"}
			}
		},
		{
			"from": [4.98847, 1.54274, 9.75],
			"to": [5.23847, 8.04274, 10.5],
			"rotation": {"angle": -45, "axis": "z", "origin": [4.52843, 3.80035, 5.03953]},
			"faces": {
				"north": {"uv": [1.5, 5, 1.25, 6.75], "texture": "#0"},
				"east": {"uv": [4.25, 5.5, 4, 7.25], "texture": "#0"},
				"south": {"uv": [5.5, 4.25, 5.25, 6], "texture": "#0"},
				"west": {"uv": [5.25, 4.25, 5, 6], "texture": "#0"},
				"up": {"uv": [6, 8.25, 6.25, 8], "texture": "#0"},
				"down": {"uv": [8, 6, 8.25, 6.25], "texture": "#0"}
			}
		},
		{
			"from": [6, 2.4375, 9.8125],
			"to": [6.25, 4.5, 10.4375],
			"rotation": {"angle": 0, "axis": "y", "origin": [4.52843, 3.80035, 5.03953]},
			"faces": {
				"north": {"uv": [1, 7.25, 0.75, 7.75], "texture": "#0"},
				"east": {"uv": [4.5, 7.25, 4.25, 7.75], "texture": "#0"},
				"south": {"uv": [4.25, 7.25, 4, 7.75], "texture": "#0"},
				"west": {"uv": [2.75, 7.25, 2.5, 7.75], "texture": "#0"},
				"up": {"uv": [6.25, 8.25, 6.5, 8], "texture": "#0"},
				"down": {"uv": [8, 6.25, 8.25, 6.5], "texture": "#0"}
			}
		},
		{
			"from": [3.1583, 4.31855, 4],
			"to": [3.4083, 5.06855, 10.5],
			"rotation": {"angle": -22.5, "axis": "z", "origin": [4.52843, 3.80035, 5.03953]},
			"faces": {
				"north": {"uv": [6.75, 8, 6.5, 8.25], "texture": "#0"},
				"east": {"uv": [7.25, 4.5, 5.5, 4.75], "texture": "#0"},
				"south": {"uv": [8.25, 6.5, 8, 6.75], "texture": "#0"},
				"west": {"uv": [7.25, 4.25, 5.5, 4.5], "texture": "#0"},
				"up": {"uv": [4.25, 7.25, 4.5, 5.5], "texture": "#0"},
				"down": {"uv": [4.5, 5.5, 4.75, 7.25], "texture": "#0"}
			}
		},
		{
			"from": [2.92785, 4.22706, 2.5],
			"to": [3.42785, 5.35206, 4],
			"rotation": {"angle": -22.5, "axis": "z", "origin": [4.52843, 3.80035, 5.03953]},
			"faces": {
				"north": {"uv": [7, 8, 6.75, 8.25], "texture": "#0"},
				"east": {"uv": [7.75, 4.25, 7.25, 4.5], "texture": "#0"},
				"south": {"uv": [8.25, 6.75, 8, 7], "texture": "#0"},
				"west": {"uv": [7.75, 3.75, 7.25, 4], "texture": "#0"},
				"up": {"uv": [4.5, 7.75, 4.75, 7.25], "texture": "#0"},
				"down": {"uv": [7.25, 6.25, 7.5, 6.75], "texture": "#0"}
			}
		},
		{
			"from": [3.05285, 5.22706, 3.25],
			"to": [3.30285, 5.53956, 3.4375],
			"rotation": {"angle": -22.5, "axis": "z", "origin": [4.52843, 3.80035, 5.03953]},
			"faces": {
				"north": {"uv": [7.25, 8, 7, 8.25], "texture": "#0"},
				"east": {"uv": [8.25, 7.25, 8, 7.5], "texture": "#0"},
				"south": {"uv": [7.5, 8, 7.25, 8.25], "texture": "#0"},
				"west": {"uv": [8.25, 7, 8, 7.25], "texture": "#0"},
				"up": {"uv": [7.5, 8.25, 7.75, 8], "texture": "#0"},
				"down": {"uv": [8, 7.5, 8.25, 7.75], "texture": "#0"}
			}
		},
		{
			"from": [2.92785, 4.66456, 2],
			"to": [3.42785, 5.35206, 2.5],
			"rotation": {"angle": -22.5, "axis": "z", "origin": [4.52843, 3.80035, 5.03953]},
			"faces": {
				"north": {"uv": [8, 8, 7.75, 8.25], "texture": "#0"},
				"east": {"uv": [0.25, 8.25, 0, 8.5], "texture": "#0"},
				"south": {"uv": [8.25, 8, 8, 8.25], "texture": "#0"},
				"west": {"uv": [8.25, 7.75, 8, 8], "texture": "#0"},
				"up": {"uv": [8.25, 0.25, 8.5, 0], "texture": "#0"},
				"down": {"uv": [0.25, 8.25, 0.5, 8.5], "texture": "#0"}
			}
		},
		{
			"from": [3.38342, 5.46414, 8.75],
			"to": [4.07092, 7.46414, 11.75],
			"rotation": {"angle": -22.5, "axis": "z", "origin": [4.52843, 3.80035, 5.03953]},
			"faces": {
				"north": {"uv": [7.25, 7.25, 7, 7.75], "texture": "#0"},
				"east": {"uv": [6.5, 2.5, 5.75, 3], "texture": "#0"},
				"south": {"uv": [7.5, 7.25, 7.25, 7.75], "texture": "#0"},
				"west": {"uv": [2.75, 5.75, 2, 6.25], "texture": "#0"},
				"up": {"uv": [2, 7.5, 2.25, 6.75], "texture": "#0"},
				"down": {"uv": [2.25, 6.75, 2.5, 7.5], "texture": "#0"}
			}
		},
		{
			"from": [3.32092, 4.96414, 9.25],
			"to": [4.13342, 7.96414, 11.25],
			"rotation": {"angle": -22.5, "axis": "z", "origin": [4.52843, 3.80035, 5.03953]},
			"faces": {
				"north": {"uv": [7, 2.25, 6.75, 3], "texture": "#0"},
				"east": {"uv": [6.5, 4.75, 6, 5.5], "texture": "#0"},
				"south": {"uv": [3, 6.75, 2.75, 7.5], "texture": "#0"},
				"west": {"uv": [5.25, 6, 4.75, 6.75], "texture": "#0"},
				"up": {"uv": [0.5, 8, 0.75, 7.5], "texture": "#0"},
				"down": {"uv": [1, 7.5, 1.25, 8], "texture": "#0"}
			}
		},
		{
			"from": [1.75, 0.25, 0],
			"to": [4.25, 3.75, 1],
			"rotation": {"angle": 0, "axis": "y", "origin": [4.52843, 3.80035, 5.03953]},
			"faces": {
				"north": {"uv": [2.25, 2, 1.5, 3], "texture": "#0"},
				"east": {"uv": [0.75, 6.5, 0.5, 7.5], "texture": "#0"},
				"south": {"uv": [3, 2, 2.25, 3], "texture": "#0"},
				"west": {"uv": [2.75, 6.25, 2.5, 7.25], "texture": "#0"},
				"up": {"uv": [6.75, 5, 7.5, 4.75], "texture": "#0"},
				"down": {"uv": [6.75, 5, 7.5, 5.25], "texture": "#0"}
			}
		},
		{
			"from": [1.75, 0.25, 7],
			"to": [4.25, 3.5, 8],
			"rotation": {"angle": 0, "axis": "y", "origin": [4.52843, 3.80035, 5.03953]},
			"faces": {
				"north": {"uv": [1.25, 5, 0.5, 5.75], "texture": "#0"},
				"east": {"uv": [5.25, 6.75, 5, 7.5], "texture": "#0"},
				"south": {"uv": [5.75, 1, 5, 1.75], "texture": "#0"},
				"west": {"uv": [5, 6.75, 4.75, 7.5], "texture": "#0"},
				"up": {"uv": [6.75, 5.5, 7.5, 5.25], "texture": "#0"},
				"down": {"uv": [5.5, 6.75, 6.25, 7], "texture": "#0"}
			}
		},
		{
			"from": [2.06578, 2.39499, 7.0625],
			"to": [2.31578, 3.70749, 7.9375],
			"rotation": {"angle": -22.5, "axis": "z", "origin": [4.52843, 3.80035, 5.03953]},
			"faces": {
				"north": {"uv": [8.5, 0.25, 8.25, 0.5], "texture": "#0"},
				"east": {"uv": [1, 8.25, 0.75, 8.5], "texture": "#0"},
				"south": {"uv": [8.5, 0.5, 8.25, 0.75], "texture": "#0"},
				"west": {"uv": [0.75, 8.25, 0.5, 8.5], "texture": "#0"},
				"up": {"uv": [8.25, 1, 8.5, 0.75], "texture": "#0"},
				"down": {"uv": [1, 8.25, 1.25, 8.5], "texture": "#0"}
			}
		},
		{
			"from": [3.9057, 3.67546, 7.0625],
			"to": [4.1557, 4.86296, 7.9375],
			"rotation": {"angle": 22.5, "axis": "z", "origin": [4.52843, 3.80035, 5.03953]},
			"faces": {
				"north": {"uv": [8.5, 1, 8.25, 1.25], "texture": "#0"},
				"east": {"uv": [1.75, 8.25, 1.5, 8.5], "texture": "#0"},
				"south": {"uv": [8.5, 1.25, 8.25, 1.5], "texture": "#0"},
				"west": {"uv": [1.5, 8.25, 1.25, 8.5], "texture": "#0"},
				"up": {"uv": [8.25, 1.75, 8.5, 1.5], "texture": "#0"},
				"down": {"uv": [1.75, 8.25, 2, 8.5], "texture": "#0"}
			}
		},
		{
			"from": [2.22523, 4.52943, 7],
			"to": [3.78773, 4.77943, 8],
			"rotation": {"angle": 0, "axis": "y", "origin": [4.52843, 3.80035, 5.03953]},
			"faces": {
				"north": {"uv": [7.75, 4.5, 7.25, 4.75], "texture": "#0"},
				"east": {"uv": [2.25, 8.25, 2, 8.5], "texture": "#0"},
				"south": {"uv": [1.75, 7.5, 1.25, 7.75], "texture": "#0"},
				"west": {"uv": [8.5, 1.75, 8.25, 2], "texture": "#0"},
				"up": {"uv": [7.5, 1.75, 8, 1.5], "texture": "#0"},
				"down": {"uv": [1.75, 7.5, 2.25, 7.75], "texture": "#0"}
			}
		},
		{
			"from": [2.22523, 4.52943, 11],
			"to": [3.78773, 4.77943, 12],
			"rotation": {"angle": 0, "axis": "y", "origin": [4.52843, 3.80035, 5.03953]},
			"faces": {
				"north": {"uv": [8, 1.75, 7.5, 2], "texture": "#0"},
				"east": {"uv": [2.5, 8.25, 2.25, 8.5], "texture": "#0"},
				"south": {"uv": [8, 2, 7.5, 2.25], "texture": "#0"},
				"west": {"uv": [8.5, 2, 8.25, 2.25], "texture": "#0"},
				"up": {"uv": [2.75, 7.75, 3.25, 7.5], "texture": "#0"},
				"down": {"uv": [7.5, 2.75, 8, 3], "texture": "#0"}
			}
		},
		{
			"from": [3.9057, 3.67546, 11.0625],
			"to": [4.1557, 4.86296, 11.9375],
			"rotation": {"angle": 22.5, "axis": "z", "origin": [4.52843, 3.80035, 5.03953]},
			"faces": {
				"north": {"uv": [8.5, 2.25, 8.25, 2.5], "texture": "#0"},
				"east": {"uv": [3, 8.25, 2.75, 8.5], "texture": "#0"},
				"south": {"uv": [8.5, 2.5, 8.25, 2.75], "texture": "#0"},
				"west": {"uv": [2.75, 8.25, 2.5, 8.5], "texture": "#0"},
				"up": {"uv": [8.25, 3, 8.5, 2.75], "texture": "#0"},
				"down": {"uv": [3, 8.25, 3.25, 8.5], "texture": "#0"}
			}
		},
		{
			"from": [2.06578, 2.45749, 11.0625],
			"to": [2.31578, 3.70749, 11.9375],
			"rotation": {"angle": -22.5, "axis": "z", "origin": [4.52843, 3.80035, 5.03953]},
			"faces": {
				"north": {"uv": [8.5, 3, 8.25, 3.25], "texture": "#0"},
				"east": {"uv": [3.75, 8.25, 3.5, 8.5], "texture": "#0"},
				"south": {"uv": [8.5, 3.25, 8.25, 3.5], "texture": "#0"},
				"west": {"uv": [3.5, 8.25, 3.25, 8.5], "texture": "#0"},
				"up": {"uv": [8.25, 3.75, 8.5, 3.5], "texture": "#0"},
				"down": {"uv": [3.75, 8.25, 4, 8.5], "texture": "#0"}
			}
		},
		{
			"from": [1.75, 0.25, 11],
			"to": [4.25, 3.5, 12],
			"rotation": {"angle": 0, "axis": "y", "origin": [4.52843, 3.80035, 5.03953]},
			"faces": {
				"north": {"uv": [5.75, 1.75, 5, 2.5], "texture": "#0"},
				"east": {"uv": [7, 6.25, 6.75, 7], "texture": "#0"},
				"south": {"uv": [5.75, 2.5, 5, 3.25], "texture": "#0"},
				"west": {"uv": [6.5, 6.75, 6.25, 7.5], "texture": "#0"},
				"up": {"uv": [7, 1.25, 7.75, 1], "texture": "#0"},
				"down": {"uv": [7, 1.25, 7.75, 1.5], "texture": "#0"}
			}
		},
		{
			"from": [4.57802, 3.86742, 0.50979],
			"to": [5.82802, 4.11742, 0.75979],
			"rotation": {"angle": 22.5, "axis": "y", "origin": [4.52843, 3.80035, 5.03953]},
			"faces": {
				"north": {"uv": [8.5, 3.75, 8.25, 4], "texture": "#0"},
				"east": {"uv": [4.5, 8.25, 4.25, 8.5], "texture": "#0"},
				"south": {"uv": [8.5, 4, 8.25, 4.25], "texture": "#0"},
				"west": {"uv": [4.25, 8.25, 4, 8.5], "texture": "#0"},
				"up": {"uv": [8.25, 4.5, 8.5, 4.25], "texture": "#0"},
				"down": {"uv": [4.5, 8.25, 4.75, 8.5], "texture": "#0"}
			}
		},
		{
			"from": [3.9375, 3.99294, 0.62631],
			"to": [4.1875, 4.24294, 1.87631],
			"rotation": {"angle": 0, "axis": "y", "origin": [4.52843, 3.80035, 5.03953]},
			"faces": {
				"north": {"uv": [8.5, 4.5, 8.25, 4.75], "texture": "#0"},
				"east": {"uv": [5.25, 8.25, 5, 8.5], "texture": "#0"},
				"south": {"uv": [8.5, 4.75, 8.25, 5], "texture": "#0"},
				"west": {"uv": [5, 8.25, 4.75, 8.5], "texture": "#0"},
				"up": {"uv": [8.25, 5.25, 8.5, 5], "texture": "#0"},
				"down": {"uv": [5.25, 8.25, 5.5, 8.5], "texture": "#0"}
			}
		},
		{
			"from": [3.9948, 5.28712, 2.22596],
			"to": [4.2448, 5.53712, 3.47596],
			"rotation": {"angle": -22.5, "axis": "x", "origin": [4.52843, 3.80035, 5.03953]},
			"faces": {
				"north": {"uv": [8.5, 5.25, 8.25, 5.5], "texture": "#0"},
				"east": {"uv": [6, 8.25, 5.75, 8.5], "texture": "#0"},
				"south": {"uv": [8.5, 5.5, 8.25, 5.75], "texture": "#0"},
				"west": {"uv": [5.75, 8.25, 5.5, 8.5], "texture": "#0"},
				"up": {"uv": [8.25, 6, 8.5, 5.75], "texture": "#0"},
				"down": {"uv": [6, 8.25, 6.25, 8.5], "texture": "#0"}
			}
		},
		{
			"from": [4.21753, 4.61773, 7.04371],
			"to": [4.46753, 4.86773, 8.29371],
			"rotation": {"angle": -45, "axis": "x", "origin": [4.52843, 3.80035, 5.03953]},
			"faces": {
				"north": {"uv": [8.5, 6, 8.25, 6.25], "texture": "#0"},
				"east": {"uv": [6.75, 8.25, 6.5, 8.5], "texture": "#0"},
				"south": {"uv": [8.5, 6.25, 8.25, 6.5], "texture": "#0"},
				"west": {"uv": [6.5, 8.25, 6.25, 8.5], "texture": "#0"},
				"up": {"uv": [8.25, 6.75, 8.5, 6.5], "texture": "#0"},
				"down": {"uv": [6.75, 8.25, 7, 8.5], "texture": "#0"}
			}
		},
		{
			"from": [6.04482, 6.70267, 7.54226],
			"to": [7.66982, 6.95267, 7.79226],
			"rotation": {"angle": -22.5, "axis": "y", "origin": [4.52843, 3.80035, 5.03953]},
			"faces": {
				"north": {"uv": [3.75, 7.5, 3.25, 7.75], "texture": "#0"},
				"east": {"uv": [7.25, 8.25, 7, 8.5], "texture": "#0"},
				"south": {"uv": [8, 3.25, 7.5, 3.5], "texture": "#0"},
				"west": {"uv": [8.5, 6.75, 8.25, 7], "texture": "#0"},
				"up": {"uv": [7.5, 4.25, 8, 4], "texture": "#0"},
				"down": {"uv": [4.75, 7.5, 5.25, 7.75], "texture": "#0"}
			}
		},
		{
			"from": [3.17981, 6.75, 8.84785],
			"to": [3.42981, 7, 10.59785],
			"rotation": {"angle": 45, "axis": "y", "origin": [4.52843, 3.80035, 5.03953]},
			"faces": {
				"north": {"uv": [8.5, 7, 8.25, 7.25], "texture": "#0"},
				"east": {"uv": [8, 5, 7.5, 5.25], "texture": "#0"},
				"south": {"uv": [7.5, 8.25, 7.25, 8.5], "texture": "#0"},
				"west": {"uv": [8, 4.75, 7.5, 5], "texture": "#0"},
				"up": {"uv": [2.25, 8, 2.5, 7.5], "texture": "#0"},
				"down": {"uv": [3.75, 7.5, 4, 8], "texture": "#0"}
			}
		},
		{
			"from": [3.63999, 6.64017, 6.48119],
			"to": [3.88999, 6.89017, 8.10619],
			"rotation": {"angle": 22.5, "axis": "y", "origin": [4.52843, 3.80035, 5.03953]},
			"faces": {
				"north": {"uv": [8.5, 7.25, 8.25, 7.5], "texture": "#0"},
				"east": {"uv": [8, 5.25, 7.5, 5.5], "texture": "#0"},
				"south": {"uv": [7.75, 8.25, 7.5, 8.5], "texture": "#0"},
				"west": {"uv": [5.75, 7.5, 5.25, 7.75], "texture": "#0"},
				"up": {"uv": [7.5, 6, 7.75, 5.5], "texture": "#0"},
				"down": {"uv": [5.75, 7.5, 6, 8], "texture": "#0"}
			}
		},
		{
			"from": [4.21925, 5.30152, 4.971],
			"to": [4.46925, 5.55152, 6.596],
			"rotation": {"angle": -22.5, "axis": "x", "origin": [4.52843, 3.80035, 5.03953]},
			"faces": {
				"north": {"uv": [8.5, 7.5, 8.25, 7.75], "texture": "#0"},
				"east": {"uv": [8, 6, 7.5, 6.25], "texture": "#0"},
				"south": {"uv": [8, 8.25, 7.75, 8.5], "texture": "#0"},
				"west": {"uv": [6.5, 7.5, 6, 7.75], "texture": "#0"},
				"up": {"uv": [7.5, 6.75, 7.75, 6.25], "texture": "#0"},
				"down": {"uv": [6.5, 7.5, 6.75, 8], "texture": "#0"}
			}
		},
		{
			"from": [4.47799, 5.13458, 3.82202],
			"to": [4.72799, 5.38458, 4.44702],
			"rotation": {"angle": 22.5, "axis": "y", "origin": [4.52843, 3.80035, 5.03953]},
			"faces": {
				"north": {"uv": [8.5, 7.75, 8.25, 8], "texture": "#0"},
				"east": {"uv": [8.5, 8.25, 8.25, 8.5], "texture": "#0"},
				"south": {"uv": [8.5, 8, 8.25, 8.25], "texture": "#0"},
				"west": {"uv": [8.25, 8.25, 8, 8.5], "texture": "#0"},
				"up": {"uv": [0, 8.75, 0.25, 8.5], "texture": "#0"},
				"down": {"uv": [8.5, 0, 8.75, 0.25], "texture": "#0"}
			}
		},
		{
			"from": [4.00098, 5.35439, 3.42411],
			"to": [4.25098, 5.60439, 4.54911],
			"rotation": {"angle": -22.5, "axis": "x", "origin": [4.52843, 3.80035, 5.03953]},
			"faces": {
				"north": {"uv": [0.5, 8.5, 0.25, 8.75], "texture": "#0"},
				"east": {"uv": [8.75, 0.5, 8.5, 0.75], "texture": "#0"},
				"south": {"uv": [0.75, 8.5, 0.5, 8.75], "texture": "#0"},
				"west": {"uv": [8.75, 0.25, 8.5, 0.5], "texture": "#0"},
				"up": {"uv": [0.75, 8.75, 1, 8.5], "texture": "#0"},
				"down": {"uv": [8.5, 0.75, 8.75, 1], "texture": "#0"}
			}
		},
		{
			"from": [12, 0.50694, -0.38969],
			"to": [14, 3.50694, 13.61031],
			"rotation": {"angle": 0, "axis": "y", "origin": [11.47157, 3.80035, 5.03953]},
			"faces": {
				"north": {"uv": [3.5, 0, 4, 0.75], "texture": "#0"},
				"east": {"uv": [0, 0, 3.5, 0.75], "texture": "#0"},
				"south": {"uv": [3.5, 0.75, 4, 1.5], "texture": "#0"},
				"west": {"uv": [0, 0.75, 3.5, 1.5], "texture": "#0"},
				"up": {"uv": [0.5, 5, 0, 1.5], "texture": "#0"},
				"down": {"uv": [1, 1.5, 0.5, 5], "texture": "#0"}
			}
		},
		{
			"from": [13.625, 0.50694, -2.38969],
			"to": [14, 3.50694, -0.38969],
			"rotation": {"angle": 0, "axis": "y", "origin": [11.47157, 3.80035, 5.03953]},
			"faces": {
				"north": {"uv": [0.75, 6.5, 1, 7.25], "texture": "#0"},
				"east": {"uv": [5.5, 4.75, 6, 5.5], "texture": "#0"},
				"south": {"uv": [6.5, 4.75, 6.75, 5.5], "texture": "#0"},
				"west": {"uv": [5.5, 5.5, 6, 6.25], "texture": "#0"},
				"up": {"uv": [5.75, 7.5, 5.5, 7], "texture": "#0"},
				"down": {"uv": [6, 7, 5.75, 7.5], "texture": "#0"}
			}
		},
		{
			"from": [12.875, 0.50694, -2.38969],
			"to": [13.125, 3.50694, -0.38969],
			"rotation": {"angle": 0, "axis": "y", "origin": [11.47157, 3.80035, 5.03953]},
			"faces": {
				"north": {"uv": [6.5, 6.25, 6.75, 7], "texture": "#0"},
				"east": {"uv": [0.5, 5.75, 1, 6.5], "texture": "#0"},
				"south": {"uv": [1, 6.75, 1.25, 7.5], "texture": "#0"},
				"west": {"uv": [5.75, 1, 6.25, 1.75], "texture": "#0"},
				"up": {"uv": [6.25, 7.5, 6, 7], "texture": "#0"},
				"down": {"uv": [7.25, 6.25, 7, 6.75], "texture": "#0"}
			}
		},
		{
			"from": [12, 0.50694, -2.38969],
			"to": [12.375, 3.50694, -0.38969],
			"rotation": {"angle": 0, "axis": "y", "origin": [11.47157, 3.80035, 5.03953]},
			"faces": {
				"north": {"uv": [1.25, 6.75, 1.5, 7.5], "texture": "#0"},
				"east": {"uv": [1.5, 5.75, 2, 6.5], "texture": "#0"},
				"south": {"uv": [6.75, 1.5, 7, 2.25], "texture": "#0"},
				"west": {"uv": [5.75, 1.75, 6.25, 2.5], "texture": "#0"},
				"up": {"uv": [6.75, 7.5, 6.5, 7], "texture": "#0"},
				"down": {"uv": [7, 7, 6.75, 7.5], "texture": "#0"}
			}
		},
		{
			"from": [11.9375, 3.00694, -2.45219],
			"to": [14.0625, 3.56944, -0.38969],
			"rotation": {"angle": 0, "axis": "y", "origin": [11.47157, 3.80035, 5.03953]},
			"faces": {
				"north": {"uv": [7, 4, 7.5, 4.25], "texture": "#0"},
				"east": {"uv": [7, 6.75, 7.5, 7], "texture": "#0"},
				"south": {"uv": [7, 7, 7.5, 7.25], "texture": "#0"},
				"west": {"uv": [1.5, 7.25, 2, 7.5], "texture": "#0"},
				"up": {"uv": [2.5, 6.75, 2, 6.25], "texture": "#0"},
				"down": {"uv": [6.75, 2, 6.25, 2.5], "texture": "#0"}
			}
		},
		{
			"from": [11.9375, 0.44444, -2.45219],
			"to": [14.0625, 1.00694, -0.38969],
			"rotation": {"angle": 0, "axis": "y", "origin": [11.47157, 3.80035, 5.03953]},
			"faces": {
				"north": {"uv": [7.25, 2.25, 7.75, 2.5], "texture": "#0"},
				"east": {"uv": [7.25, 2.5, 7.75, 2.75], "texture": "#0"},
				"south": {"uv": [7.25, 3, 7.75, 3.25], "texture": "#0"},
				"west": {"uv": [7.25, 3.5, 7.75, 3.75], "texture": "#0"},
				"up": {"uv": [6, 6.75, 5.5, 6.25], "texture": "#0"},
				"down": {"uv": [6.5, 6.25, 6, 6.75], "texture": "#0"}
			}
		},
		{
			"from": [12.625, 3.50694, 1.61031],
			"to": [13.375, 4.50694, 12.61031],
			"rotation": {"angle": 0, "axis": "y", "origin": [11.47157, 3.80035, 5.03953]},
			"faces": {
				"north": {"uv": [4.5, 8, 4.75, 8.25], "texture": "#0"},
				"east": {"uv": [5, 0, 7.75, 0.25], "texture": "#0"},
				"south": {"uv": [8, 4.5, 8.25, 4.75], "texture": "#0"},
				"west": {"uv": [5, 0.25, 7.75, 0.5], "texture": "#0"},
				"up": {"uv": [3.75, 7.5, 3.5, 4.75], "texture": "#0"},
				"down": {"uv": [4, 4.75, 3.75, 7.5], "texture": "#0"}
			}
		},
		{
			"from": [12.5, 3.625, 1.625],
			"to": [13.5, 4.375, 12.625],
			"rotation": {"angle": 0, "axis": "y", "origin": [11.47157, 3.80035, 5.03953]},
			"faces": {
				"north": {"uv": [4.75, 8, 5, 8.25], "texture": "#0"},
				"east": {"uv": [5, 0.5, 7.75, 0.75], "texture": "#0"},
				"south": {"uv": [8, 4.75, 8.25, 5], "texture": "#0"},
				"west": {"uv": [5, 0.75, 7.75, 1], "texture": "#0"},
				"up": {"uv": [0.25, 7.75, 0, 5], "texture": "#0"},
				"down": {"uv": [0.5, 5, 0.25, 7.75], "texture": "#0"}
			}
		},
		{
			"from": [12.625, 3.625, 1.25],
			"to": [13.375, 4.375, 12.75],
			"rotation": {"angle": 0, "axis": "y", "origin": [11.47157, 3.80035, 5.03953]},
			"faces": {
				"north": {"uv": [5, 8, 5.25, 8.25], "texture": "#0"},
				"east": {"uv": [1, 1.5, 4, 1.75], "texture": "#0"},
				"south": {"uv": [8, 5, 8.25, 5.25], "texture": "#0"},
				"west": {"uv": [1, 1.75, 4, 2], "texture": "#0"},
				"up": {"uv": [1.25, 5, 1, 2], "texture": "#0"},
				"down": {"uv": [1.5, 2, 1.25, 5], "texture": "#0"}
			}
		},
		{
			"from": [12.875, 3.875, 1],
			"to": [13.125, 4.125, 1.25],
			"rotation": {"angle": 0, "axis": "y", "origin": [11.47157, 3.80035, 5.03953]},
			"faces": {
				"north": {"uv": [5.25, 8, 5.5, 8.25], "texture": "#0"},
				"east": {"uv": [8, 5.25, 8.25, 5.5], "texture": "#0"},
				"south": {"uv": [5.5, 8, 5.75, 8.25], "texture": "#0"},
				"west": {"uv": [8, 5.5, 8.25, 5.75], "texture": "#0"},
				"up": {"uv": [6, 8.25, 5.75, 8], "texture": "#0"},
				"down": {"uv": [8.25, 5.75, 8, 6], "texture": "#0"}
			}
		},
		{
			"from": [10.76153, 1.54274, 9.75],
			"to": [11.01153, 8.04274, 10.5],
			"rotation": {"angle": 45, "axis": "z", "origin": [11.47157, 3.80035, 5.03953]},
			"faces": {
				"north": {"uv": [1.25, 5, 1.5, 6.75], "texture": "#0"},
				"east": {"uv": [5, 4.25, 5.25, 6], "texture": "#0"},
				"south": {"uv": [5.25, 4.25, 5.5, 6], "texture": "#0"},
				"west": {"uv": [4, 5.5, 4.25, 7.25], "texture": "#0"},
				"up": {"uv": [6.25, 8.25, 6, 8], "texture": "#0"},
				"down": {"uv": [8.25, 6, 8, 6.25], "texture": "#0"}
			}
		},
		{
			"from": [9.75, 2.4375, 9.8125],
			"to": [10, 4.5, 10.4375],
			"rotation": {"angle": 0, "axis": "y", "origin": [11.47157, 3.80035, 5.03953]},
			"faces": {
				"north": {"uv": [0.75, 7.25, 1, 7.75], "texture": "#0"},
				"east": {"uv": [2.5, 7.25, 2.75, 7.75], "texture": "#0"},
				"south": {"uv": [4, 7.25, 4.25, 7.75], "texture": "#0"},
				"west": {"uv": [4.25, 7.25, 4.5, 7.75], "texture": "#0"},
				"up": {"uv": [6.5, 8.25, 6.25, 8], "texture": "#0"},
				"down": {"uv": [8.25, 6.25, 8, 6.5], "texture": "#0"}
			}
		},
		{
			"from": [12.5917, 4.31855, 4],
			"to": [12.8417, 5.06855, 10.5],
			"rotation": {"angle": 22.5, "axis": "z", "origin": [11.47157, 3.80035, 5.03953]},
			"faces": {
				"north": {"uv": [6.5, 8, 6.75, 8.25], "texture": "#0"},
				"east": {"uv": [5.5, 4.25, 7.25, 4.5], "texture": "#0"},
				"south": {"uv": [8, 6.5, 8.25, 6.75], "texture": "#0"},
				"west": {"uv": [5.5, 4.5, 7.25, 4.75], "texture": "#0"},
				"up": {"uv": [4.5, 7.25, 4.25, 5.5], "texture": "#0"},
				"down": {"uv": [4.75, 5.5, 4.5, 7.25], "texture": "#0"}
			}
		},
		{
			"from": [12.57215, 4.22706, 2.5],
			"to": [13.07215, 5.35206, 4],
			"rotation": {"angle": 22.5, "axis": "z", "origin": [11.47157, 3.80035, 5.03953]},
			"faces": {
				"north": {"uv": [6.75, 8, 7, 8.25], "texture": "#0"},
				"east": {"uv": [7.25, 3.75, 7.75, 4], "texture": "#0"},
				"south": {"uv": [8, 6.75, 8.25, 7], "texture": "#0"},
				"west": {"uv": [7.25, 4.25, 7.75, 4.5], "texture": "#0"},
				"up": {"uv": [4.75, 7.75, 4.5, 7.25], "texture": "#0"},
				"down": {"uv": [7.5, 6.25, 7.25, 6.75], "texture": "#0"}
			}
		},
		{
			"from": [12.69715, 5.22706, 3.25],
			"to": [12.94715, 5.53956, 3.4375],
			"rotation": {"angle": 22.5, "axis": "z", "origin": [11.47157, 3.80035, 5.03953]},
			"faces": {
				"north": {"uv": [7, 8, 7.25, 8.25], "texture": "#0"},
				"east": {"uv": [8, 7, 8.25, 7.25], "texture": "#0"},
				"south": {"uv": [7.25, 8, 7.5, 8.25], "texture": "#0"},
				"west": {"uv": [8, 7.25, 8.25, 7.5], "texture": "#0"},
				"up": {"uv": [7.75, 8.25, 7.5, 8], "texture": "#0"},
				"down": {"uv": [8.25, 7.5, 8, 7.75], "texture": "#0"}
			}
		},
		{
			"from": [12.57215, 4.66456, 2],
			"to": [13.07215, 5.35206, 2.5],
			"rotation": {"angle": 22.5, "axis": "z", "origin": [11.47157, 3.80035, 5.03953]},
			"faces": {
				"north": {"uv": [7.75, 8, 8, 8.25], "texture": "#0"},
				"east": {"uv": [8, 7.75, 8.25, 8], "texture": "#0"},
				"south": {"uv": [8, 8, 8.25, 8.25], "texture": "#0"},
				"west": {"uv": [0, 8.25, 0.25, 8.5], "texture": "#0"},
				"up": {"uv": [8.5, 0.25, 8.25, 0], "texture": "#0"},
				"down": {"uv": [0.5, 8.25, 0.25, 8.5], "texture": "#0"}
			}
		},
		{
			"from": [11.92908, 5.46414, 8.75],
			"to": [12.61658, 7.46414, 11.75],
			"rotation": {"angle": 22.5, "axis": "z", "origin": [11.47157, 3.80035, 5.03953]},
			"faces": {
				"north": {"uv": [7, 7.25, 7.25, 7.75], "texture": "#0"},
				"east": {"uv": [2, 5.75, 2.75, 6.25], "texture": "#0"},
				"south": {"uv": [7.25, 7.25, 7.5, 7.75], "texture": "#0"},
				"west": {"uv": [5.75, 2.5, 6.5, 3], "texture": "#0"},
				"up": {"uv": [2.25, 7.5, 2, 6.75], "texture": "#0"},
				"down": {"uv": [2.5, 6.75, 2.25, 7.5], "texture": "#0"}
			}
		},
		{
			"from": [11.86658, 4.96414, 9.25],
			"to": [12.67908, 7.96414, 11.25],
			"rotation": {"angle": 22.5, "axis": "z", "origin": [11.47157, 3.80035, 5.03953]},
			"faces": {
				"north": {"uv": [6.75, 2.25, 7, 3], "texture": "#0"},
				"east": {"uv": [4.75, 6, 5.25, 6.75], "texture": "#0"},
				"south": {"uv": [2.75, 6.75, 3, 7.5], "texture": "#0"},
				"west": {"uv": [6, 4.75, 6.5, 5.5], "texture": "#0"},
				"up": {"uv": [0.75, 8, 0.5, 7.5], "texture": "#0"},
				"down": {"uv": [1.25, 7.5, 1, 8], "texture": "#0"}
			}
		},
		{
			"from": [11.75, 0.25, 0],
			"to": [14.25, 3.75, 1],
			"rotation": {"angle": 0, "axis": "y", "origin": [11.47157, 3.80035, 5.03953]},
			"faces": {
				"north": {"uv": [1.5, 2, 2.25, 3], "texture": "#0"},
				"east": {"uv": [2.5, 6.25, 2.75, 7.25], "texture": "#0"},
				"south": {"uv": [2.25, 2, 3, 3], "texture": "#0"},
				"west": {"uv": [0.5, 6.5, 0.75, 7.5], "texture": "#0"},
				"up": {"uv": [7.5, 5, 6.75, 4.75], "texture": "#0"},
				"down": {"uv": [7.5, 5, 6.75, 5.25], "texture": "#0"}
			}
		},
		{
			"from": [11.75, 0.25, 7],
			"to": [14.25, 3.5, 8],
			"rotation": {"angle": 0, "axis": "y", "origin": [11.47157, 3.80035, 5.03953]},
			"faces": {
				"north": {"uv": [0.5, 5, 1.25, 5.75], "texture": "#0"},
				"east": {"uv": [4.75, 6.75, 5, 7.5], "texture": "#0"},
				"south": {"uv": [5, 1, 5.75, 1.75], "texture": "#0"},
				"west": {"uv": [5, 6.75, 5.25, 7.5], "texture": "#0"},
				"up": {"uv": [7.5, 5.5, 6.75, 5.25], "texture": "#0"},
				"down": {"uv": [6.25, 6.75, 5.5, 7], "texture": "#0"}
			}
		},
		{
			"from": [13.68422, 2.39499, 7.0625],
			"to": [13.93422, 3.70749, 7.9375],
			"rotation": {"angle": 22.5, "axis": "z", "origin": [11.47157, 3.80035, 5.03953]},
			"faces": {
				"north": {"uv": [8.25, 0.25, 8.5, 0.5], "texture": "#0"},
				"east": {"uv": [0.5, 8.25, 0.75, 8.5], "texture": "#0"},
				"south": {"uv": [8.25, 0.5, 8.5, 0.75], "texture": "#0"},
				"west": {"uv": [0.75, 8.25, 1, 8.5], "texture": "#0"},
				"up": {"uv": [8.5, 1, 8.25, 0.75], "texture": "#0"},
				"down": {"uv": [1.25, 8.25, 1, 8.5], "texture": "#0"}
			}
		},
		{
			"from": [11.8443, 3.67546, 7.0625],
			"to": [12.0943, 4.86296, 7.9375],
			"rotation": {"angle": -22.5, "axis": "z", "origin": [11.47157, 3.80035, 5.03953]},
			"faces": {
				"north": {"uv": [8.25, 1, 8.5, 1.25], "texture": "#0"},
				"east": {"uv": [1.25, 8.25, 1.5, 8.5], "texture": "#0"},
				"south": {"uv": [8.25, 1.25, 8.5, 1.5], "texture": "#0"},
				"west": {"uv": [1.5, 8.25, 1.75, 8.5], "texture": "#0"},
				"up": {"uv": [8.5, 1.75, 8.25, 1.5], "texture": "#0"},
				"down": {"uv": [2, 8.25, 1.75, 8.5], "texture": "#0"}
			}
		},
		{
			"from": [12.21227, 4.52943, 7],
			"to": [13.77477, 4.77943, 8],
			"rotation": {"angle": 0, "axis": "y", "origin": [11.47157, 3.80035, 5.03953]},
			"faces": {
				"north": {"uv": [7.25, 4.5, 7.75, 4.75], "texture": "#0"},
				"east": {"uv": [8.25, 1.75, 8.5, 2], "texture": "#0"},
				"south": {"uv": [1.25, 7.5, 1.75, 7.75], "texture": "#0"},
				"west": {"uv": [2, 8.25, 2.25, 8.5], "texture": "#0"},
				"up": {"uv": [8, 1.75, 7.5, 1.5], "texture": "#0"},
				"down": {"uv": [2.25, 7.5, 1.75, 7.75], "texture": "#0"}
			}
		},
		{
			"from": [12.21227, 4.52943, 11],
			"to": [13.77477, 4.77943, 12],
			"rotation": {"angle": 0, "axis": "y", "origin": [11.47157, 3.80035, 5.03953]},
			"faces": {
				"north": {"uv": [7.5, 1.75, 8, 2], "texture": "#0"},
				"east": {"uv": [8.25, 2, 8.5, 2.25], "texture": "#0"},
				"south": {"uv": [7.5, 2, 8, 2.25], "texture": "#0"},
				"west": {"uv": [2.25, 8.25, 2.5, 8.5], "texture": "#0"},
				"up": {"uv": [3.25, 7.75, 2.75, 7.5], "texture": "#0"},
				"down": {"uv": [8, 2.75, 7.5, 3], "texture": "#0"}
			}
		},
		{
			"from": [11.8443, 3.67546, 11.0625],
			"to": [12.0943, 4.86296, 11.9375],
			"rotation": {"angle": -22.5, "axis": "z", "origin": [11.47157, 3.80035, 5.03953]},
			"faces": {
				"north": {"uv": [8.25, 2.25, 8.5, 2.5], "texture": "#0"},
				"east": {"uv": [2.5, 8.25, 2.75, 8.5], "texture": "#0"},
				"south": {"uv": [8.25, 2.5, 8.5, 2.75], "texture": "#0"},
				"west": {"uv": [2.75, 8.25, 3, 8.5], "texture": "#0"},
				"up": {"uv": [8.5, 3, 8.25, 2.75], "texture": "#0"},
				"down": {"uv": [3.25, 8.25, 3, 8.5], "texture": "#0"}
			}
		},
		{
			"from": [13.68422, 2.45749, 11.0625],
			"to": [13.93422, 3.70749, 11.9375],
			"rotation": {"angle": 22.5, "axis": "z", "origin": [11.47157, 3.80035, 5.03953]},
			"faces": {
				"north": {"uv": [8.25, 3, 8.5, 3.25], "texture": "#0"},
				"east": {"uv": [3.25, 8.25, 3.5, 8.5], "texture": "#0"},
				"south": {"uv": [8.25, 3.25, 8.5, 3.5], "texture": "#0"},
				"west": {"uv": [3.5, 8.25, 3.75, 8.5], "texture": "#0"},
				"up": {"uv": [8.5, 3.75, 8.25, 3.5], "texture": "#0"},
				"down": {"uv": [4, 8.25, 3.75, 8.5], "texture": "#0"}
			}
		},
		{
			"from": [11.75, 0.25, 11],
			"to": [14.25, 3.5, 12],
			"rotation": {"angle": 0, "axis": "y", "origin": [11.47157, 3.80035, 5.03953]},
			"faces": {
				"north": {"uv": [5, 1.75, 5.75, 2.5], "texture": "#0"},
				"east": {"uv": [6.25, 6.75, 6.5, 7.5], "texture": "#0"},
				"south": {"uv": [5, 2.5, 5.75, 3.25], "texture": "#0"},
				"west": {"uv": [6.75, 6.25, 7, 7], "texture": "#0"},
				"up": {"uv": [7.75, 1.25, 7, 1], "texture": "#0"},
				"down": {"uv": [7.75, 1.25, 7, 1.5], "texture": "#0"}
			}
		},
		{
			"from": [10.17198, 3.86742, 0.50979],
			"to": [11.42198, 4.11742, 0.75979],
			"rotation": {"angle": -22.5, "axis": "y", "origin": [11.47157, 3.80035, 5.03953]},
			"faces": {
				"north": {"uv": [8.25, 3.75, 8.5, 4], "texture": "#0"},
				"east": {"uv": [4, 8.25, 4.25, 8.5], "texture": "#0"},
				"south": {"uv": [8.25, 4, 8.5, 4.25], "texture": "#0"},
				"west": {"uv": [4.25, 8.25, 4.5, 8.5], "texture": "#0"},
				"up": {"uv": [8.5, 4.5, 8.25, 4.25], "texture": "#0"},
				"down": {"uv": [4.75, 8.25, 4.5, 8.5], "texture": "#0"}
			}
		},
		{
			"from": [11.8125, 3.99294, 0.62631],
			"to": [12.0625, 4.24294, 1.87631],
			"rotation": {"angle": 0, "axis": "y", "origin": [11.47157, 3.80035, 5.03953]},
			"faces": {
				"north": {"uv": [8.25, 4.5, 8.5, 4.75], "texture": "#0"},
				"east": {"uv": [4.75, 8.25, 5, 8.5], "texture": "#0"},
				"south": {"uv": [8.25, 4.75, 8.5, 5], "texture": "#0"},
				"west": {"uv": [5, 8.25, 5.25, 8.5], "texture": "#0"},
				"up": {"uv": [8.5, 5.25, 8.25, 5], "texture": "#0"},
				"down": {"uv": [5.5, 8.25, 5.25, 8.5], "texture": "#0"}
			}
		},
		{
			"from": [11.7552, 5.28712, 2.22596],
			"to": [12.0052, 5.53712, 3.47596],
			"rotation": {"angle": -22.5, "axis": "x", "origin": [11.47157, 3.80035, 5.03953]},
			"faces": {
				"north": {"uv": [8.25, 5.25, 8.5, 5.5], "texture": "#0"},
				"east": {"uv": [5.5, 8.25, 5.75, 8.5], "texture": "#0"},
				"south": {"uv": [8.25, 5.5, 8.5, 5.75], "texture": "#0"},
				"west": {"uv": [5.75, 8.25, 6, 8.5], "texture": "#0"},
				"up": {"uv": [8.5, 6, 8.25, 5.75], "texture": "#0"},
				"down": {"uv": [6.25, 8.25, 6, 8.5], "texture": "#0"}
			}
		},
		{
			"from": [11.53247, 4.61773, 7.04371],
			"to": [11.78247, 4.86773, 8.29371],
			"rotation": {"angle": -45, "axis": "x", "origin": [11.47157, 3.80035, 5.03953]},
			"faces": {
				"north": {"uv": [8.25, 6, 8.5, 6.25], "texture": "#0"},
				"east": {"uv": [6.25, 8.25, 6.5, 8.5], "texture": "#0"},
				"south": {"uv": [8.25, 6.25, 8.5, 6.5], "texture": "#0"},
				"west": {"uv": [6.5, 8.25, 6.75, 8.5], "texture": "#0"},
				"up": {"uv": [8.5, 6.75, 8.25, 6.5], "texture": "#0"},
				"down": {"uv": [7, 8.25, 6.75, 8.5], "texture": "#0"}
			}
		},
		{
			"from": [8.33018, 6.70267, 7.54226],
			"to": [9.95518, 6.95267, 7.79226],
			"rotation": {"angle": 22.5, "axis": "y", "origin": [11.47157, 3.80035, 5.03953]},
			"faces": {
				"north": {"uv": [3.25, 7.5, 3.75, 7.75], "texture": "#0"},
				"east": {"uv": [8.25, 6.75, 8.5, 7], "texture": "#0"},
				"south": {"uv": [7.5, 3.25, 8, 3.5], "texture": "#0"},
				"west": {"uv": [7, 8.25, 7.25, 8.5], "texture": "#0"},
				"up": {"uv": [8, 4.25, 7.5, 4], "texture": "#0"},
				"down": {"uv": [5.25, 7.5, 4.75, 7.75], "texture": "#0"}
			}
		},
		{
			"from": [12.57019, 6.75, 8.84785],
			"to": [12.82019, 7, 10.59785],
			"rotation": {"angle": -45, "axis": "y", "origin": [11.47157, 3.80035, 5.03953]},
			"faces": {
				"north": {"uv": [8.25, 7, 8.5, 7.25], "texture": "#0"},
				"east": {"uv": [7.5, 4.75, 8, 5], "texture": "#0"},
				"south": {"uv": [7.25, 8.25, 7.5, 8.5], "texture": "#0"},
				"west": {"uv": [7.5, 5, 8, 5.25], "texture": "#0"},
				"up": {"uv": [2.5, 8, 2.25, 7.5], "texture": "#0"},
				"down": {"uv": [4, 7.5, 3.75, 8], "texture": "#0"}
			}
		},
		{
			"from": [12.11001, 6.64017, 6.48119],
			"to": [12.36001, 6.89017, 8.10619],
			"rotation": {"angle": -22.5, "axis": "y", "origin": [11.47157, 3.80035, 5.03953]},
			"faces": {
				"north": {"uv": [8.25, 7.25, 8.5, 7.5], "texture": "#0"},
				"east": {"uv": [5.25, 7.5, 5.75, 7.75], "texture": "#0"},
				"south": {"uv": [7.5, 8.25, 7.75, 8.5], "texture": "#0"},
				"west": {"uv": [7.5, 5.25, 8, 5.5], "texture": "#0"},
				"up": {"uv": [7.75, 6, 7.5, 5.5], "texture": "#0"},
				"down": {"uv": [6, 7.5, 5.75, 8], "texture": "#0"}
			}
		},
		{
			"from": [11.53075, 5.30152, 4.971],
			"to": [11.78075, 5.55152, 6.596],
			"rotation": {"angle": -22.5, "axis": "x", "origin": [11.47157, 3.80035, 5.03953]},
			"faces": {
				"north": {"uv": [8.25, 7.5, 8.5, 7.75], "texture": "#0"},
				"east": {"uv": [6, 7.5, 6.5, 7.75], "texture": "#0"},
				"south": {"uv": [7.75, 8.25, 8, 8.5], "texture": "#0"},
				"west": {"uv": [7.5, 6, 8, 6.25], "texture": "#0"},
				"up": {"uv": [7.75, 6.75, 7.5, 6.25], "texture": "#0"},
				"down": {"uv": [6.75, 7.5, 6.5, 8], "texture": "#0"}
			}
		},
		{
			"from": [11.27201, 5.13458, 3.82202],
			"to": [11.52201, 5.38458, 4.44702],
			"rotation": {"angle": -22.5, "axis": "y", "origin": [11.47157, 3.80035, 5.03953]},
			"faces": {
				"north": {"uv": [8.25, 7.75, 8.5, 8], "texture": "#0"},
				"east": {"uv": [8, 8.25, 8.25, 8.5], "texture": "#0"},
				"south": {"uv": [8.25, 8, 8.5, 8.25], "texture": "#0"},
				"west": {"uv": [8.25, 8.25, 8.5, 8.5], "texture": "#0"},
				"up": {"uv": [0.25, 8.75, 0, 8.5], "texture": "#0"},
				"down": {"uv": [8.75, 0, 8.5, 0.25], "texture": "#0"}
			}
		},
		{
			"from": [11.74902, 5.35439, 3.42411],
			"to": [11.99902, 5.60439, 4.54911],
			"rotation": {"angle": -22.5, "axis": "x", "origin": [11.47157, 3.80035, 5.03953]},
			"faces": {
				"north": {"uv": [0.25, 8.5, 0.5, 8.75], "texture": "#0"},
				"east": {"uv": [8.5, 0.25, 8.75, 0.5], "texture": "#0"},
				"south": {"uv": [0.5, 8.5, 0.75, 8.75], "texture": "#0"},
				"west": {"uv": [8.5, 0.5, 8.75, 0.75], "texture": "#0"},
				"up": {"uv": [1, 8.75, 0.75, 8.5], "texture": "#0"},
				"down": {"uv": [8.75, 0.75, 8.5, 1], "texture": "#0"}
			}
		},
		{
			"from": [7, 5.23947, 8.19813],
			"to": [9, 7.23947, 8.44813],
			"rotation": {"angle": 0, "axis": "y", "origin": [9.25, 3.48302, 7.0726]},
			"faces": {
				"north": {"uv": [6.5, 1, 7, 1.5], "texture": "#0"},
				"east": {"uv": [6.75, 7.5, 7, 8], "texture": "#0"},
				"south": {"uv": [1.5, 6.5, 2, 7], "texture": "#0"},
				"west": {"uv": [7.5, 6.75, 7.75, 7.25], "texture": "#0"},
				"up": {"uv": [8, 7.5, 7.5, 7.25], "texture": "#0"},
				"down": {"uv": [8, 7.5, 7.5, 7.75], "texture": "#0"}
			}
		},
		{
			"from": [7.75, 5.75, 8.375],
			"to": [8.25, 6.5, 9.875],
			"faces": {
				"north": {"uv": [1, 8.5, 1.25, 8.75], "texture": "#0"},
				"east": {"uv": [0, 7.75, 0.5, 8], "texture": "#0"},
				"south": {"uv": [8.5, 1, 8.75, 1.25], "texture": "#0"},
				"west": {"uv": [7.75, 0, 8.25, 0.25], "texture": "#0"},
				"up": {"uv": [8, 0.75, 7.75, 0.25], "texture": "#0"},
				"down": {"uv": [1, 7.75, 0.75, 8.25], "texture": "#0"}
			}
		},
		{
			"from": [5, 6, 9.75],
			"to": [11, 7, 10.75],
			"rotation": {"angle": 0, "axis": "y", "origin": [0, 0, 0.75]},
			"faces": {
				"north": {"uv": [5.75, 3, 7.25, 3.25], "texture": "#0"},
				"east": {"uv": [1.25, 8.5, 1.5, 8.75], "texture": "#0"},
				"south": {"uv": [6, 5.5, 7.5, 5.75], "texture": "#0"},
				"west": {"uv": [8.5, 1.25, 8.75, 1.5], "texture": "#0"},
				"up": {"uv": [7.5, 6, 6, 5.75], "texture": "#0"},
				"down": {"uv": [7.5, 6, 6, 6.25], "texture": "#0"}
			}
		},
		{
			"from": [4, 2.25, 9.6875],
			"to": [12, 2.5, 10.5625],
			"rotation": {"angle": 0, "axis": "y", "origin": [0, 0, 0.75]},
			"faces": {
				"north": {"uv": [5, 3.25, 7, 3.5], "texture": "#0"},
				"east": {"uv": [1.5, 8.5, 1.75, 8.75], "texture": "#0"},
				"south": {"uv": [5, 3.5, 7, 3.75], "texture": "#0"},
				"west": {"uv": [8.5, 1.5, 8.75, 1.75], "texture": "#0"},
				"up": {"uv": [7, 4, 5, 3.75], "texture": "#0"},
				"down": {"uv": [7, 4, 5, 4.25], "texture": "#0"}
			}
		},
		{
			"from": [7.3125, 7, 9.6875],
			"to": [8.6875, 7.8125, 10.8125],
			"faces": {
				"north": {"uv": [1.75, 8.5, 2, 8.75], "texture": "#0"},
				"east": {"uv": [8.5, 1.75, 8.75, 2], "texture": "#0"},
				"south": {"uv": [2, 8.5, 2.25, 8.75], "texture": "#0"},
				"west": {"uv": [8.5, 2, 8.75, 2.25], "texture": "#0"},
				"up": {"uv": [2.5, 8.75, 2.25, 8.5], "texture": "#0"},
				"down": {"uv": [8.75, 2.25, 8.5, 2.5], "texture": "#0"}
			}
		},
		{
			"from": [7.4375, 7, 9.5625],
			"to": [8.5625, 7.875, 10.9375],
			"faces": {
				"north": {"uv": [2.5, 8.5, 2.75, 8.75], "texture": "#0"},
				"east": {"uv": [8.5, 2.5, 8.75, 2.75], "texture": "#0"},
				"south": {"uv": [2.75, 8.5, 3, 8.75], "texture": "#0"},
				"west": {"uv": [8.5, 2.75, 8.75, 3], "texture": "#0"},
				"up": {"uv": [3.25, 8.75, 3, 8.5], "texture": "#0"},
				"down": {"uv": [8.75, 3, 8.5, 3.25], "texture": "#0"}
			}
		},
		{
			"from": [3.25626, 2.16995, -2.65566],
			"to": [3.44376, 2.35745, 10.48184],
			"rotation": {"angle": 0, "axis": "y", "origin": [8.00001, 3.02776, 10.7209]},
			"faces": {
				"north": {"uv": [7.5, 7.75, 7.25, 8], "texture": "#0"},
				"east": {"uv": [3, 2, 3.25, 4.75], "rotation": 270, "texture": "#0"},
				"south": {"uv": [8, 7.25, 7.75, 7], "rotation": 180, "texture": "#0"},
				"west": {"uv": [1.75, 3, 2, 5.75], "rotation": 90, "texture": "#0"},
				"up": {"uv": [2, 3, 2.25, 5.75], "rotation": 180, "texture": "#0"},
				"down": {"uv": [1.5, 3, 1.75, 5.75], "texture": "#0"}
			}
		},
		{
			"from": [3.15626, 1.31995, -3.01816],
			"to": [3.54376, 2.45745, -2.26816],
			"rotation": {"angle": 0, "axis": "y", "origin": [8.00001, 3.02776, 10.7209]},
			"faces": {
				"north": {"uv": [2.5, 9.75, 2, 11.25], "texture": "#0"},
				"east": {"uv": [1.5, 9, 0, 10], "rotation": 270, "texture": "#0"},
				"south": {"uv": [2, 11.25, 1.5, 9.75], "rotation": 180, "texture": "#0"},
				"west": {"uv": [0, 9, 1.5, 10], "rotation": 90, "texture": "#0"},
				"up": {"uv": [0, 10.25, 0.5, 11.25], "rotation": 180, "texture": "#0"},
				"down": {"uv": [0.5, 10.25, 1, 11.25], "texture": "#0"}
			}
		},
		{
			"from": [3.25626, 2.06995, -3.36816],
			"to": [3.44376, 2.45745, -3.01816],
			"rotation": {"angle": 0, "axis": "y", "origin": [8.00001, 3.02776, 10.7209]},
			"faces": {
				"north": {"uv": [2.5, 9.75, 2, 10.25], "texture": "#0"},
				"east": {"uv": [0.5, 9, 0, 10], "rotation": 270, "texture": "#0"},
				"south": {"uv": [2, 11.25, 1.5, 9.75], "rotation": 180, "texture": "#0"},
				"west": {"uv": [0, 9, 0.5, 10], "rotation": 90, "texture": "#0"},
				"up": {"uv": [0, 10.25, 0.5, 11.25], "rotation": 180, "texture": "#0"},
				"down": {"uv": [0.5, 10.25, 1, 11.25], "texture": "#0"}
			}
		},
		{
			"from": [3.25626, 1.31995, -3.36816],
			"to": [3.44376, 1.70745, -3.01816],
			"rotation": {"angle": 0, "axis": "y", "origin": [8.00001, 3.02776, 10.7209]},
			"faces": {
				"north": {"uv": [2.5, 10.75, 2, 11.25], "texture": "#0"},
				"east": {"uv": [1.5, 9, 1, 10], "rotation": 270, "texture": "#0"},
				"south": {"uv": [2, 11.25, 1.5, 9.75], "rotation": 180, "texture": "#0"},
				"west": {"uv": [1, 9, 1.5, 10], "rotation": 90, "texture": "#0"},
				"up": {"uv": [0, 10.25, 0.5, 11.25], "rotation": 180, "texture": "#0"},
				"down": {"uv": [0.5, 10.25, 1, 11.25], "texture": "#0"}
			}
		},
		{
			"from": [3.25626, 1.98245, -2.56816],
			"to": [3.44376, 2.16995, 10.60684],
			"rotation": {"angle": 0, "axis": "y", "origin": [8.00001, 3.02776, 10.7209]},
			"faces": {
				"north": {"uv": [8, 7.75, 7.75, 8], "texture": "#0"},
				"east": {"uv": [3.25, 2, 3.5, 4.75], "rotation": 270, "texture": "#0"},
				"south": {"uv": [7.75, 8, 7.5, 7.75], "rotation": 180, "texture": "#0"},
				"west": {"uv": [2.5, 3, 2.75, 5.75], "rotation": 90, "texture": "#0"},
				"up": {"uv": [2.75, 3, 3, 5.75], "rotation": 180, "texture": "#0"},
				"down": {"uv": [2.25, 3, 2.5, 5.75], "texture": "#0"}
			}
		},
		{
			"from": [3.25626, 1.79495, -2.46816],
			"to": [3.44376, 1.98245, 10.73184],
			"rotation": {"angle": 0, "axis": "y", "origin": [8.00001, 3.02776, 10.7209]},
			"faces": {
				"north": {"uv": [0.5, 8, 0.25, 8.25], "texture": "#0"},
				"east": {"uv": [4, 2.75, 4.25, 5.5], "rotation": 270, "texture": "#0"},
				"south": {"uv": [0.25, 8.25, 0, 8], "rotation": 180, "texture": "#0"},
				"west": {"uv": [3.75, 2, 4, 4.75], "rotation": 90, "texture": "#0"},
				"up": {"uv": [4, 0, 4.25, 2.75], "rotation": 180, "texture": "#0"},
				"down": {"uv": [3.5, 2, 3.75, 4.75], "texture": "#0"}
			}
		},
		{
			"from": [3.30438, 1.60745, -2.36816],
			"to": [3.39188, 1.79495, 10.85684],
			"rotation": {"angle": 0, "axis": "y", "origin": [8.00001, 3.02776, 10.7209]},
			"faces": {
				"north": {"uv": [0.75, 8, 0.5, 8.25], "texture": "#0"},
				"east": {"uv": [4.5, 2.75, 4.75, 5.5], "rotation": 270, "texture": "#0"},
				"south": {"uv": [8.25, 0.5, 8, 0.25], "rotation": 180, "texture": "#0"},
				"west": {"uv": [4.25, 2.75, 4.5, 5.5], "rotation": 90, "texture": "#0"},
				"up": {"uv": [4.5, 0, 4.75, 2.75], "rotation": 180, "texture": "#0"},
				"down": {"uv": [4.25, 0, 4.5, 2.75], "texture": "#0"}
			}
		},
		{
			"from": [3.35188, 1.41995, -2.26816],
			"to": [3.35188, 1.60745, 10.98184],
			"rotation": {"angle": 0, "axis": "y", "origin": [8.00001, 3.02776, 10.7209]},
			"faces": {
				"north": {"uv": [8.25, 0.75, 8, 1], "texture": "#0"},
				"east": {"uv": [3.25, 4.75, 3.5, 7.5], "rotation": 270, "texture": "#0"},
				"south": {"uv": [8.25, 0.75, 8, 0.5], "rotation": 180, "texture": "#0"},
				"west": {"uv": [4.75, 2.75, 5, 5.5], "rotation": 90, "texture": "#0"},
				"up": {"uv": [3, 4.75, 3.25, 7.5], "rotation": 180, "texture": "#0"},
				"down": {"uv": [4.75, 0, 5, 2.75], "texture": "#0"}
			}
		},
		{
			"from": [12.55624, 2.16995, -2.65566],
			"to": [12.74374, 2.35745, 10.48184],
			"rotation": {"angle": 0, "axis": "y", "origin": [8, 3.02776, 10.7209]},
			"faces": {
				"north": {"uv": [7.25, 7.75, 7.5, 8], "texture": "#0"},
				"east": {"uv": [1.75, 5.75, 2, 3], "rotation": 90, "texture": "#0"},
				"south": {"uv": [7.75, 7.25, 8, 7], "rotation": 180, "texture": "#0"},
				"west": {"uv": [3, 4.75, 3.25, 2], "rotation": 270, "texture": "#0"},
				"up": {"uv": [2.25, 3, 2, 5.75], "rotation": 180, "texture": "#0"},
				"down": {"uv": [1.75, 3, 1.5, 5.75], "texture": "#0"}
			}
		},
		{
			"from": [12.45624, 1.31995, -3.01816],
			"to": [12.84374, 2.45745, -2.26816],
			"rotation": {"angle": 0, "axis": "y", "origin": [8, 3.02776, 10.7209]},
			"faces": {
				"north": {"uv": [2, 9.75, 2.5, 11.25], "texture": "#0"},
				"east": {"uv": [0, 10, 1.5, 9], "rotation": 90, "texture": "#0"},
				"south": {"uv": [1.5, 11.25, 2, 9.75], "rotation": 180, "texture": "#0"},
				"west": {"uv": [1.5, 10, 0, 9], "rotation": 270, "texture": "#0"},
				"up": {"uv": [0.5, 10.25, 0, 11.25], "rotation": 180, "texture": "#0"},
				"down": {"uv": [1, 10.25, 0.5, 11.25], "texture": "#0"}
			}
		},
		{
			"from": [12.55624, 2.06995, -3.36816],
			"to": [12.74374, 2.45745, -3.01816],
			"rotation": {"angle": 0, "axis": "y", "origin": [8, 3.02776, 10.7209]},
			"faces": {
				"north": {"uv": [2, 9.75, 2.5, 10.25], "texture": "#0"},
				"east": {"uv": [0, 10, 0.5, 9], "rotation": 90, "texture": "#0"},
				"south": {"uv": [1.5, 11.25, 2, 9.75], "rotation": 180, "texture": "#0"},
				"west": {"uv": [0.5, 10, 0, 9], "rotation": 270, "texture": "#0"},
				"up": {"uv": [0.5, 10.25, 0, 11.25], "rotation": 180, "texture": "#0"},
				"down": {"uv": [1, 10.25, 0.5, 11.25], "texture": "#0"}
			}
		},
		{
			"from": [12.55624, 1.31995, -3.36816],
			"to": [12.74374, 1.70745, -3.01816],
			"rotation": {"angle": 0, "axis": "y", "origin": [8, 3.02776, 10.7209]},
			"faces": {
				"north": {"uv": [2, 10.75, 2.5, 11.25], "texture": "#0"},
				"east": {"uv": [1, 10, 1.5, 9], "rotation": 90, "texture": "#0"},
				"south": {"uv": [1.5, 11.25, 2, 9.75], "rotation": 180, "texture": "#0"},
				"west": {"uv": [1.5, 10, 1, 9], "rotation": 270, "texture": "#0"},
				"up": {"uv": [0.5, 10.25, 0, 11.25], "rotation": 180, "texture": "#0"},
				"down": {"uv": [1, 10.25, 0.5, 11.25], "texture": "#0"}
			}
		},
		{
			"from": [12.55624, 1.98245, -2.56816],
			"to": [12.74374, 2.16995, 10.60684],
			"rotation": {"angle": 0, "axis": "y", "origin": [8, 3.02776, 10.7209]},
			"faces": {
				"north": {"uv": [7.75, 7.75, 8, 8], "texture": "#0"},
				"east": {"uv": [2.5, 5.75, 2.75, 3], "rotation": 90, "texture": "#0"},
				"south": {"uv": [7.5, 8, 7.75, 7.75], "rotation": 180, "texture": "#0"},
				"west": {"uv": [3.25, 4.75, 3.5, 2], "rotation": 270, "texture": "#0"},
				"up": {"uv": [3, 3, 2.75, 5.75], "rotation": 180, "texture": "#0"},
				"down": {"uv": [2.5, 3, 2.25, 5.75], "texture": "#0"}
			}
		},
		{
			"from": [12.55624, 1.79495, -2.46816],
			"to": [12.74374, 1.98245, 10.73184],
			"rotation": {"angle": 0, "axis": "y", "origin": [8, 3.02776, 10.7209]},
			"faces": {
				"north": {"uv": [0.25, 8, 0.5, 8.25], "texture": "#0"},
				"east": {"uv": [3.75, 4.75, 4, 2], "rotation": 90, "texture": "#0"},
				"south": {"uv": [0, 8.25, 0.25, 8], "rotation": 180, "texture": "#0"},
				"west": {"uv": [4, 5.5, 4.25, 2.75], "rotation": 270, "texture": "#0"},
				"up": {"uv": [4.25, 0, 4, 2.75], "rotation": 180, "texture": "#0"},
				"down": {"uv": [3.75, 2, 3.5, 4.75], "texture": "#0"}
			}
		},
		{
			"from": [12.60812, 1.60745, -2.36816],
			"to": [12.69562, 1.79495, 10.85684],
			"rotation": {"angle": 0, "axis": "y", "origin": [8, 3.02776, 10.7209]},
			"faces": {
				"north": {"uv": [0.5, 8, 0.75, 8.25], "texture": "#0"},
				"east": {"uv": [4.25, 5.5, 4.5, 2.75], "rotation": 90, "texture": "#0"},
				"south": {"uv": [8, 0.5, 8.25, 0.25], "rotation": 180, "texture": "#0"},
				"west": {"uv": [4.5, 5.5, 4.75, 2.75], "rotation": 270, "texture": "#0"},
				"up": {"uv": [4.75, 0, 4.5, 2.75], "rotation": 180, "texture": "#0"},
				"down": {"uv": [4.5, 0, 4.25, 2.75], "texture": "#0"}
			}
		},
		{
			"from": [12.64812, 1.41995, -2.26816],
			"to": [12.64812, 1.60745, 10.98184],
			"rotation": {"angle": 0, "axis": "y", "origin": [8, 3.02776, 10.7209]},
			"faces": {
				"north": {"uv": [8, 0.75, 8.25, 1], "texture": "#0"},
				"east": {"uv": [4.75, 5.5, 5, 2.75], "rotation": 90, "texture": "#0"},
				"south": {"uv": [8, 0.75, 8.25, 0.5], "rotation": 180, "texture": "#0"},
				"west": {"uv": [3.25, 7.5, 3.5, 4.75], "rotation": 270, "texture": "#0"},
				"up": {"uv": [3.25, 4.75, 3, 7.5], "rotation": 180, "texture": "#0"},
				"down": {"uv": [5, 0, 4.75, 2.75], "texture": "#0"}
			}
		},
		{
			"from": [2.50626, 2.16995, -2.65566],
			"to": [2.69376, 2.35745, 10.48184],
			"rotation": {"angle": 0, "axis": "y", "origin": [8.00001, 3.02776, 10.7209]},
			"faces": {
				"north": {"uv": [7.5, 7.75, 7.25, 8], "texture": "#0"},
				"east": {"uv": [3, 2, 3.25, 4.75], "rotation": 270, "texture": "#0"},
				"south": {"uv": [8, 7.25, 7.75, 7], "rotation": 180, "texture": "#0"},
				"west": {"uv": [1.75, 3, 2, 5.75], "rotation": 90, "texture": "#0"},
				"up": {"uv": [2, 3, 2.25, 5.75], "rotation": 180, "texture": "#0"},
				"down": {"uv": [1.5, 3, 1.75, 5.75], "texture": "#0"}
			}
		},
		{
			"from": [2.40626, 1.31995, -3.01816],
			"to": [2.79376, 2.45745, -2.26816],
			"rotation": {"angle": 0, "axis": "y", "origin": [8.00001, 3.02776, 10.7209]},
			"faces": {
				"north": {"uv": [2.5, 9.75, 2, 11.25], "texture": "#0"},
				"east": {"uv": [1.5, 9, 0, 10], "rotation": 270, "texture": "#0"},
				"south": {"uv": [2, 11.25, 1.5, 9.75], "rotation": 180, "texture": "#0"},
				"west": {"uv": [0, 9, 1.5, 10], "rotation": 90, "texture": "#0"},
				"up": {"uv": [0, 10.25, 0.5, 11.25], "rotation": 180, "texture": "#0"},
				"down": {"uv": [0.5, 10.25, 1, 11.25], "texture": "#0"}
			}
		},
		{
			"from": [2.50626, 2.06995, -3.36816],
			"to": [2.69376, 2.45745, -3.01816],
			"rotation": {"angle": 0, "axis": "y", "origin": [8.00001, 3.02776, 10.7209]},
			"faces": {
				"north": {"uv": [2.5, 9.75, 2, 10.25], "texture": "#0"},
				"east": {"uv": [0.5, 9, 0, 10], "rotation": 270, "texture": "#0"},
				"south": {"uv": [2, 11.25, 1.5, 9.75], "rotation": 180, "texture": "#0"},
				"west": {"uv": [0, 9, 0.5, 10], "rotation": 90, "texture": "#0"},
				"up": {"uv": [0, 10.25, 0.5, 11.25], "rotation": 180, "texture": "#0"},
				"down": {"uv": [0.5, 10.25, 1, 11.25], "texture": "#0"}
			}
		},
		{
			"from": [2.50626, 1.31995, -3.36816],
			"to": [2.69376, 1.70745, -3.01816],
			"rotation": {"angle": 0, "axis": "y", "origin": [8.00001, 3.02776, 10.7209]},
			"faces": {
				"north": {"uv": [2.5, 10.75, 2, 11.25], "texture": "#0"},
				"east": {"uv": [1.5, 9, 1, 10], "rotation": 270, "texture": "#0"},
				"south": {"uv": [2, 11.25, 1.5, 9.75], "rotation": 180, "texture": "#0"},
				"west": {"uv": [1, 9, 1.5, 10], "rotation": 90, "texture": "#0"},
				"up": {"uv": [0, 10.25, 0.5, 11.25], "rotation": 180, "texture": "#0"},
				"down": {"uv": [0.5, 10.25, 1, 11.25], "texture": "#0"}
			}
		},
		{
			"from": [2.50626, 1.98245, -2.56816],
			"to": [2.69376, 2.16995, 10.60684],
			"rotation": {"angle": 0, "axis": "y", "origin": [8.00001, 3.02776, 10.7209]},
			"faces": {
				"north": {"uv": [8, 7.75, 7.75, 8], "texture": "#0"},
				"east": {"uv": [3.25, 2, 3.5, 4.75], "rotation": 270, "texture": "#0"},
				"south": {"uv": [7.75, 8, 7.5, 7.75], "rotation": 180, "texture": "#0"},
				"west": {"uv": [2.5, 3, 2.75, 5.75], "rotation": 90, "texture": "#0"},
				"up": {"uv": [2.75, 3, 3, 5.75], "rotation": 180, "texture": "#0"},
				"down": {"uv": [2.25, 3, 2.5, 5.75], "texture": "#0"}
			}
		},
		{
			"from": [2.50626, 1.79495, -2.46816],
			"to": [2.69376, 1.98245, 10.73184],
			"rotation": {"angle": 0, "axis": "y", "origin": [8.00001, 3.02776, 10.7209]},
			"faces": {
				"north": {"uv": [0.5, 8, 0.25, 8.25], "texture": "#0"},
				"east": {"uv": [4, 2.75, 4.25, 5.5], "rotation": 270, "texture": "#0"},
				"south": {"uv": [0.25, 8.25, 0, 8], "rotation": 180, "texture": "#0"},
				"west": {"uv": [3.75, 2, 4, 4.75], "rotation": 90, "texture": "#0"},
				"up": {"uv": [4, 0, 4.25, 2.75], "rotation": 180, "texture": "#0"},
				"down": {"uv": [3.5, 2, 3.75, 4.75], "texture": "#0"}
			}
		},
		{
			"from": [2.55438, 1.60745, -2.36816],
			"to": [2.64188, 1.79495, 10.85684],
			"rotation": {"angle": 0, "axis": "y", "origin": [8.00001, 3.02776, 10.7209]},
			"faces": {
				"north": {"uv": [0.75, 8, 0.5, 8.25], "texture": "#0"},
				"east": {"uv": [4.5, 2.75, 4.75, 5.5], "rotation": 270, "texture": "#0"},
				"south": {"uv": [8.25, 0.5, 8, 0.25], "rotation": 180, "texture": "#0"},
				"west": {"uv": [4.25, 2.75, 4.5, 5.5], "rotation": 90, "texture": "#0"},
				"up": {"uv": [4.5, 0, 4.75, 2.75], "rotation": 180, "texture": "#0"},
				"down": {"uv": [4.25, 0, 4.5, 2.75], "texture": "#0"}
			}
		},
		{
			"from": [2.60188, 1.41995, -2.26816],
			"to": [2.60188, 1.60745, 10.98184],
			"rotation": {"angle": 0, "axis": "y", "origin": [8.00001, 3.02776, 10.7209]},
			"faces": {
				"north": {"uv": [8.25, 0.75, 8, 1], "texture": "#0"},
				"east": {"uv": [3.25, 4.75, 3.5, 7.5], "rotation": 270, "texture": "#0"},
				"south": {"uv": [8.25, 0.75, 8, 0.5], "rotation": 180, "texture": "#0"},
				"west": {"uv": [4.75, 2.75, 5, 5.5], "rotation": 90, "texture": "#0"},
				"up": {"uv": [3, 4.75, 3.25, 7.5], "rotation": 180, "texture": "#0"},
				"down": {"uv": [4.75, 0, 5, 2.75], "texture": "#0"}
			}
		},
		{
			"from": [13.30624, 2.16995, -2.65566],
			"to": [13.49374, 2.35745, 10.48184],
			"rotation": {"angle": 0, "axis": "y", "origin": [8, 3.02776, 10.7209]},
			"faces": {
				"north": {"uv": [7.25, 7.75, 7.5, 8], "texture": "#0"},
				"east": {"uv": [1.75, 5.75, 2, 3], "rotation": 90, "texture": "#0"},
				"south": {"uv": [7.75, 7.25, 8, 7], "rotation": 180, "texture": "#0"},
				"west": {"uv": [3, 4.75, 3.25, 2], "rotation": 270, "texture": "#0"},
				"up": {"uv": [2.25, 3, 2, 5.75], "rotation": 180, "texture": "#0"},
				"down": {"uv": [1.75, 3, 1.5, 5.75], "texture": "#0"}
			}
		},
		{
			"from": [13.20624, 1.31995, -3.01816],
			"to": [13.59374, 2.45745, -2.26816],
			"rotation": {"angle": 0, "axis": "y", "origin": [8, 3.02776, 10.7209]},
			"faces": {
				"north": {"uv": [2, 9.75, 2.5, 11.25], "texture": "#0"},
				"east": {"uv": [0, 10, 1.5, 9], "rotation": 90, "texture": "#0"},
				"south": {"uv": [1.5, 11.25, 2, 9.75], "rotation": 180, "texture": "#0"},
				"west": {"uv": [1.5, 10, 0, 9], "rotation": 270, "texture": "#0"},
				"up": {"uv": [0.5, 10.25, 0, 11.25], "rotation": 180, "texture": "#0"},
				"down": {"uv": [1, 10.25, 0.5, 11.25], "texture": "#0"}
			}
		},
		{
			"from": [13.30624, 2.06995, -3.36816],
			"to": [13.49374, 2.45745, -3.01816],
			"rotation": {"angle": 0, "axis": "y", "origin": [8, 3.02776, 10.7209]},
			"faces": {
				"north": {"uv": [2, 9.75, 2.5, 10.25], "texture": "#0"},
				"east": {"uv": [0, 10, 0.5, 9], "rotation": 90, "texture": "#0"},
				"south": {"uv": [1.5, 11.25, 2, 9.75], "rotation": 180, "texture": "#0"},
				"west": {"uv": [0.5, 10, 0, 9], "rotation": 270, "texture": "#0"},
				"up": {"uv": [0.5, 10.25, 0, 11.25], "rotation": 180, "texture": "#0"},
				"down": {"uv": [1, 10.25, 0.5, 11.25], "texture": "#0"}
			}
		},
		{
			"from": [13.30624, 1.31995, -3.36816],
			"to": [13.49374, 1.70745, -3.01816],
			"rotation": {"angle": 0, "axis": "y", "origin": [8, 3.02776, 10.7209]},
			"faces": {
				"north": {"uv": [2, 10.75, 2.5, 11.25], "texture": "#0"},
				"east": {"uv": [1, 10, 1.5, 9], "rotation": 90, "texture": "#0"},
				"south": {"uv": [1.5, 11.25, 2, 9.75], "rotation": 180, "texture": "#0"},
				"west": {"uv": [1.5, 10, 1, 9], "rotation": 270, "texture": "#0"},
				"up": {"uv": [0.5, 10.25, 0, 11.25], "rotation": 180, "texture": "#0"},
				"down": {"uv": [1, 10.25, 0.5, 11.25], "texture": "#0"}
			}
		},
		{
			"from": [13.30624, 1.98245, -2.56816],
			"to": [13.49374, 2.16995, 10.60684],
			"rotation": {"angle": 0, "axis": "y", "origin": [8, 3.02776, 10.7209]},
			"faces": {
				"north": {"uv": [7.75, 7.75, 8, 8], "texture": "#0"},
				"east": {"uv": [2.5, 5.75, 2.75, 3], "rotation": 90, "texture": "#0"},
				"south": {"uv": [7.5, 8, 7.75, 7.75], "rotation": 180, "texture": "#0"},
				"west": {"uv": [3.25, 4.75, 3.5, 2], "rotation": 270, "texture": "#0"},
				"up": {"uv": [3, 3, 2.75, 5.75], "rotation": 180, "texture": "#0"},
				"down": {"uv": [2.5, 3, 2.25, 5.75], "texture": "#0"}
			}
		},
		{
			"from": [13.30624, 1.79495, -2.46816],
			"to": [13.49374, 1.98245, 10.73184],
			"rotation": {"angle": 0, "axis": "y", "origin": [8, 3.02776, 10.7209]},
			"faces": {
				"north": {"uv": [0.25, 8, 0.5, 8.25], "texture": "#0"},
				"east": {"uv": [3.75, 4.75, 4, 2], "rotation": 90, "texture": "#0"},
				"south": {"uv": [0, 8.25, 0.25, 8], "rotation": 180, "texture": "#0"},
				"west": {"uv": [4, 5.5, 4.25, 2.75], "rotation": 270, "texture": "#0"},
				"up": {"uv": [4.25, 0, 4, 2.75], "rotation": 180, "texture": "#0"},
				"down": {"uv": [3.75, 2, 3.5, 4.75], "texture": "#0"}
			}
		},
		{
			"from": [13.35812, 1.60745, -2.36816],
			"to": [13.44562, 1.79495, 10.85684],
			"rotation": {"angle": 0, "axis": "y", "origin": [8, 3.02776, 10.7209]},
			"faces": {
				"north": {"uv": [0.5, 8, 0.75, 8.25], "texture": "#0"},
				"east": {"uv": [4.25, 5.5, 4.5, 2.75], "rotation": 90, "texture": "#0"},
				"south": {"uv": [8, 0.5, 8.25, 0.25], "rotation": 180, "texture": "#0"},
				"west": {"uv": [4.5, 5.5, 4.75, 2.75], "rotation": 270, "texture": "#0"},
				"up": {"uv": [4.75, 0, 4.5, 2.75], "rotation": 180, "texture": "#0"},
				"down": {"uv": [4.5, 0, 4.25, 2.75], "texture": "#0"}
			}
		},
		{
			"from": [13.39812, 1.41995, -2.26816],
			"to": [13.39812, 1.60745, 10.98184],
			"rotation": {"angle": 0, "axis": "y", "origin": [8, 3.02776, 10.7209]},
			"faces": {
				"north": {"uv": [8, 0.75, 8.25, 1], "texture": "#0"},
				"east": {"uv": [4.75, 5.5, 5, 2.75], "rotation": 90, "texture": "#0"},
				"south": {"uv": [8, 0.75, 8.25, 0.5], "rotation": 180, "texture": "#0"},
				"west": {"uv": [3.25, 7.5, 3.5, 4.75], "rotation": 270, "texture": "#0"},
				"up": {"uv": [3.25, 4.75, 3, 7.5], "rotation": 180, "texture": "#0"},
				"down": {"uv": [5, 0, 4.75, 2.75], "texture": "#0"}
			}
		}
	],
	"display": {
		"thirdperson_righthand": {
			"rotation": [69, 0, 0],
			"translation": [-6, -6.5, 4.25]
		},
		"thirdperson_lefthand": {
			"rotation": [69, 0, 0],
			"translation": [-6, -6.5, 4.25]
		},
		"firstperson_righthand": {
			"rotation": [-1.5, 0, 0],
			"translation": [-8.9, 7, 9.75],
			"scale": [1.15, 1, 1]
		},
		"firstperson_lefthand": {
			"rotation": [-1.5, 0, 0],
			"translation": [-8.9, 7, 9.75],
			"scale": [1.15, 1, 1]
		},
		"ground": {
			"translation": [0, 5.5, 2.5]
		},
		"gui": {
			"rotation": [27, 58, 19],
			"translation": [1.25, 1.75, 0],
			"scale": [0.9, 0.9, 0.9]
		},
		"fixed": {
			"rotation": [-90, 0, 0],
			"translation": [0.5, 5.75, -29.75],
			"scale": [4, 4, 4]
		}
	},
	"groups": [
		{
			"name": "group",
			"origin": [8, 8, 8],
			"color": 0,
			"children": [
				{
					"name": "trigger",
					"origin": [0, 0, 0],
					"color": 0,
					"children": [
						{
							"name": "rope",
							"origin": [0, 0, 0],
							"color": 0,
							"children": [0, 1, 2, 3, 4, 5]
						},
						{
							"name": "spear",
							"origin": [0, 0, 0],
							"color": 0,
							"children": [
								6,
								{
									"name": "group",
									"origin": [17, 6.7, 1.2],
									"color": 0,
									"children": [7, 8, 9, 10, 11, 12, 13, 14]
								},
								{
									"name": "group",
									"origin": [17, 6.7, 1.2],
									"color": 0,
									"children": [15, 16, 17, 18, 19, 20, 21, 22]
								}
							]
						},
						{
							"name": "group",
							"origin": [0, 0, 0],
							"color": 0,
							"children": [23, 24, 25, 26, 27]
						}
					]
				},
				{
					"name": "all",
					"origin": [8, 8, 8],
					"color": 0,
					"children": [
						{
							"name": "side",
							"origin": [0, 0, 0],
							"color": 0,
							"children": [
								{
									"name": "case",
									"origin": [0, 0, 0],
									"color": 0,
									"children": [28, 29, 30, 31, 32, 33]
								},
								{
									"name": "gas",
									"origin": [9.25, 3.48302, 7.0726],
									"color": 0,
									"children": [34, 35, 36, 37]
								},
								38,
								39,
								{
									"name": "attach",
									"origin": [0, 0, 0],
									"color": 0,
									"children": [40, 41, 42, 43, 44, 45]
								},
								{
									"name": "enhancements",
									"origin": [0, 0, 0],
									"color": 0,
									"children": [46, 47, 48, 49, 50, 51, 52, 53, 54]
								},
								{
									"name": "rope",
									"origin": [0, 0, 0],
									"color": 0,
									"children": [55, 56, 57, 58, 59, 60, 61, 62, 63, 64]
								}
							]
						},
						{
							"name": "side",
							"origin": [0, 0, 0],
							"color": 0,
							"children": [
								{
									"name": "case",
									"origin": [0, 0, 0],
									"color": 0,
									"children": [65, 66, 67, 68, 69, 70]
								},
								{
									"name": "gas",
									"origin": [9.25, 3.48302, 7.0726],
									"color": 0,
									"children": [71, 72, 73, 74]
								},
								75,
								76,
								{
									"name": "attach",
									"origin": [0, 0, 0],
									"color": 0,
									"children": [77, 78, 79, 80, 81, 82]
								},
								{
									"name": "enhancements",
									"origin": [0, 0, 0],
									"color": 0,
									"children": [83, 84, 85, 86, 87, 88, 89, 90, 91]
								},
								{
									"name": "rope",
									"origin": [0, 0, 0],
									"color": 0,
									"children": [92, 93, 94, 95, 96, 97, 98, 99, 100, 101]
								}
							]
						},
						{
							"name": "support",
							"origin": [9.25, 3.48302, 7.0726],
							"color": 0,
							"children": [102, 103, 104, 105, 106, 107]
						}
					]
				}
			]
		},
		{
			"name": "group",
			"origin": [8, 8, 8],
			"color": 0,
			"children": [108, 109, 110, 111, 112, 113, 114, 115]
		},
		{
			"name": "group",
			"origin": [8, 8, 8],
			"color": 0,
			"children": [116, 117, 118, 119, 120, 121, 122, 123]
		},
		{
			"name": "group",
			"origin": [8, 8, 8],
			"color": 0,
			"children": [124, 125, 126, 127, 128, 129, 130, 131]
		},
		{
			"name": "group",
			"origin": [8, 8, 8],
			"color": 0,
			"children": [132, 133, 134, 135, 136, 137, 138, 139]
		}
	]
}