{
    "display": {
        "title": {
            "translate": "Captain",
            "color": "gold"
        },
        "description": {
            "translate": "aot.adv.200",
            "color": "dark_purple",
            "obfuscated": true
        },
        "icon": {
            "id": "minecraft:player_head",
            "components": {
                "profile": {
                    "name":"Shadow251012"
                }
            }
        },
        "frame": "challenge",
        "show_toast": true,
        "announce_to_chat": true
    },
    "criteria": {
        "unlock": {
            "trigger": "minecraft:impossible"
        }
    },
    "parent": "snc:titan/100"
}