{
	"credit": "Made with Blockbench",
	"texture_size": [64, 64],
	"textures": {
		"0": "custom/manuever",
		"particle": "custom/manuever"
	},
	"elements": [
		{
			"from": [7.90625, -6.1375, 3.25],
			"to": [8.09375, 7, 3.4375],
			"rotation": {"angle": -45, "axis": "x", "origin": [13.96875, 9.5, -0.5]},
			"faces": {
				"north": {"uv": [1.5, 3, 1.75, 5.75], "texture": "#0"},
				"east": {"uv": [1.75, 3, 2, 5.75], "texture": "#0"},
				"south": {"uv": [2, 3, 2.25, 5.75], "texture": "#0"},
				"west": {"uv": [3, 2, 3.25, 4.75], "texture": "#0"},
				"up": {"uv": [8, 7.25, 7.75, 7], "texture": "#0"},
				"down": {"uv": [7.5, 7.75, 7.25, 8], "texture": "#0"}
			}
		},
		{
			"from": [7.80625, -6.5, 2.4],
			"to": [8.19375, -5.75, 3.5375],
			"rotation": {"angle": -45, "axis": "x", "origin": [13.96875, 9.5, -0.5]},
			"faces": {
				"north": {"uv": [0.5, 10.25, 1, 11.25], "texture": "#0"},
				"east": {"uv": [0, 9, 1.5, 10], "texture": "#0"},
				"south": {"uv": [0, 10.25, 0.5, 11.25], "texture": "#0"},
				"west": {"uv": [1.5, 9, 0, 10], "texture": "#0"},
				"up": {"uv": [2, 11.25, 1.5, 9.75], "texture": "#0"},
				"down": {"uv": [2.5, 9.75, 2, 11.25], "texture": "#0"}
			}
		},
		{
			"from": [7.90625, -6.85, 3.15],
			"to": [8.09375, -6.5, 3.5375],
			"rotation": {"angle": -45, "axis": "x", "origin": [13.96875, 9.5, -0.5]},
			"faces": {
				"north": {"uv": [0.5, 10.25, 1, 11.25], "texture": "#0"},
				"east": {"uv": [0, 9, 0.5, 10], "texture": "#0"},
				"south": {"uv": [0, 10.25, 0.5, 11.25], "texture": "#0"},
				"west": {"uv": [0.5, 9, 0, 10], "texture": "#0"},
				"up": {"uv": [2, 11.25, 1.5, 9.75], "texture": "#0"},
				"down": {"uv": [2.5, 9.75, 2, 10.25], "texture": "#0"}
			}
		},
		{
			"from": [7.90625, -6.85, 2.4],
			"to": [8.09375, -6.5, 2.7875],
			"rotation": {"angle": -45, "axis": "x", "origin": [13.96875, 9.5, -0.5]},
			"faces": {
				"north": {"uv": [0.5, 10.25, 1, 11.25], "texture": "#0"},
				"east": {"uv": [1, 9, 1.5, 10], "texture": "#0"},
				"south": {"uv": [0, 10.25, 0.5, 11.25], "texture": "#0"},
				"west": {"uv": [1.5, 9, 1, 10], "texture": "#0"},
				"up": {"uv": [2, 11.25, 1.5, 9.75], "texture": "#0"},
				"down": {"uv": [2.5, 10.75, 2, 11.25], "texture": "#0"}
			}
		},
		{
			"from": [7.90625, -6.05, 3.0625],
			"to": [8.09375, 7.125, 3.25],
			"rotation": {"angle": -45, "axis": "x", "origin": [13.96875, 9.5, -0.5]},
			"faces": {
				"north": {"uv": [2.25, 3, 2.5, 5.75], "texture": "#0"},
				"east": {"uv": [2.5, 3, 2.75, 5.75], "texture": "#0"},
				"south": {"uv": [2.75, 3, 3, 5.75], "texture": "#0"},
				"west": {"uv": [3.25, 2, 3.5, 4.75], "texture": "#0"},
				"up": {"uv": [7.75, 8, 7.5, 7.75], "texture": "#0"},
				"down": {"uv": [8, 7.75, 7.75, 8], "texture": "#0"}
			}
		},
		{
			"from": [7.90625, -5.95, 2.875],
			"to": [8.09375, 7.25, 3.0625],
			"rotation": {"angle": -45, "axis": "x", "origin": [13.96875, 9.5, -0.5]},
			"faces": {
				"north": {"uv": [3.5, 2, 3.75, 4.75], "texture": "#0"},
				"east": {"uv": [3.75, 2, 4, 4.75], "texture": "#0"},
				"south": {"uv": [4, 0, 4.25, 2.75], "texture": "#0"},
				"west": {"uv": [4, 2.75, 4.25, 5.5], "texture": "#0"},
				"up": {"uv": [0.25, 8.25, 0, 8], "texture": "#0"},
				"down": {"uv": [0.5, 8, 0.25, 8.25], "texture": "#0"}
			}
		},
		{
			"from": [7.95813, -5.85, 2.6875],
			"to": [8.04563, 7.375, 2.875],
			"rotation": {"angle": -45, "axis": "x", "origin": [14.47688, 9.5, -0.5]},
			"faces": {
				"north": {"uv": [4.25, 0, 4.5, 2.75], "texture": "#0"},
				"east": {"uv": [4.25, 2.75, 4.5, 5.5], "texture": "#0"},
				"south": {"uv": [4.5, 0, 4.75, 2.75], "texture": "#0"},
				"west": {"uv": [4.5, 2.75, 4.75, 5.5], "texture": "#0"},
				"up": {"uv": [8.25, 0.5, 8, 0.25], "texture": "#0"},
				"down": {"uv": [0.75, 8, 0.5, 8.25], "texture": "#0"}
			}
		},
		{
			"from": [7.99813, -5.75, 2.5],
			"to": [7.99813, 7.5, 2.6875],
			"rotation": {"angle": -45, "axis": "x", "origin": [13.95813, 9.5, -0.5]},
			"faces": {
				"north": {"uv": [4.75, 0, 5, 2.75], "texture": "#0"},
				"east": {"uv": [4.75, 2.75, 5, 5.5], "texture": "#0"},
				"south": {"uv": [3, 4.75, 3.25, 7.5], "texture": "#0"},
				"west": {"uv": [3.25, 4.75, 3.5, 7.5], "texture": "#0"},
				"up": {"uv": [8.25, 0.75, 8, 0.5], "texture": "#0"},
				"down": {"uv": [8.25, 0.75, 8, 1], "texture": "#0"}
			}
		}
	],
	"gui_light": "front",
	"display": {
		"thirdperson_righthand": {
			"rotation": [43.5, 0, 0],
			"translation": [0.25, 5.25, 2.75]
		},
		"thirdperson_lefthand": {
			"rotation": [43.5, 0, 0],
			"translation": [0.25, 5.25, 2.75]
		},
		"firstperson_righthand": {
			"rotation": [35, 0, 0],
			"translation": [0, 8.75, 4]
		},
		"firstperson_lefthand": {
			"rotation": [35, 0, 0],
			"translation": [0, 8.75, 4]
		},
		"ground": {
			"translation": [0, 4.5, 0]
		},
		"gui": {
			"rotation": [0, -90, 0],
			"translation": [0.75, 4, 0],
			"scale": [1.5, 1.5, 1.5]
		},
		"fixed": {
			"rotation": [0, 90, 0],
			"translation": [-1.75, 7.5, -4],
			"scale": [4, 2.3, 2.3]
		}
	},
	"groups": [
		{
			"name": "group",
			"origin": [8, 8, 8],
			"color": 0,
			"children": [0, 1, 2, 3, 4, 5, 6, 7]
		}
	]
}