{
	"credit": "Made with Blockbench",
	"texture_size": [32, 32],
	"textures": {
		"1": "custom/odm/spear"
	},
	"elements": [
		{
			"from": [7.575, 30.6, 2.66935],
			"to": [8.475, 31, 3.56935],
			"rotation": {"angle": 22.5, "axis": "x", "origin": [8.025, 10.2819, 3.12027]},
			"faces": {
				"north": {"uv": [6.5, 5, 7, 5.5], "texture": "#1"},
				"east": {"uv": [5.5, 6.5, 6, 7], "texture": "#1"},
				"south": {"uv": [6.5, 5.5, 7, 6], "texture": "#1"},
				"west": {"uv": [6, 6.5, 6.5, 7], "texture": "#1"},
				"up": {"uv": [7, 6.5, 6.5, 6], "texture": "#1"},
				"down": {"uv": [7, 6.5, 6.5, 7], "texture": "#1"}
			}
		},
		{
			"from": [7.475, 31, 2.56935],
			"to": [8.575, 31.5, 3.66935],
			"rotation": {"angle": 22.5, "axis": "x", "origin": [8.025, 10.2819, 3.12027]},
			"faces": {
				"north": {"uv": [6.5, 3.5, 7, 4], "texture": "#1"},
				"east": {"uv": [4, 6.5, 4.5, 7], "texture": "#1"},
				"south": {"uv": [6.5, 4, 7, 4.5], "texture": "#1"},
				"west": {"uv": [4.5, 6.5, 5, 7], "texture": "#1"},
				"up": {"uv": [7, 5, 6.5, 4.5], "texture": "#1"},
				"down": {"uv": [5.5, 6.5, 5, 7], "texture": "#1"}
			}
		},
		{
			"from": [7.475, 2.41867, 2.56935],
			"to": [8.475, 30.6, 3.56935],
			"rotation": {"angle": 22.5, "axis": "x", "origin": [8.025, 10.2819, 3.12027]},
			"faces": {
				"north": {"uv": [0, 0, 0.5, 14], "texture": "#1"},
				"east": {"uv": [0.5, 0, 1, 14], "texture": "#1"},
				"south": {"uv": [1, 0, 1.5, 14], "texture": "#1"},
				"west": {"uv": [1.5, 0, 2, 14], "texture": "#1"},
				"up": {"uv": [7, 3.5, 6.5, 3], "texture": "#1"},
				"down": {"uv": [4, 6.5, 3.5, 7], "texture": "#1"}
			}
		},
		{
			"from": [7.525, 3.37, -1.39],
			"to": [8.425, 4.05, -0.71],
			"rotation": {"angle": -22.5, "axis": "x", "origin": [8.025, 6.05516, 1.3695]},
			"faces": {
				"north": {"uv": [6.5, 1.5, 7, 2], "texture": "#1"},
				"east": {"uv": [2, 6.5, 2.5, 7], "texture": "#1"},
				"south": {"uv": [6.5, 2, 7, 2.5], "texture": "#1"},
				"west": {"uv": [2.5, 6.5, 3, 7], "texture": "#1"},
				"up": {"uv": [7, 3, 6.5, 2.5], "texture": "#1"},
				"down": {"uv": [3.5, 6.5, 3, 7], "texture": "#1"}
			}
		}
	],
	"display": {
		"thirdperson_righthand": {
			"rotation": [157, 0, 0],
			"translation": [-0.5, 4.75, -4.75]
		},
		"thirdperson_lefthand": {
			"rotation": [157, 0, 0],
			"translation": [-0.5, 4.75, -4.75]
		},
		"firstperson_righthand": {
			"rotation": [100, 0, 0],
			"translation": [0.25, 0, 0]
		},
		"firstperson_lefthand": {
			"rotation": [100, 0, 0],
			"translation": [0.25, 0, 0]
		},
		"ground": {
			"rotation": [67.5, 0, 0],
			"translation": [0, -7.5, -7.25]
		},
		"gui": {
			"rotation": [-41, 164, 25],
			"translation": [-3, -9, 0],
			"scale": [1.1, 1.1, 1.1]
		},
		"head": {
			"rotation": [-112.5, 0, 0],
			"translation": [0, 7.35, 0],
			"scale": [1.37, 1.37, 1.37]
		},
		"fixed": {
			"rotation": [0, -33, 42],
			"translation": [3.75, -6.25, 4]
		}
	},
	"groups": [
		{
			"name": "group",
			"origin": [8, 8, 8],
			"color": 0,
			"children": [
				{
					"name": "thunder",
					"origin": [-8.925, 0, 0],
					"color": 0,
					"children": [0, 1, 2, 3]
				}
			]
		}
	]
}