{
	"credit": "Made with Blockbench",
	"texture_size": [32, 32],
	"textures": {
		"1": "custom/manuever",
		"2": "custom/odm/leather_layer_1",
		"3": "custom/odm/leather_layer_1_overlay",
		"5": "custom/odm/leather_layer_2",
		"6": "custom/odm/arm_eldian",
		"particle": "custom/odm/cape"
	},
	"elements": [
		{
			"from": [3.75, 9, 5.75],
			"to": [12.25, 21, 10.25],
			"rotation": {"angle": 0, "axis": "y", "origin": [1, 8, 8]},
			"faces": {
				"north": {"uv": [5, 10, 7, 15.5], "texture": "#5"},
				"east": {"uv": [4, 10, 5, 15.5], "texture": "#5"},
				"south": {"uv": [7, 10, 9, 15.5], "texture": "#5"},
				"west": {"uv": [9, 10, 10, 15.5], "texture": "#5"},
				"up": {"uv": [7, 10, 5, 8], "texture": "#5"},
				"down": {"uv": [7, 8.25, 5, 9.25], "texture": "#5"}
			}
		},
		{
			"from": [3.5, 9.25, 5.5],
			"to": [12.5, 21.25, 10.75],
			"rotation": {"angle": 0, "axis": "y", "origin": [1, 8, 8]},
			"faces": {
				"north": {"uv": [5, 10, 7, 15.75], "texture": "#3"},
				"east": {"uv": [4, 10, 5, 15.75], "texture": "#3"},
				"south": {"uv": [8, 10, 10, 15.75], "texture": "#3"},
				"west": {"uv": [7, 10, 8, 15.75], "texture": "#3"},
				"up": {"uv": [7, 10, 5, 8], "texture": "#3"},
				"down": {"uv": [7, 6.75, 5, 8], "texture": "#3"}
			}
		},
		{
			"from": [12, 9, 6],
			"to": [16, 21, 10],
			"rotation": {"angle": 0, "axis": "x", "origin": [14.1875, 15.5625, 8]},
			"faces": {
				"north": {"uv": [0, 0, 2, 6], "texture": "#6"},
				"east": {"uv": [2, 0, 4, 6], "texture": "#6"},
				"south": {"uv": [4, 0, 6, 6], "texture": "#6"},
				"west": {"uv": [0, 6, 2, 12], "texture": "#6"},
				"up": {"uv": [8, 2, 6, 0], "texture": "#6"},
				"down": {"uv": [4, 6, 2, 8], "texture": "#6"}
			}
		},
		{
			"from": [11.75, 11.25, 5.25],
			"to": [16.75, 21.5, 10.75],
			"shade": false,
			"rotation": {"angle": 0, "axis": "x", "origin": [14.1875, 15.5625, 8]},
			"faces": {
				"north": {"uv": [12, 10, 13, 15.5], "texture": "#3"},
				"east": {"uv": [10, 10, 11, 15.5], "texture": "#3"},
				"south": {"uv": [13, 10, 14, 15.5], "texture": "#3"},
				"west": {"uv": [11, 10, 12, 15.5], "texture": "#3"},
				"up": {"uv": [12, 10, 11, 8], "texture": "#3"},
				"down": {"uv": [13, 8.75, 12, 10], "texture": "#3"}
			}
		},
		{
			"from": [0, 9, 6],
			"to": [4, 21, 10],
			"rotation": {"angle": 0, "axis": "y", "origin": [1.8125, 15.5625, 8]},
			"faces": {
				"north": {"uv": [2, 0, 0, 6], "texture": "#6"},
				"east": {"uv": [2, 6, 0, 12], "texture": "#6"},
				"south": {"uv": [6, 0, 4, 6], "texture": "#6"},
				"west": {"uv": [4, 0, 2, 6], "texture": "#6"},
				"up": {"uv": [6, 2, 8, 0], "texture": "#6"},
				"down": {"uv": [2, 6, 4, 8], "texture": "#6"}
			}
		},
		{
			"from": [-0.75, 11.25, 5.25],
			"to": [4.25, 21.5, 10.75],
			"shade": false,
			"rotation": {"angle": 0, "axis": "y", "origin": [1.8125, 15.5625, 8]},
			"faces": {
				"north": {"uv": [13, 10, 12, 15.5], "texture": "#3"},
				"east": {"uv": [12, 10, 11, 15.5], "texture": "#3"},
				"south": {"uv": [14, 10, 13, 15.5], "texture": "#3"},
				"west": {"uv": [11, 10, 10, 15.5], "texture": "#3"},
				"up": {"uv": [11, 10, 12, 8], "texture": "#3"},
				"down": {"uv": [12, 8.75, 13, 10], "texture": "#3"}
			}
		},
		{
			"from": [8, -3, 5.75],
			"to": [12.25, 9, 10.25],
			"rotation": {"angle": 0, "axis": "y", "origin": [10.1875, 1, 8]},
			"faces": {
				"north": {"uv": [1, 10, 2, 15.5], "texture": "#5"},
				"east": {"uv": [0, 10, 1, 15.5], "texture": "#5"},
				"south": {"uv": [3, 10, 4, 15.5], "texture": "#5"},
				"west": {"uv": [2, 10, 3, 15.5], "texture": "#5"},
				"up": {"uv": [2, 10, 1, 8], "texture": "#5"},
				"down": {"uv": [3, 9, 2, 10], "texture": "#5"}
			}
		},
		{
			"name": "leg",
			"from": [8, -3, 5.5],
			"to": [12.5, 1, 10.5],
			"shade": false,
			"rotation": {"angle": 0, "axis": "y", "origin": [10.1875, 1, 8]},
			"faces": {
				"north": {"uv": [1, 14, 2, 16], "texture": "#2"},
				"east": {"uv": [0, 14, 1, 16], "texture": "#2"},
				"south": {"uv": [3, 14, 4, 16], "texture": "#2"},
				"west": {"uv": [2, 14, 3, 16], "texture": "#2"},
				"up": {"uv": [1, 12.5, 0, 11.25], "texture": "#2"},
				"down": {"uv": [3, 8, 2, 10], "texture": "#2"}
			}
		},
		{
			"from": [3.75, -3, 5.75],
			"to": [8, 9, 10.25],
			"rotation": {"angle": 0, "axis": "y", "origin": [5.8125, 1, 8]},
			"faces": {
				"north": {"uv": [2, 10, 1, 15.5], "texture": "#5"},
				"east": {"uv": [3, 10, 2, 15.5], "texture": "#5"},
				"south": {"uv": [4, 10, 3, 15.5], "texture": "#5"},
				"west": {"uv": [1, 10, 0, 15.5], "texture": "#5"},
				"up": {"uv": [1, 10, 2, 8], "texture": "#5"},
				"down": {"uv": [2, 9, 3, 10], "texture": "#5"}
			}
		},
		{
			"name": "leg",
			"from": [3.5, -3, 5.5],
			"to": [8, 1, 10.5],
			"shade": false,
			"rotation": {"angle": 0, "axis": "y", "origin": [5.8125, 1, 8]},
			"faces": {
				"north": {"uv": [2, 14, 1, 16], "texture": "#2"},
				"east": {"uv": [3, 14, 2, 16], "texture": "#2"},
				"south": {"uv": [4, 14, 3, 16], "texture": "#2"},
				"west": {"uv": [1, 14, 0, 16], "texture": "#2"},
				"up": {"uv": [0, 12.5, 1, 11.25], "texture": "#2"},
				"down": {"uv": [2, 8, 3, 10], "texture": "#2"}
			}
		},
		{
			"from": [13.125, 16.01258, 7.91229],
			"to": [13.875, 16.76258, 8.28729],
			"rotation": {"angle": 22.5, "axis": "x", "origin": [13.37593, 14.49693, 3.00086]},
			"faces": {
				"north": {"uv": [1.75, 8, 1.5, 7.75], "rotation": 180, "texture": "#1"},
				"east": {"uv": [7.75, 1, 8, 1.25], "rotation": 90, "texture": "#1"},
				"south": {"uv": [2, 7.75, 1.75, 8], "texture": "#1"},
				"west": {"uv": [7.75, 1.25, 8, 1.5], "rotation": 270, "texture": "#1"},
				"up": {"uv": [1.25, 7.75, 1.5, 8], "texture": "#1"},
				"down": {"uv": [7.75, 0.75, 8, 1], "rotation": 180, "texture": "#1"}
			}
		},
		{
			"from": [13, 10.93783, 4.7444],
			"to": [14, 11.93783, 8.6194],
			"rotation": {"angle": 22.5, "axis": "x", "origin": [13.37593, 14.49693, 3.00086]},
			"faces": {
				"north": {"uv": [2.25, 8, 2, 7.75], "rotation": 180, "texture": "#1"},
				"east": {"uv": [2.75, 5.75, 3, 6.75], "rotation": 90, "texture": "#1"},
				"south": {"uv": [8, 2.25, 7.75, 2.5], "texture": "#1"},
				"west": {"uv": [6.25, 1, 6.5, 2], "rotation": 270, "texture": "#1"},
				"up": {"uv": [5.25, 6, 5.5, 7], "texture": "#1"},
				"down": {"uv": [1, 5.75, 1.25, 6.75], "rotation": 180, "texture": "#1"}
			}
		},
		{
			"from": [13, 9.93783, 4.7444],
			"to": [14, 10.93783, 6.1194],
			"rotation": {"angle": 22.5, "axis": "x", "origin": [13.37593, 14.49693, 3.00086]},
			"faces": {
				"north": {"uv": [8, 3.25, 7.75, 3], "rotation": 180, "texture": "#1"},
				"east": {"uv": [5, 8.5, 4, 9.75], "rotation": 90, "texture": "#1"},
				"south": {"uv": [3.5, 7.75, 3.25, 8], "texture": "#1"},
				"west": {"uv": [4, 8.5, 5, 9.75], "rotation": 270, "texture": "#1"},
				"up": {"uv": [2.75, 7.75, 3, 8], "texture": "#1"},
				"down": {"uv": [2.5, 7.75, 2.75, 8], "rotation": 180, "texture": "#1"}
			}
		},
		{
			"from": [13.25, 10.18783, 5.7444],
			"to": [13.25, 10.93783, 7.1194],
			"rotation": {"angle": 22.5, "axis": "x", "origin": [13.37593, 14.49693, 3.00086]},
			"faces": {
				"north": {"uv": [8, 3.25, 7.75, 3], "rotation": 180, "texture": "#1"},
				"east": {"uv": [3.5, 9, 2.75, 10.25], "rotation": 90, "texture": "#1"},
				"south": {"uv": [3.5, 7.75, 3.25, 8], "texture": "#1"},
				"west": {"uv": [2.75, 9, 3.5, 10.25], "rotation": 270, "texture": "#1"},
				"up": {"uv": [2.75, 7.75, 3, 8], "texture": "#1"},
				"down": {"uv": [2.5, 7.75, 2.75, 8], "rotation": 180, "texture": "#1"}
			}
		},
		{
			"from": [13.0625, 10.00355, 4.53038],
			"to": [13.9375, 11.87855, 4.78038],
			"rotation": {"angle": 22.5, "axis": "x", "origin": [13.37593, 14.49693, 3.00086]},
			"faces": {
				"north": {"uv": [5, 6, 4.75, 5.5], "rotation": 180, "texture": "#1"},
				"east": {"uv": [1.5, 7, 2, 7.25], "rotation": 90, "texture": "#1"},
				"south": {"uv": [6.75, 1.5, 6.5, 2], "texture": "#1"},
				"west": {"uv": [7, 1.5, 7.5, 1.75], "rotation": 270, "texture": "#1"},
				"up": {"uv": [7, 7.75, 7.25, 8], "texture": "#1"},
				"down": {"uv": [7.75, 6.75, 8, 7], "rotation": 180, "texture": "#1"}
			}
		},
		{
			"from": [13.375, 8.375, 5],
			"to": [13.625, 8.625, 6.25],
			"rotation": {"angle": 45, "axis": "x", "origin": [13.5, 8.5, 7.5]},
			"faces": {
				"north": {"uv": [1, 8, 1.25, 8.25], "texture": "#1"},
				"east": {"uv": [8, 1, 8.25, 1.25], "texture": "#1"},
				"south": {"uv": [1.25, 8, 1.5, 8.25], "texture": "#1"},
				"west": {"uv": [8, 1.25, 8.25, 1.5], "texture": "#1"},
				"up": {"uv": [1.75, 8.25, 1.5, 8], "texture": "#1"},
				"down": {"uv": [8.25, 1.5, 8, 1.75], "texture": "#1"}
			}
		},
		{
			"from": [13.375, 8.875, 6.25],
			"to": [13.625, 9.125, 7.5],
			"rotation": {"angle": 22.5, "axis": "x", "origin": [13.5, 8.5, 7.5]},
			"faces": {
				"north": {"uv": [1.75, 8, 2, 8.25], "texture": "#1"},
				"east": {"uv": [8, 1.75, 8.25, 2], "texture": "#1"},
				"south": {"uv": [2, 8, 2.25, 8.25], "texture": "#1"},
				"west": {"uv": [8, 2, 8.25, 2.25], "texture": "#1"},
				"up": {"uv": [2.5, 8.25, 2.25, 8], "texture": "#1"},
				"down": {"uv": [8.25, 2.25, 8, 2.5], "texture": "#1"}
			}
		},
		{
			"from": [13.375, 8.875, 7.5],
			"to": [13.625, 9.125, 8.75],
			"rotation": {"angle": -22.5, "axis": "y", "origin": [13.5, 8.5, 7.5]},
			"faces": {
				"north": {"uv": [2.5, 8, 2.75, 8.25], "texture": "#1"},
				"east": {"uv": [8, 2.5, 8.25, 2.75], "texture": "#1"},
				"south": {"uv": [2.75, 8, 3, 8.25], "texture": "#1"},
				"west": {"uv": [8, 2.75, 8.25, 3], "texture": "#1"},
				"up": {"uv": [3.25, 8.25, 3, 8], "texture": "#1"},
				"down": {"uv": [8.25, 3, 8, 3.25], "texture": "#1"}
			}
		},
		{
			"from": [12.90747, 9.375, 8.60727],
			"to": [13.15747, 9.625, 9.85727],
			"rotation": {"angle": -45, "axis": "x", "origin": [12.78247, 9, 9.23227]},
			"faces": {
				"north": {"uv": [3.25, 8, 3.5, 8.25], "texture": "#1"},
				"east": {"uv": [8, 3.25, 8.25, 3.5], "texture": "#1"},
				"south": {"uv": [3.5, 8, 3.75, 8.25], "texture": "#1"},
				"west": {"uv": [8, 3.5, 8.25, 3.75], "texture": "#1"},
				"up": {"uv": [4, 8.25, 3.75, 8], "texture": "#1"},
				"down": {"uv": [8.25, 3.75, 8, 4], "texture": "#1"}
			}
		},
		{
			"from": [12.90747, 9.625, 9.10727],
			"to": [13.15747, 9.875, 10.73227],
			"rotation": {"angle": -22.5, "axis": "y", "origin": [12.78247, 9, 9.23227]},
			"faces": {
				"north": {"uv": [4, 8, 4.25, 8.25], "texture": "#1"},
				"east": {"uv": [7, 1.75, 7.5, 2], "texture": "#1"},
				"south": {"uv": [8, 4, 8.25, 4.25], "texture": "#1"},
				"west": {"uv": [7, 2, 7.5, 2.25], "texture": "#1"},
				"up": {"uv": [6.75, 3, 6.5, 2.5], "texture": "#1"},
				"down": {"uv": [7.25, 2.25, 7, 2.75], "texture": "#1"}
			}
		},
		{
			"from": [12.31441, 9.625, 10.65126],
			"to": [12.56441, 9.875, 12.40126],
			"rotation": {"angle": -45, "axis": "y", "origin": [12.43941, 9.75, 10.71376]},
			"faces": {
				"north": {"uv": [4.25, 8, 4.5, 8.25], "texture": "#1"},
				"east": {"uv": [7, 2.75, 7.5, 3], "texture": "#1"},
				"south": {"uv": [8, 4.25, 8.25, 4.5], "texture": "#1"},
				"west": {"uv": [7, 3.25, 7.5, 3.5], "texture": "#1"},
				"up": {"uv": [7.25, 4, 7, 3.5], "texture": "#1"},
				"down": {"uv": [5.5, 7, 5.25, 7.5], "texture": "#1"}
			}
		},
		{
			"from": [13.40625, 11.18783, -8.14837],
			"to": [13.59375, 11.37533, 4.98913],
			"rotation": {"angle": 22.5, "axis": "x", "origin": [13.37593, 14.49693, 3.00086]},
			"faces": {
				"north": {"uv": [7.75, 7.25, 8, 7], "rotation": 180, "texture": "#1"},
				"east": {"uv": [3.25, 2, 3, 4.75], "rotation": 90, "texture": "#1"},
				"south": {"uv": [7.25, 7.75, 7.5, 8], "texture": "#1"},
				"west": {"uv": [2, 3, 1.75, 5.75], "rotation": 270, "texture": "#1"},
				"up": {"uv": [2.25, 3, 2, 5.75], "texture": "#1"},
				"down": {"uv": [1.75, 3, 1.5, 5.75], "rotation": 180, "texture": "#1"}
			}
		},
		{
			"from": [13.30625, 10.33783, 4.60163],
			"to": [13.69375, 11.47533, 5.35163],
			"rotation": {"angle": 22.5, "axis": "x", "origin": [13.37593, 14.49693, 3.00086]},
			"faces": {
				"north": {"uv": [1.5, 11.25, 2, 9.75], "rotation": 180, "texture": "#1"},
				"east": {"uv": [0, 9, 1.5, 10], "rotation": 90, "texture": "#1"},
				"south": {"uv": [2, 9.75, 2.5, 11.25], "texture": "#1"},
				"west": {"uv": [1.5, 9, 0, 10], "rotation": 270, "texture": "#1"},
				"up": {"uv": [0.5, 10.25, 0, 11.25], "texture": "#1"},
				"down": {"uv": [1, 10.25, 0.5, 11.25], "rotation": 180, "texture": "#1"}
			}
		},
		{
			"from": [13.40625, 11.08783, 5.35163],
			"to": [13.59375, 11.47533, 5.70163],
			"rotation": {"angle": 22.5, "axis": "x", "origin": [13.37593, 14.49693, 3.00086]},
			"faces": {
				"north": {"uv": [1.5, 11.25, 2, 9.75], "rotation": 180, "texture": "#1"},
				"east": {"uv": [0, 9, 0.5, 10], "rotation": 90, "texture": "#1"},
				"south": {"uv": [2, 9.75, 2.5, 10.25], "texture": "#1"},
				"west": {"uv": [0.5, 9, 0, 10], "rotation": 270, "texture": "#1"},
				"up": {"uv": [0.5, 10.25, 0, 11.25], "texture": "#1"},
				"down": {"uv": [1, 10.25, 0.5, 11.25], "rotation": 180, "texture": "#1"}
			}
		},
		{
			"from": [13.40625, 10.33783, 5.35163],
			"to": [13.59375, 10.72533, 5.70163],
			"rotation": {"angle": 22.5, "axis": "x", "origin": [13.37593, 14.49693, 3.00086]},
			"faces": {
				"north": {"uv": [1.5, 11.25, 2, 9.75], "rotation": 180, "texture": "#1"},
				"east": {"uv": [1, 9, 1.5, 10], "rotation": 90, "texture": "#1"},
				"south": {"uv": [2, 10.75, 2.5, 11.25], "texture": "#1"},
				"west": {"uv": [1.5, 9, 1, 10], "rotation": 270, "texture": "#1"},
				"up": {"uv": [0.5, 10.25, 0, 11.25], "texture": "#1"},
				"down": {"uv": [1, 10.25, 0.5, 11.25], "rotation": 180, "texture": "#1"}
			}
		},
		{
			"from": [13.40625, 11.00033, -8.27337],
			"to": [13.59375, 11.18783, 4.90163],
			"rotation": {"angle": 22.5, "axis": "x", "origin": [13.37593, 14.49693, 3.00086]},
			"faces": {
				"north": {"uv": [7.5, 8, 7.75, 7.75], "rotation": 180, "texture": "#1"},
				"east": {"uv": [3.5, 2, 3.25, 4.75], "rotation": 90, "texture": "#1"},
				"south": {"uv": [7.75, 7.75, 8, 8], "texture": "#1"},
				"west": {"uv": [2.75, 3, 2.5, 5.75], "rotation": 270, "texture": "#1"},
				"up": {"uv": [3, 3, 2.75, 5.75], "texture": "#1"},
				"down": {"uv": [2.5, 3, 2.25, 5.75], "rotation": 180, "texture": "#1"}
			}
		},
		{
			"from": [13.40625, 10.81283, -8.39837],
			"to": [13.59375, 11.00033, 4.80163],
			"rotation": {"angle": 22.5, "axis": "x", "origin": [13.37593, 14.49693, 3.00086]},
			"faces": {
				"north": {"uv": [0, 8.25, 0.25, 8], "rotation": 180, "texture": "#1"},
				"east": {"uv": [4.25, 2.75, 4, 5.5], "rotation": 90, "texture": "#1"},
				"south": {"uv": [0.25, 8, 0.5, 8.25], "texture": "#1"},
				"west": {"uv": [4, 2, 3.75, 4.75], "rotation": 270, "texture": "#1"},
				"up": {"uv": [4.25, 0, 4, 2.75], "texture": "#1"},
				"down": {"uv": [3.75, 2, 3.5, 4.75], "rotation": 180, "texture": "#1"}
			}
		},
		{
			"from": [13.45437, 10.62533, -8.52337],
			"to": [13.54187, 10.81283, 4.70163],
			"rotation": {"angle": 22.5, "axis": "x", "origin": [13.37593, 14.49693, 3.00086]},
			"faces": {
				"north": {"uv": [8, 0.5, 8.25, 0.25], "rotation": 180, "texture": "#1"},
				"east": {"uv": [4.75, 2.75, 4.5, 5.5], "rotation": 90, "texture": "#1"},
				"south": {"uv": [0.5, 8, 0.75, 8.25], "texture": "#1"},
				"west": {"uv": [4.5, 2.75, 4.25, 5.5], "rotation": 270, "texture": "#1"},
				"up": {"uv": [4.75, 0, 4.5, 2.75], "texture": "#1"},
				"down": {"uv": [4.5, 0, 4.25, 2.75], "rotation": 180, "texture": "#1"}
			}
		},
		{
			"from": [13.50187, 10.43783, -8.64837],
			"to": [13.50187, 10.62533, 4.60163],
			"rotation": {"angle": 22.5, "axis": "x", "origin": [13.37593, 14.49693, 3.00086]},
			"faces": {
				"north": {"uv": [8, 0.75, 8.25, 0.5], "rotation": 180, "texture": "#1"},
				"east": {"uv": [3.5, 4.75, 3.25, 7.5], "rotation": 90, "texture": "#1"},
				"south": {"uv": [8, 0.75, 8.25, 1], "texture": "#1"},
				"west": {"uv": [5, 2.75, 4.75, 5.5], "rotation": 270, "texture": "#1"},
				"up": {"uv": [3.25, 4.75, 3, 7.5], "texture": "#1"},
				"down": {"uv": [5, 0, 4.75, 2.75], "rotation": 180, "texture": "#1"}
			}
		},
		{
			"from": [2.125, 11.56816, 8.30506],
			"to": [2.875, 12.31816, 8.68006],
			"rotation": {"angle": 22.5, "axis": "x", "origin": [2.62407, 13.9666, 1.50086]},
			"faces": {
				"north": {"uv": [1.5, 8, 1.75, 7.75], "rotation": 180, "texture": "#1"},
				"east": {"uv": [8, 1.25, 7.75, 1.5], "rotation": 90, "texture": "#1"},
				"south": {"uv": [1.75, 7.75, 2, 8], "texture": "#1"},
				"west": {"uv": [8, 1, 7.75, 1.25], "rotation": 270, "texture": "#1"},
				"up": {"uv": [1.5, 7.75, 1.25, 8], "texture": "#1"},
				"down": {"uv": [8, 0.75, 7.75, 1], "rotation": 180, "texture": "#1"}
			}
		},
		{
			"from": [2, 11.44316, 4.43006],
			"to": [3, 12.44316, 8.30506],
			"rotation": {"angle": 22.5, "axis": "x", "origin": [2.62407, 13.9666, 1.50086]},
			"faces": {
				"north": {"uv": [2, 8, 2.25, 7.75], "rotation": 180, "texture": "#1"},
				"east": {"uv": [6.5, 1, 6.25, 2], "rotation": 90, "texture": "#1"},
				"south": {"uv": [7.75, 2.25, 8, 2.5], "texture": "#1"},
				"west": {"uv": [3, 5.75, 2.75, 6.75], "rotation": 270, "texture": "#1"},
				"up": {"uv": [5.5, 6, 5.25, 7], "texture": "#1"},
				"down": {"uv": [1.25, 5.75, 1, 6.75], "rotation": 180, "texture": "#1"}
			}
		},
		{
			"from": [2, 10.44316, 4.43006],
			"to": [3, 11.44316, 5.80506],
			"rotation": {"angle": 22.5, "axis": "x", "origin": [2.62407, 13.9666, 1.50086]},
			"faces": {
				"north": {"uv": [7.75, 3.25, 8, 3], "rotation": 180, "texture": "#1"},
				"east": {"uv": [5, 8.5, 4, 9.75], "rotation": 90, "texture": "#1"},
				"south": {"uv": [3.25, 7.75, 3.5, 8], "texture": "#1"},
				"west": {"uv": [4, 8.5, 5, 9.75], "rotation": 270, "texture": "#1"},
				"up": {"uv": [3, 7.75, 2.75, 8], "texture": "#1"},
				"down": {"uv": [2.75, 7.75, 2.5, 8], "rotation": 180, "texture": "#1"}
			}
		},
		{
			"from": [2.75, 10.69316, 5.43006],
			"to": [2.75, 11.44316, 6.80506],
			"rotation": {"angle": 22.5, "axis": "x", "origin": [2.62407, 13.9666, 1.50086]},
			"faces": {
				"north": {"uv": [7.75, 3.25, 8, 3], "rotation": 180, "texture": "#1"},
				"east": {"uv": [3.5, 9, 2.75, 10.25], "rotation": 90, "texture": "#1"},
				"south": {"uv": [3.25, 7.75, 3.5, 8], "texture": "#1"},
				"west": {"uv": [2.75, 9, 3.5, 10.25], "rotation": 270, "texture": "#1"},
				"up": {"uv": [3, 7.75, 2.75, 8], "texture": "#1"},
				"down": {"uv": [2.75, 7.75, 2.5, 8], "rotation": 180, "texture": "#1"}
			}
		},
		{
			"from": [2.0625, 10.50888, 4.21604],
			"to": [2.9375, 12.38388, 4.46604],
			"rotation": {"angle": 22.5, "axis": "x", "origin": [2.62407, 13.9666, 1.50086]},
			"faces": {
				"north": {"uv": [4.75, 6, 5, 5.5], "rotation": 180, "texture": "#1"},
				"east": {"uv": [7.5, 1.5, 7, 1.75], "rotation": 90, "texture": "#1"},
				"south": {"uv": [6.5, 1.5, 6.75, 2], "texture": "#1"},
				"west": {"uv": [2, 7, 1.5, 7.25], "rotation": 270, "texture": "#1"},
				"up": {"uv": [7.25, 7.75, 7, 8], "texture": "#1"},
				"down": {"uv": [8, 6.75, 7.75, 7], "rotation": 180, "texture": "#1"}
			}
		},
		{
			"from": [2.375, 8.375, 5],
			"to": [2.625, 8.625, 6.25],
			"rotation": {"angle": 45, "axis": "x", "origin": [2.5, 8.5, 7.5]},
			"faces": {
				"north": {"uv": [1.25, 8, 1, 8.25], "texture": "#1"},
				"east": {"uv": [8.25, 1.25, 8, 1.5], "texture": "#1"},
				"south": {"uv": [1.5, 8, 1.25, 8.25], "texture": "#1"},
				"west": {"uv": [8.25, 1, 8, 1.25], "texture": "#1"},
				"up": {"uv": [1.5, 8.25, 1.75, 8], "texture": "#1"},
				"down": {"uv": [8, 1.5, 8.25, 1.75], "texture": "#1"}
			}
		},
		{
			"from": [2.375, 8.875, 6.25],
			"to": [2.625, 9.125, 7.5],
			"rotation": {"angle": 22.5, "axis": "x", "origin": [2.5, 8.5, 7.5]},
			"faces": {
				"north": {"uv": [2, 8, 1.75, 8.25], "texture": "#1"},
				"east": {"uv": [8.25, 2, 8, 2.25], "texture": "#1"},
				"south": {"uv": [2.25, 8, 2, 8.25], "texture": "#1"},
				"west": {"uv": [8.25, 1.75, 8, 2], "texture": "#1"},
				"up": {"uv": [2.25, 8.25, 2.5, 8], "texture": "#1"},
				"down": {"uv": [8, 2.25, 8.25, 2.5], "texture": "#1"}
			}
		},
		{
			"from": [2.375, 8.875, 7.5],
			"to": [2.625, 9.125, 8.75],
			"rotation": {"angle": 22.5, "axis": "y", "origin": [2.5, 8.5, 7.5]},
			"faces": {
				"north": {"uv": [2.75, 8, 2.5, 8.25], "texture": "#1"},
				"east": {"uv": [8.25, 2.75, 8, 3], "texture": "#1"},
				"south": {"uv": [3, 8, 2.75, 8.25], "texture": "#1"},
				"west": {"uv": [8.25, 2.5, 8, 2.75], "texture": "#1"},
				"up": {"uv": [3, 8.25, 3.25, 8], "texture": "#1"},
				"down": {"uv": [8, 3, 8.25, 3.25], "texture": "#1"}
			}
		},
		{
			"from": [2.84253, 9.375, 8.60727],
			"to": [3.09253, 9.625, 9.85727],
			"rotation": {"angle": -45, "axis": "x", "origin": [3.21753, 9, 9.23227]},
			"faces": {
				"north": {"uv": [3.5, 8, 3.25, 8.25], "texture": "#1"},
				"east": {"uv": [8.25, 3.5, 8, 3.75], "texture": "#1"},
				"south": {"uv": [3.75, 8, 3.5, 8.25], "texture": "#1"},
				"west": {"uv": [8.25, 3.25, 8, 3.5], "texture": "#1"},
				"up": {"uv": [3.75, 8.25, 4, 8], "texture": "#1"},
				"down": {"uv": [8, 3.75, 8.25, 4], "texture": "#1"}
			}
		},
		{
			"from": [2.84253, 9.625, 9.10727],
			"to": [3.09253, 9.875, 10.73227],
			"rotation": {"angle": 22.5, "axis": "y", "origin": [3.21753, 9, 9.23227]},
			"faces": {
				"north": {"uv": [4.25, 8, 4, 8.25], "texture": "#1"},
				"east": {"uv": [7.5, 2, 7, 2.25], "texture": "#1"},
				"south": {"uv": [8.25, 4, 8, 4.25], "texture": "#1"},
				"west": {"uv": [7.5, 1.75, 7, 2], "texture": "#1"},
				"up": {"uv": [6.5, 3, 6.75, 2.5], "texture": "#1"},
				"down": {"uv": [7, 2.25, 7.25, 2.75], "texture": "#1"}
			}
		},
		{
			"from": [3.43559, 9.625, 10.65126],
			"to": [3.68559, 9.875, 12.40126],
			"rotation": {"angle": 45, "axis": "y", "origin": [3.56059, 9.75, 10.71376]},
			"faces": {
				"north": {"uv": [4.5, 8, 4.25, 8.25], "texture": "#1"},
				"east": {"uv": [7.5, 3.25, 7, 3.5], "texture": "#1"},
				"south": {"uv": [8.25, 4.25, 8, 4.5], "texture": "#1"},
				"west": {"uv": [7.5, 2.75, 7, 3], "texture": "#1"},
				"up": {"uv": [7, 4, 7.25, 3.5], "texture": "#1"},
				"down": {"uv": [5.25, 7, 5.5, 7.5], "texture": "#1"}
			}
		},
		{
			"from": [2.40625, 11.69316, -8.46271],
			"to": [2.59375, 11.88066, 4.67479],
			"rotation": {"angle": 22.5, "axis": "x", "origin": [2.62407, 13.9666, 1.50086]},
			"faces": {
				"north": {"uv": [8, 7.25, 7.75, 7], "rotation": 180, "texture": "#1"},
				"east": {"uv": [1.75, 3, 2, 5.75], "rotation": 90, "texture": "#1"},
				"south": {"uv": [7.5, 7.75, 7.25, 8], "texture": "#1"},
				"west": {"uv": [3, 2, 3.25, 4.75], "rotation": 270, "texture": "#1"},
				"up": {"uv": [2, 3, 2.25, 5.75], "texture": "#1"},
				"down": {"uv": [1.5, 3, 1.75, 5.75], "rotation": 180, "texture": "#1"}
			}
		},
		{
			"from": [2.30625, 10.84316, 4.28729],
			"to": [2.69375, 11.98066, 5.03729],
			"rotation": {"angle": 22.5, "axis": "x", "origin": [2.62407, 13.9666, 1.50086]},
			"faces": {
				"north": {"uv": [2, 11.25, 1.5, 9.75], "rotation": 180, "texture": "#1"},
				"east": {"uv": [0, 9, 1.5, 10], "rotation": 90, "texture": "#1"},
				"south": {"uv": [2.5, 9.75, 2, 11.25], "texture": "#1"},
				"west": {"uv": [1.5, 9, 0, 10], "rotation": 270, "texture": "#1"},
				"up": {"uv": [0, 10.25, 0.5, 11.25], "texture": "#1"},
				"down": {"uv": [0.5, 10.25, 1, 11.25], "rotation": 180, "texture": "#1"}
			}
		},
		{
			"from": [2.40625, 11.59316, 5.03729],
			"to": [2.59375, 11.98066, 5.38729],
			"rotation": {"angle": 22.5, "axis": "x", "origin": [2.62407, 13.9666, 1.50086]},
			"faces": {
				"north": {"uv": [2, 11.25, 1.5, 9.75], "rotation": 180, "texture": "#1"},
				"east": {"uv": [0, 9, 0.5, 10], "rotation": 90, "texture": "#1"},
				"south": {"uv": [2.5, 9.75, 2, 10.25], "texture": "#1"},
				"west": {"uv": [0.5, 9, 0, 10], "rotation": 270, "texture": "#1"},
				"up": {"uv": [0, 10.25, 0.5, 11.25], "texture": "#1"},
				"down": {"uv": [0.5, 10.25, 1, 11.25], "rotation": 180, "texture": "#1"}
			}
		},
		{
			"from": [2.40625, 10.84316, 5.03729],
			"to": [2.59375, 11.23066, 5.38729],
			"rotation": {"angle": 22.5, "axis": "x", "origin": [2.62407, 13.9666, 1.50086]},
			"faces": {
				"north": {"uv": [2, 11.25, 1.5, 9.75], "rotation": 180, "texture": "#1"},
				"east": {"uv": [1, 9, 1.5, 10], "rotation": 90, "texture": "#1"},
				"south": {"uv": [2.5, 10.75, 2, 11.25], "texture": "#1"},
				"west": {"uv": [1.5, 9, 1, 10], "rotation": 270, "texture": "#1"},
				"up": {"uv": [0, 10.25, 0.5, 11.25], "texture": "#1"},
				"down": {"uv": [0.5, 10.25, 1, 11.25], "rotation": 180, "texture": "#1"}
			}
		},
		{
			"from": [2.40625, 11.50566, -8.58771],
			"to": [2.59375, 11.69316, 4.58729],
			"rotation": {"angle": 22.5, "axis": "x", "origin": [2.62407, 13.9666, 1.50086]},
			"faces": {
				"north": {"uv": [7.75, 8, 7.5, 7.75], "rotation": 180, "texture": "#1"},
				"east": {"uv": [2.5, 3, 2.75, 5.75], "rotation": 90, "texture": "#1"},
				"south": {"uv": [8, 7.75, 7.75, 8], "texture": "#1"},
				"west": {"uv": [3.25, 2, 3.5, 4.75], "rotation": 270, "texture": "#1"},
				"up": {"uv": [2.75, 3, 3, 5.75], "texture": "#1"},
				"down": {"uv": [2.25, 3, 2.5, 5.75], "rotation": 180, "texture": "#1"}
			}
		},
		{
			"from": [2.40625, 11.31816, -8.71271],
			"to": [2.59375, 11.50566, 4.48729],
			"rotation": {"angle": 22.5, "axis": "x", "origin": [2.62407, 13.9666, 1.50086]},
			"faces": {
				"north": {"uv": [0.25, 8.25, 0, 8], "rotation": 180, "texture": "#1"},
				"east": {"uv": [3.75, 2, 4, 4.75], "rotation": 90, "texture": "#1"},
				"south": {"uv": [0.5, 8, 0.25, 8.25], "texture": "#1"},
				"west": {"uv": [4, 2.75, 4.25, 5.5], "rotation": 270, "texture": "#1"},
				"up": {"uv": [4, 0, 4.25, 2.75], "texture": "#1"},
				"down": {"uv": [3.5, 2, 3.75, 4.75], "rotation": 180, "texture": "#1"}
			}
		},
		{
			"from": [2.45813, 11.13066, -8.83771],
			"to": [2.54563, 11.31816, 4.38729],
			"rotation": {"angle": 22.5, "axis": "x", "origin": [2.62407, 13.9666, 1.50086]},
			"faces": {
				"north": {"uv": [8.25, 0.5, 8, 0.25], "rotation": 180, "texture": "#1"},
				"east": {"uv": [4.25, 2.75, 4.5, 5.5], "rotation": 90, "texture": "#1"},
				"south": {"uv": [0.75, 8, 0.5, 8.25], "texture": "#1"},
				"west": {"uv": [4.5, 2.75, 4.75, 5.5], "rotation": 270, "texture": "#1"},
				"up": {"uv": [4.5, 0, 4.75, 2.75], "texture": "#1"},
				"down": {"uv": [4.25, 0, 4.5, 2.75], "rotation": 180, "texture": "#1"}
			}
		},
		{
			"from": [2.49813, 10.94316, -8.96271],
			"to": [2.49813, 11.13066, 4.28729],
			"rotation": {"angle": 22.5, "axis": "x", "origin": [2.62407, 13.9666, 1.50086]},
			"faces": {
				"north": {"uv": [8.25, 0.75, 8, 0.5], "rotation": 180, "texture": "#1"},
				"east": {"uv": [4.75, 2.75, 5, 5.5], "rotation": 90, "texture": "#1"},
				"south": {"uv": [8.25, 0.75, 8, 1], "texture": "#1"},
				"west": {"uv": [3.25, 4.75, 3.5, 7.5], "rotation": 270, "texture": "#1"},
				"up": {"uv": [3, 4.75, 3.25, 7.5], "texture": "#1"},
				"down": {"uv": [4.75, 0, 5, 2.75], "rotation": 180, "texture": "#1"}
			}
		},
		{
			"from": [12, 4.50694, 2.61031],
			"to": [14, 7.50694, 16.61031],
			"rotation": {"angle": 0, "axis": "y", "origin": [9.25, 7.48302, 10.0726]},
			"faces": {
				"north": {"uv": [3.5, 0, 4, 0.75], "texture": "#1"},
				"east": {"uv": [0, 0, 3.5, 0.75], "texture": "#1"},
				"south": {"uv": [3.5, 0.75, 4, 1.5], "texture": "#1"},
				"west": {"uv": [0, 0.75, 3.5, 1.5], "texture": "#1"},
				"up": {"uv": [0.5, 5, 0, 1.5], "texture": "#1"},
				"down": {"uv": [1, 1.5, 0.5, 5], "texture": "#1"}
			}
		},
		{
			"from": [13.625, 4.50694, 0.61031],
			"to": [14, 7.50694, 2.61031],
			"rotation": {"angle": 0, "axis": "y", "origin": [9.25, 7.48302, 10.0726]},
			"faces": {
				"north": {"uv": [0.75, 6.5, 1, 7.25], "texture": "#1"},
				"east": {"uv": [5.5, 4.75, 6, 5.5], "texture": "#1"},
				"south": {"uv": [6.5, 4.75, 6.75, 5.5], "texture": "#1"},
				"west": {"uv": [5.5, 5.5, 6, 6.25], "texture": "#1"},
				"up": {"uv": [5.75, 7.5, 5.5, 7], "texture": "#1"},
				"down": {"uv": [6, 7, 5.75, 7.5], "texture": "#1"}
			}
		},
		{
			"from": [12.875, 4.50694, 0.61031],
			"to": [13.125, 7.50694, 2.61031],
			"rotation": {"angle": 0, "axis": "y", "origin": [9.25, 7.48302, 10.0726]},
			"faces": {
				"north": {"uv": [6.5, 6.25, 6.75, 7], "texture": "#1"},
				"east": {"uv": [0.5, 5.75, 1, 6.5], "texture": "#1"},
				"south": {"uv": [1, 6.75, 1.25, 7.5], "texture": "#1"},
				"west": {"uv": [5.75, 1, 6.25, 1.75], "texture": "#1"},
				"up": {"uv": [6.25, 7.5, 6, 7], "texture": "#1"},
				"down": {"uv": [7.25, 6.25, 7, 6.75], "texture": "#1"}
			}
		},
		{
			"from": [12, 4.50694, 0.61031],
			"to": [12.375, 7.50694, 2.61031],
			"rotation": {"angle": 0, "axis": "y", "origin": [9.25, 7.48302, 10.0726]},
			"faces": {
				"north": {"uv": [1.25, 6.75, 1.5, 7.5], "texture": "#1"},
				"east": {"uv": [1.5, 5.75, 2, 6.5], "texture": "#1"},
				"south": {"uv": [6.75, 1.5, 7, 2.25], "texture": "#1"},
				"west": {"uv": [5.75, 1.75, 6.25, 2.5], "texture": "#1"},
				"up": {"uv": [6.75, 7.5, 6.5, 7], "texture": "#1"},
				"down": {"uv": [7, 7, 6.75, 7.5], "texture": "#1"}
			}
		},
		{
			"from": [11.9375, 7.00694, 0.54781],
			"to": [14.0625, 7.56944, 2.61031],
			"rotation": {"angle": 0, "axis": "y", "origin": [9.25, 7.48302, 10.0726]},
			"faces": {
				"north": {"uv": [7, 4, 7.5, 4.25], "texture": "#1"},
				"east": {"uv": [7, 6.75, 7.5, 7], "texture": "#1"},
				"south": {"uv": [7, 7, 7.5, 7.25], "texture": "#1"},
				"west": {"uv": [1.5, 7.25, 2, 7.5], "texture": "#1"},
				"up": {"uv": [2.5, 6.75, 2, 6.25], "texture": "#1"},
				"down": {"uv": [6.75, 2, 6.25, 2.5], "texture": "#1"}
			}
		},
		{
			"from": [11.9375, 4.44444, 0.54781],
			"to": [14.0625, 5.00694, 2.61031],
			"rotation": {"angle": 0, "axis": "y", "origin": [9.25, 7.48302, 10.0726]},
			"faces": {
				"north": {"uv": [7.25, 2.25, 7.75, 2.5], "texture": "#1"},
				"east": {"uv": [7.25, 2.5, 7.75, 2.75], "texture": "#1"},
				"south": {"uv": [7.25, 3, 7.75, 3.25], "texture": "#1"},
				"west": {"uv": [7.25, 3.5, 7.75, 3.75], "texture": "#1"},
				"up": {"uv": [6, 6.75, 5.5, 6.25], "texture": "#1"},
				"down": {"uv": [6.5, 6.25, 6, 6.75], "texture": "#1"}
			}
		},
		{
			"from": [12.625, 7.50694, 4.61031],
			"to": [13.375, 8.50694, 15.61031],
			"rotation": {"angle": 0, "axis": "y", "origin": [9.25, 7.48302, 10.0726]},
			"faces": {
				"north": {"uv": [4.5, 8, 4.75, 8.25], "texture": "#1"},
				"east": {"uv": [5, 0, 7.75, 0.25], "texture": "#1"},
				"south": {"uv": [8, 4.5, 8.25, 4.75], "texture": "#1"},
				"west": {"uv": [5, 0.25, 7.75, 0.5], "texture": "#1"},
				"up": {"uv": [3.75, 7.5, 3.5, 4.75], "texture": "#1"},
				"down": {"uv": [4, 4.75, 3.75, 7.5], "texture": "#1"}
			}
		},
		{
			"from": [12.5, 7.625, 4.625],
			"to": [13.5, 8.375, 15.625],
			"rotation": {"angle": 0, "axis": "y", "origin": [0, 4, 3]},
			"faces": {
				"north": {"uv": [4.75, 8, 5, 8.25], "texture": "#1"},
				"east": {"uv": [5, 0.5, 7.75, 0.75], "texture": "#1"},
				"south": {"uv": [8, 4.75, 8.25, 5], "texture": "#1"},
				"west": {"uv": [5, 0.75, 7.75, 1], "texture": "#1"},
				"up": {"uv": [0.25, 7.75, 0, 5], "texture": "#1"},
				"down": {"uv": [0.5, 5, 0.25, 7.75], "texture": "#1"}
			}
		},
		{
			"from": [12.625, 7.625, 4.25],
			"to": [13.375, 8.375, 15.75],
			"rotation": {"angle": 0, "axis": "y", "origin": [0, 4, 3]},
			"faces": {
				"north": {"uv": [5, 8, 5.25, 8.25], "texture": "#1"},
				"east": {"uv": [1, 1.5, 4, 1.75], "texture": "#1"},
				"south": {"uv": [8, 5, 8.25, 5.25], "texture": "#1"},
				"west": {"uv": [1, 1.75, 4, 2], "texture": "#1"},
				"up": {"uv": [1.25, 5, 1, 2], "texture": "#1"},
				"down": {"uv": [1.5, 2, 1.25, 5], "texture": "#1"}
			}
		},
		{
			"from": [12.875, 7.875, 4],
			"to": [13.125, 8.125, 4.25],
			"rotation": {"angle": 0, "axis": "y", "origin": [0, 4, 3]},
			"faces": {
				"north": {"uv": [5.25, 8, 5.5, 8.25], "texture": "#1"},
				"east": {"uv": [8, 5.25, 8.25, 5.5], "texture": "#1"},
				"south": {"uv": [5.5, 8, 5.75, 8.25], "texture": "#1"},
				"west": {"uv": [8, 5.5, 8.25, 5.75], "texture": "#1"},
				"up": {"uv": [6, 8.25, 5.75, 8], "texture": "#1"},
				"down": {"uv": [8.25, 5.75, 8, 6], "texture": "#1"}
			}
		},
		{
			"from": [9.75, 3.5, 12.75],
			"to": [10, 10, 13.5],
			"rotation": {"angle": 45, "axis": "z", "origin": [8.5, 8, 13.25]},
			"faces": {
				"north": {"uv": [1.25, 5, 1.5, 6.75], "texture": "#1"},
				"east": {"uv": [5, 4.25, 5.25, 6], "texture": "#1"},
				"south": {"uv": [5.25, 4.25, 5.5, 6], "texture": "#1"},
				"west": {"uv": [4, 5.5, 4.25, 7.25], "texture": "#1"},
				"up": {"uv": [6.25, 8.25, 6, 8], "texture": "#1"},
				"down": {"uv": [8.25, 6, 8, 6.25], "texture": "#1"}
			}
		},
		{
			"from": [9.75, 6.4375, 12.8125],
			"to": [10, 8.5, 13.4375],
			"rotation": {"angle": 0, "axis": "y", "origin": [0, 4, 3]},
			"faces": {
				"north": {"uv": [0.75, 7.25, 1, 7.75], "texture": "#1"},
				"east": {"uv": [2.5, 7.25, 2.75, 7.75], "texture": "#1"},
				"south": {"uv": [4, 7.25, 4.25, 7.75], "texture": "#1"},
				"west": {"uv": [4.25, 7.25, 4.5, 7.75], "texture": "#1"},
				"up": {"uv": [6.5, 8.25, 6.25, 8], "texture": "#1"},
				"down": {"uv": [8.25, 6.25, 8, 6.5], "texture": "#1"}
			}
		},
		{
			"from": [12.25, 8, 7],
			"to": [12.5, 8.75, 13.5],
			"rotation": {"angle": 22.5, "axis": "z", "origin": [10.5, 8.5, 12.5]},
			"faces": {
				"north": {"uv": [6.5, 8, 6.75, 8.25], "texture": "#1"},
				"east": {"uv": [5.5, 4.25, 7.25, 4.5], "texture": "#1"},
				"south": {"uv": [8, 6.5, 8.25, 6.75], "texture": "#1"},
				"west": {"uv": [5.5, 4.5, 7.25, 4.75], "texture": "#1"},
				"up": {"uv": [4.5, 7.25, 4.25, 5.5], "texture": "#1"},
				"down": {"uv": [4.75, 5.5, 4.5, 7.25], "texture": "#1"}
			}
		},
		{
			"from": [12, 8.75, 5.5],
			"to": [12.5, 9.875, 7],
			"rotation": {"angle": 22.5, "axis": "z", "origin": [12.5, 9.5, 6.5]},
			"faces": {
				"north": {"uv": [6.75, 8, 7, 8.25], "texture": "#1"},
				"east": {"uv": [7.25, 3.75, 7.75, 4], "texture": "#1"},
				"south": {"uv": [8, 6.75, 8.25, 7], "texture": "#1"},
				"west": {"uv": [7.25, 4.25, 7.75, 4.5], "texture": "#1"},
				"up": {"uv": [4.75, 7.75, 4.5, 7.25], "texture": "#1"},
				"down": {"uv": [7.5, 6.25, 7.25, 6.75], "texture": "#1"}
			}
		},
		{
			"from": [12.125, 9.75, 6.25],
			"to": [12.375, 10.0625, 6.4375],
			"rotation": {"angle": 22.5, "axis": "z", "origin": [12.5, 9.5, 6.5]},
			"faces": {
				"north": {"uv": [7, 8, 7.25, 8.25], "texture": "#1"},
				"east": {"uv": [8, 7, 8.25, 7.25], "texture": "#1"},
				"south": {"uv": [7.25, 8, 7.5, 8.25], "texture": "#1"},
				"west": {"uv": [8, 7.25, 8.25, 7.5], "texture": "#1"},
				"up": {"uv": [7.75, 8.25, 7.5, 8], "texture": "#1"},
				"down": {"uv": [8.25, 7.5, 8, 7.75], "texture": "#1"}
			}
		},
		{
			"from": [12, 9.1875, 5],
			"to": [12.5, 9.875, 5.5],
			"rotation": {"angle": 22.5, "axis": "z", "origin": [12.5, 9.5, 6.5]},
			"faces": {
				"north": {"uv": [7.75, 8, 8, 8.25], "texture": "#1"},
				"east": {"uv": [8, 7.75, 8.25, 8], "texture": "#1"},
				"south": {"uv": [8, 8, 8.25, 8.25], "texture": "#1"},
				"west": {"uv": [0, 8.25, 0.25, 8.5], "texture": "#1"},
				"up": {"uv": [8.5, 0.25, 8.25, 0], "texture": "#1"},
				"down": {"uv": [0.5, 8.25, 0.25, 8.5], "texture": "#1"}
			}
		},
		{
			"from": [10.8125, 9.25, 11.75],
			"to": [11.5, 11.25, 14.75],
			"rotation": {"angle": 22.5, "axis": "z", "origin": [10.375, 10.5, 13.25]},
			"faces": {
				"north": {"uv": [7, 7.25, 7.25, 7.75], "texture": "#1"},
				"east": {"uv": [2, 5.75, 2.75, 6.25], "texture": "#1"},
				"south": {"uv": [7.25, 7.25, 7.5, 7.75], "texture": "#1"},
				"west": {"uv": [5.75, 2.5, 6.5, 3], "texture": "#1"},
				"up": {"uv": [2.25, 7.5, 2, 6.75], "texture": "#1"},
				"down": {"uv": [2.5, 6.75, 2.25, 7.5], "texture": "#1"}
			}
		},
		{
			"from": [10.75, 8.75, 12.25],
			"to": [11.5625, 11.75, 14.25],
			"rotation": {"angle": 22.5, "axis": "z", "origin": [10.375, 10.5, 13.25]},
			"faces": {
				"north": {"uv": [6.75, 2.25, 7, 3], "texture": "#1"},
				"east": {"uv": [4.75, 6, 5.25, 6.75], "texture": "#1"},
				"south": {"uv": [2.75, 6.75, 3, 7.5], "texture": "#1"},
				"west": {"uv": [6, 4.75, 6.5, 5.5], "texture": "#1"},
				"up": {"uv": [0.75, 8, 0.5, 7.5], "texture": "#1"},
				"down": {"uv": [1.25, 7.5, 1, 8], "texture": "#1"}
			}
		},
		{
			"from": [11.75, 4.25, 3],
			"to": [14.25, 7.75, 4],
			"rotation": {"angle": 0, "axis": "y", "origin": [0, 4, 3]},
			"faces": {
				"north": {"uv": [1.5, 2, 2.25, 3], "texture": "#1"},
				"east": {"uv": [2.5, 6.25, 2.75, 7.25], "texture": "#1"},
				"south": {"uv": [2.25, 2, 3, 3], "texture": "#1"},
				"west": {"uv": [0.5, 6.5, 0.75, 7.5], "texture": "#1"},
				"up": {"uv": [7.5, 5, 6.75, 4.75], "texture": "#1"},
				"down": {"uv": [7.5, 5, 6.75, 5.25], "texture": "#1"}
			}
		},
		{
			"from": [11.75, 4.25, 10],
			"to": [14.25, 7.5, 11],
			"rotation": {"angle": 0, "axis": "y", "origin": [0, 4, 3]},
			"faces": {
				"north": {"uv": [0.5, 5, 1.25, 5.75], "texture": "#1"},
				"east": {"uv": [4.75, 6.75, 5, 7.5], "texture": "#1"},
				"south": {"uv": [5, 1, 5.75, 1.75], "texture": "#1"},
				"west": {"uv": [5, 6.75, 5.25, 7.5], "texture": "#1"},
				"up": {"uv": [7.5, 5.5, 6.75, 5.25], "texture": "#1"},
				"down": {"uv": [6.25, 6.75, 5.5, 7], "texture": "#1"}
			}
		},
		{
			"from": [13.75, 7.4375, 10.0625],
			"to": [14, 8.75, 10.9375],
			"rotation": {"angle": 22.5, "axis": "z", "origin": [14.125, 8.15625, 10.5]},
			"faces": {
				"north": {"uv": [8.25, 0.25, 8.5, 0.5], "texture": "#1"},
				"east": {"uv": [0.5, 8.25, 0.75, 8.5], "texture": "#1"},
				"south": {"uv": [8.25, 0.5, 8.5, 0.75], "texture": "#1"},
				"west": {"uv": [0.75, 8.25, 1, 8.5], "texture": "#1"},
				"up": {"uv": [8.5, 1, 8.25, 0.75], "texture": "#1"},
				"down": {"uv": [1.25, 8.25, 1, 8.5], "texture": "#1"}
			}
		},
		{
			"from": [11.25, 11.375, 10.0625],
			"to": [11.5, 12.5625, 10.9375],
			"rotation": {"angle": -22.5, "axis": "z", "origin": [1.875, 8.15625, 10.5]},
			"faces": {
				"north": {"uv": [8.25, 1, 8.5, 1.25], "texture": "#1"},
				"east": {"uv": [1.25, 8.25, 1.5, 8.5], "texture": "#1"},
				"south": {"uv": [8.25, 1.25, 8.5, 1.5], "texture": "#1"},
				"west": {"uv": [1.5, 8.25, 1.75, 8.5], "texture": "#1"},
				"up": {"uv": [8.5, 1.75, 8.25, 1.5], "texture": "#1"},
				"down": {"uv": [2, 8.25, 1.75, 8.5], "texture": "#1"}
			}
		},
		{
			"from": [12.21227, 8.52943, 10],
			"to": [13.77477, 8.77943, 11],
			"rotation": {"angle": 0, "axis": "y", "origin": [12.49352, 8.96693, 10.5]},
			"faces": {
				"north": {"uv": [7.25, 4.5, 7.75, 4.75], "texture": "#1"},
				"east": {"uv": [8.25, 1.75, 8.5, 2], "texture": "#1"},
				"south": {"uv": [1.25, 7.5, 1.75, 7.75], "texture": "#1"},
				"west": {"uv": [2, 8.25, 2.25, 8.5], "texture": "#1"},
				"up": {"uv": [8, 1.75, 7.5, 1.5], "texture": "#1"},
				"down": {"uv": [2.25, 7.5, 1.75, 7.75], "texture": "#1"}
			}
		},
		{
			"from": [12.21227, 8.52943, 14],
			"to": [13.77477, 8.77943, 15],
			"rotation": {"angle": 0, "axis": "y", "origin": [12.49352, 8.96693, 14.5]},
			"faces": {
				"north": {"uv": [7.5, 1.75, 8, 2], "texture": "#1"},
				"east": {"uv": [8.25, 2, 8.5, 2.25], "texture": "#1"},
				"south": {"uv": [7.5, 2, 8, 2.25], "texture": "#1"},
				"west": {"uv": [2.25, 8.25, 2.5, 8.5], "texture": "#1"},
				"up": {"uv": [3.25, 7.75, 2.75, 7.5], "texture": "#1"},
				"down": {"uv": [8, 2.75, 7.5, 3], "texture": "#1"}
			}
		},
		{
			"from": [11.25, 11.375, 14.0625],
			"to": [11.5, 12.5625, 14.9375],
			"rotation": {"angle": -22.5, "axis": "z", "origin": [1.875, 8.15625, 14.5]},
			"faces": {
				"north": {"uv": [8.25, 2.25, 8.5, 2.5], "texture": "#1"},
				"east": {"uv": [2.5, 8.25, 2.75, 8.5], "texture": "#1"},
				"south": {"uv": [8.25, 2.5, 8.5, 2.75], "texture": "#1"},
				"west": {"uv": [2.75, 8.25, 3, 8.5], "texture": "#1"},
				"up": {"uv": [8.5, 3, 8.25, 2.75], "texture": "#1"},
				"down": {"uv": [3.25, 8.25, 3, 8.5], "texture": "#1"}
			}
		},
		{
			"from": [13.75, 7.5, 14.0625],
			"to": [14, 8.75, 14.9375],
			"rotation": {"angle": 22.5, "axis": "z", "origin": [14.125, 8.15625, 14.5]},
			"faces": {
				"north": {"uv": [8.25, 3, 8.5, 3.25], "texture": "#1"},
				"east": {"uv": [3.25, 8.25, 3.5, 8.5], "texture": "#1"},
				"south": {"uv": [8.25, 3.25, 8.5, 3.5], "texture": "#1"},
				"west": {"uv": [3.5, 8.25, 3.75, 8.5], "texture": "#1"},
				"up": {"uv": [8.5, 3.75, 8.25, 3.5], "texture": "#1"},
				"down": {"uv": [4, 8.25, 3.75, 8.5], "texture": "#1"}
			}
		},
		{
			"from": [11.75, 4.25, 14],
			"to": [14.25, 7.5, 15],
			"rotation": {"angle": 0, "axis": "y", "origin": [0, 4, 7]},
			"faces": {
				"north": {"uv": [5, 1.75, 5.75, 2.5], "texture": "#1"},
				"east": {"uv": [6.25, 6.75, 6.5, 7.5], "texture": "#1"},
				"south": {"uv": [5, 2.5, 5.75, 3.25], "texture": "#1"},
				"west": {"uv": [6.75, 6.25, 7, 7], "texture": "#1"},
				"up": {"uv": [7.75, 1.25, 7, 1], "texture": "#1"},
				"down": {"uv": [7.75, 1.25, 7, 1.5], "texture": "#1"}
			}
		},
		{
			"from": [12, 7.86742, 3.75422],
			"to": [13.25, 8.11742, 4.00422],
			"rotation": {"angle": -22.5, "axis": "y", "origin": [13, 8.36742, 3.56672]},
			"faces": {
				"north": {"uv": [8.25, 3.75, 8.5, 4], "texture": "#1"},
				"east": {"uv": [4, 8.25, 4.25, 8.5], "texture": "#1"},
				"south": {"uv": [8.25, 4, 8.5, 4.25], "texture": "#1"},
				"west": {"uv": [4.25, 8.25, 4.5, 8.5], "texture": "#1"},
				"up": {"uv": [8.5, 4.5, 8.25, 4.25], "texture": "#1"},
				"down": {"uv": [4.75, 8.25, 4.5, 8.5], "texture": "#1"}
			}
		},
		{
			"from": [11.8125, 7.99294, 3.62631],
			"to": [12.0625, 8.24294, 4.87631],
			"rotation": {"angle": 0, "axis": "y", "origin": [11.5, 7.86794, 4.12631]},
			"faces": {
				"north": {"uv": [8.25, 4.5, 8.5, 4.75], "texture": "#1"},
				"east": {"uv": [4.75, 8.25, 5, 8.5], "texture": "#1"},
				"south": {"uv": [8.25, 4.75, 8.5, 5], "texture": "#1"},
				"west": {"uv": [5, 8.25, 5.25, 8.5], "texture": "#1"},
				"up": {"uv": [8.5, 5.25, 8.25, 5], "texture": "#1"},
				"down": {"uv": [5.5, 8.25, 5.25, 8.5], "texture": "#1"}
			}
		},
		{
			"from": [11.7552, 8.25, 5.13915],
			"to": [12.0052, 8.5, 6.38915],
			"rotation": {"angle": -22.5, "axis": "x", "origin": [11.6302, 7.5, 5.38915]},
			"faces": {
				"north": {"uv": [8.25, 5.25, 8.5, 5.5], "texture": "#1"},
				"east": {"uv": [5.5, 8.25, 5.75, 8.5], "texture": "#1"},
				"south": {"uv": [8.25, 5.5, 8.5, 5.75], "texture": "#1"},
				"west": {"uv": [5.75, 8.25, 6, 8.5], "texture": "#1"},
				"up": {"uv": [8.5, 6, 8.25, 5.75], "texture": "#1"},
				"down": {"uv": [6.25, 8.25, 6, 8.5], "texture": "#1"}
			}
		},
		{
			"from": [11.53247, 9.8125, 9.54477],
			"to": [11.78247, 10.0625, 10.79477],
			"rotation": {"angle": -45, "axis": "x", "origin": [10.78247, 9, 9.23227]},
			"faces": {
				"north": {"uv": [8.25, 6, 8.5, 6.25], "texture": "#1"},
				"east": {"uv": [6.25, 8.25, 6.5, 8.5], "texture": "#1"},
				"south": {"uv": [8.25, 6.25, 8.5, 6.5], "texture": "#1"},
				"west": {"uv": [6.5, 8.25, 6.75, 8.5], "texture": "#1"},
				"up": {"uv": [8.5, 6.75, 8.25, 6.5], "texture": "#1"},
				"down": {"uv": [7, 8.25, 6.75, 8.5], "texture": "#1"}
			}
		},
		{
			"from": [9.40747, 10.70267, 11.5777],
			"to": [11.03247, 10.95267, 11.8277],
			"rotation": {"angle": 22.5, "axis": "y", "origin": [9.40747, 9.26517, 11.2652]},
			"faces": {
				"north": {"uv": [3.25, 7.5, 3.75, 7.75], "texture": "#1"},
				"east": {"uv": [8.25, 6.75, 8.5, 7], "texture": "#1"},
				"south": {"uv": [7.5, 3.25, 8, 3.5], "texture": "#1"},
				"west": {"uv": [7, 8.25, 7.25, 8.5], "texture": "#1"},
				"up": {"uv": [8, 4.25, 7.5, 4], "texture": "#1"},
				"down": {"uv": [5.25, 7.5, 4.75, 7.75], "texture": "#1"}
			}
		},
		{
			"from": [10.37691, 10.75, 11.90126],
			"to": [10.62691, 11, 13.65126],
			"rotation": {"angle": -45, "axis": "y", "origin": [10.43941, 9.75, 10.71376]},
			"faces": {
				"north": {"uv": [8.25, 7, 8.5, 7.25], "texture": "#1"},
				"east": {"uv": [7.5, 4.75, 8, 5], "texture": "#1"},
				"south": {"uv": [7.25, 8.25, 7.5, 8.5], "texture": "#1"},
				"west": {"uv": [7.5, 5, 8, 5.25], "texture": "#1"},
				"up": {"uv": [2.5, 8, 2.25, 7.5], "texture": "#1"},
				"down": {"uv": [4, 7.5, 3.75, 8], "texture": "#1"}
			}
		},
		{
			"from": [11.16548, 10.64017, 9.72134],
			"to": [11.41548, 10.89017, 11.34634],
			"rotation": {"angle": -22.5, "axis": "y", "origin": [11.60298, 10.76517, 10.53384]},
			"faces": {
				"north": {"uv": [8.25, 7.25, 8.5, 7.5], "texture": "#1"},
				"east": {"uv": [5.25, 7.5, 5.75, 7.75], "texture": "#1"},
				"south": {"uv": [7.5, 8.25, 7.75, 8.5], "texture": "#1"},
				"west": {"uv": [7.5, 5.25, 8, 5.5], "texture": "#1"},
				"up": {"uv": [7.75, 6, 7.5, 5.5], "texture": "#1"},
				"down": {"uv": [6, 7.5, 5.75, 8], "texture": "#1"}
			}
		},
		{
			"from": [11.53075, 9.51517, 7.18211],
			"to": [11.78075, 9.76517, 8.80711],
			"rotation": {"angle": -22.5, "axis": "x", "origin": [11.96825, 9.89017, 8.18211]},
			"faces": {
				"north": {"uv": [8.25, 7.5, 8.5, 7.75], "texture": "#1"},
				"east": {"uv": [6, 7.5, 6.5, 7.75], "texture": "#1"},
				"south": {"uv": [7.75, 8.25, 8, 8.5], "texture": "#1"},
				"west": {"uv": [7.5, 6, 8, 6.25], "texture": "#1"},
				"up": {"uv": [7.75, 6.75, 7.5, 6.25], "texture": "#1"},
				"down": {"uv": [6.75, 7.5, 6.5, 8], "texture": "#1"}
			}
		},
		{
			"from": [11.96825, 9.13458, 6.7568],
			"to": [12.21825, 9.38458, 7.3818],
			"rotation": {"angle": -22.5, "axis": "y", "origin": [11.65575, 8.82208, 6.2568]},
			"faces": {
				"north": {"uv": [8.25, 7.75, 8.5, 8], "texture": "#1"},
				"east": {"uv": [8, 8.25, 8.25, 8.5], "texture": "#1"},
				"south": {"uv": [8.25, 8, 8.5, 8.25], "texture": "#1"},
				"west": {"uv": [8.25, 8.25, 8.5, 8.5], "texture": "#1"},
				"up": {"uv": [0.25, 8.75, 0, 8.5], "texture": "#1"},
				"down": {"uv": [8.75, 0, 8.5, 0.25], "texture": "#1"}
			}
		},
		{
			"from": [11.74902, 9.13458, 5.79987],
			"to": [11.99902, 9.38458, 6.92487],
			"rotation": {"angle": -22.5, "axis": "x", "origin": [11.74902, 9.25958, 7.17487]},
			"faces": {
				"north": {"uv": [0.25, 8.5, 0.5, 8.75], "texture": "#1"},
				"east": {"uv": [8.5, 0.25, 8.75, 0.5], "texture": "#1"},
				"south": {"uv": [0.5, 8.5, 0.75, 8.75], "texture": "#1"},
				"west": {"uv": [8.5, 0.5, 8.75, 0.75], "texture": "#1"},
				"up": {"uv": [1, 8.75, 0.75, 8.5], "texture": "#1"},
				"down": {"uv": [8.75, 0.75, 8.5, 1], "texture": "#1"}
			}
		},
		{
			"from": [2, 4.50694, 2.61031],
			"to": [4, 7.50694, 16.61031],
			"rotation": {"angle": 0, "axis": "y", "origin": [6.75, 7.48302, 10.0726]},
			"faces": {
				"north": {"uv": [4, 0, 3.5, 0.75], "texture": "#1"},
				"east": {"uv": [3.5, 0.75, 0, 1.5], "texture": "#1"},
				"south": {"uv": [4, 0.75, 3.5, 1.5], "texture": "#1"},
				"west": {"uv": [3.5, 0, 0, 0.75], "texture": "#1"},
				"up": {"uv": [0, 5, 0.5, 1.5], "texture": "#1"},
				"down": {"uv": [0.5, 1.5, 1, 5], "texture": "#1"}
			}
		},
		{
			"from": [2, 4.50694, 0.61031],
			"to": [2.375, 7.50694, 2.61031],
			"rotation": {"angle": 0, "axis": "y", "origin": [6.75, 7.48302, 10.0726]},
			"faces": {
				"north": {"uv": [1, 6.5, 0.75, 7.25], "texture": "#1"},
				"east": {"uv": [6, 5.5, 5.5, 6.25], "texture": "#1"},
				"south": {"uv": [6.75, 4.75, 6.5, 5.5], "texture": "#1"},
				"west": {"uv": [6, 4.75, 5.5, 5.5], "texture": "#1"},
				"up": {"uv": [5.5, 7.5, 5.75, 7], "texture": "#1"},
				"down": {"uv": [5.75, 7, 6, 7.5], "texture": "#1"}
			}
		},
		{
			"from": [2.875, 4.50694, 0.61031],
			"to": [3.125, 7.50694, 2.61031],
			"rotation": {"angle": 0, "axis": "y", "origin": [6.75, 7.48302, 10.0726]},
			"faces": {
				"north": {"uv": [6.75, 6.25, 6.5, 7], "texture": "#1"},
				"east": {"uv": [6.25, 1, 5.75, 1.75], "texture": "#1"},
				"south": {"uv": [1.25, 6.75, 1, 7.5], "texture": "#1"},
				"west": {"uv": [1, 5.75, 0.5, 6.5], "texture": "#1"},
				"up": {"uv": [6, 7.5, 6.25, 7], "texture": "#1"},
				"down": {"uv": [7, 6.25, 7.25, 6.75], "texture": "#1"}
			}
		},
		{
			"from": [3.625, 4.50694, 0.61031],
			"to": [4, 7.50694, 2.61031],
			"rotation": {"angle": 0, "axis": "y", "origin": [6.75, 7.48302, 10.0726]},
			"faces": {
				"north": {"uv": [1.5, 6.75, 1.25, 7.5], "texture": "#1"},
				"east": {"uv": [6.25, 1.75, 5.75, 2.5], "texture": "#1"},
				"south": {"uv": [7, 1.5, 6.75, 2.25], "texture": "#1"},
				"west": {"uv": [2, 5.75, 1.5, 6.5], "texture": "#1"},
				"up": {"uv": [6.5, 7.5, 6.75, 7], "texture": "#1"},
				"down": {"uv": [6.75, 7, 7, 7.5], "texture": "#1"}
			}
		},
		{
			"from": [1.9375, 7.00694, 0.54781],
			"to": [4.0625, 7.56944, 2.61031],
			"rotation": {"angle": 0, "axis": "y", "origin": [6.75, 7.48302, 10.0726]},
			"faces": {
				"north": {"uv": [7.5, 4, 7, 4.25], "texture": "#1"},
				"east": {"uv": [2, 7.25, 1.5, 7.5], "texture": "#1"},
				"south": {"uv": [7.5, 7, 7, 7.25], "texture": "#1"},
				"west": {"uv": [7.5, 6.75, 7, 7], "texture": "#1"},
				"up": {"uv": [2, 6.75, 2.5, 6.25], "texture": "#1"},
				"down": {"uv": [6.25, 2, 6.75, 2.5], "texture": "#1"}
			}
		},
		{
			"from": [1.9375, 4.44444, 0.54781],
			"to": [4.0625, 5.00694, 2.61031],
			"rotation": {"angle": 0, "axis": "y", "origin": [6.75, 7.48302, 10.0726]},
			"faces": {
				"north": {"uv": [7.75, 2.25, 7.25, 2.5], "texture": "#1"},
				"east": {"uv": [7.75, 3.5, 7.25, 3.75], "texture": "#1"},
				"south": {"uv": [7.75, 3, 7.25, 3.25], "texture": "#1"},
				"west": {"uv": [7.75, 2.5, 7.25, 2.75], "texture": "#1"},
				"up": {"uv": [5.5, 6.75, 6, 6.25], "texture": "#1"},
				"down": {"uv": [6, 6.25, 6.5, 6.75], "texture": "#1"}
			}
		},
		{
			"from": [2.625, 7.50694, 4.61031],
			"to": [3.375, 8.50694, 15.61031],
			"rotation": {"angle": 0, "axis": "y", "origin": [6.75, 7.48302, 10.0726]},
			"faces": {
				"north": {"uv": [4.75, 8, 4.5, 8.25], "texture": "#1"},
				"east": {"uv": [7.75, 0.25, 5, 0.5], "texture": "#1"},
				"south": {"uv": [8.25, 4.5, 8, 4.75], "texture": "#1"},
				"west": {"uv": [7.75, 0, 5, 0.25], "texture": "#1"},
				"up": {"uv": [3.5, 7.5, 3.75, 4.75], "texture": "#1"},
				"down": {"uv": [3.75, 4.75, 4, 7.5], "texture": "#1"}
			}
		},
		{
			"from": [2.5, 7.625, 4.625],
			"to": [3.5, 8.375, 15.625],
			"rotation": {"angle": 0, "axis": "y", "origin": [16, 4, 3]},
			"faces": {
				"north": {"uv": [5, 8, 4.75, 8.25], "texture": "#1"},
				"east": {"uv": [7.75, 0.75, 5, 1], "texture": "#1"},
				"south": {"uv": [8.25, 4.75, 8, 5], "texture": "#1"},
				"west": {"uv": [7.75, 0.5, 5, 0.75], "texture": "#1"},
				"up": {"uv": [0, 7.75, 0.25, 5], "texture": "#1"},
				"down": {"uv": [0.25, 5, 0.5, 7.75], "texture": "#1"}
			}
		},
		{
			"from": [2.625, 7.625, 4.25],
			"to": [3.375, 8.375, 15.75],
			"rotation": {"angle": 0, "axis": "y", "origin": [16, 4, 3]},
			"faces": {
				"north": {"uv": [5.25, 8, 5, 8.25], "texture": "#1"},
				"east": {"uv": [4, 1.75, 1, 2], "texture": "#1"},
				"south": {"uv": [8.25, 5, 8, 5.25], "texture": "#1"},
				"west": {"uv": [4, 1.5, 1, 1.75], "texture": "#1"},
				"up": {"uv": [1, 5, 1.25, 2], "texture": "#1"},
				"down": {"uv": [1.25, 2, 1.5, 5], "texture": "#1"}
			}
		},
		{
			"from": [2.875, 7.875, 4],
			"to": [3.125, 8.125, 4.25],
			"rotation": {"angle": 0, "axis": "y", "origin": [16, 4, 3]},
			"faces": {
				"north": {"uv": [5.5, 8, 5.25, 8.25], "texture": "#1"},
				"east": {"uv": [8.25, 5.5, 8, 5.75], "texture": "#1"},
				"south": {"uv": [5.75, 8, 5.5, 8.25], "texture": "#1"},
				"west": {"uv": [8.25, 5.25, 8, 5.5], "texture": "#1"},
				"up": {"uv": [5.75, 8.25, 6, 8], "texture": "#1"},
				"down": {"uv": [8, 5.75, 8.25, 6], "texture": "#1"}
			}
		},
		{
			"from": [6, 3.5, 12.75],
			"to": [6.25, 10, 13.5],
			"rotation": {"angle": -45, "axis": "z", "origin": [7.5, 8, 13.25]},
			"faces": {
				"north": {"uv": [1.5, 5, 1.25, 6.75], "texture": "#1"},
				"east": {"uv": [4.25, 5.5, 4, 7.25], "texture": "#1"},
				"south": {"uv": [5.5, 4.25, 5.25, 6], "texture": "#1"},
				"west": {"uv": [5.25, 4.25, 5, 6], "texture": "#1"},
				"up": {"uv": [6, 8.25, 6.25, 8], "texture": "#1"},
				"down": {"uv": [8, 6, 8.25, 6.25], "texture": "#1"}
			}
		},
		{
			"from": [6, 6.4375, 12.8125],
			"to": [6.25, 8.5, 13.4375],
			"rotation": {"angle": 0, "axis": "y", "origin": [16, 4, 3]},
			"faces": {
				"north": {"uv": [1, 7.25, 0.75, 7.75], "texture": "#1"},
				"east": {"uv": [4.5, 7.25, 4.25, 7.75], "texture": "#1"},
				"south": {"uv": [4.25, 7.25, 4, 7.75], "texture": "#1"},
				"west": {"uv": [2.75, 7.25, 2.5, 7.75], "texture": "#1"},
				"up": {"uv": [6.25, 8.25, 6.5, 8], "texture": "#1"},
				"down": {"uv": [8, 6.25, 8.25, 6.5], "texture": "#1"}
			}
		},
		{
			"from": [3.5, 8, 7],
			"to": [3.75, 8.75, 13.5],
			"rotation": {"angle": -22.5, "axis": "z", "origin": [5.5, 8.5, 12.5]},
			"faces": {
				"north": {"uv": [6.75, 8, 6.5, 8.25], "texture": "#1"},
				"east": {"uv": [7.25, 4.5, 5.5, 4.75], "texture": "#1"},
				"south": {"uv": [8.25, 6.5, 8, 6.75], "texture": "#1"},
				"west": {"uv": [7.25, 4.25, 5.5, 4.5], "texture": "#1"},
				"up": {"uv": [4.25, 7.25, 4.5, 5.5], "texture": "#1"},
				"down": {"uv": [4.5, 5.5, 4.75, 7.25], "texture": "#1"}
			}
		},
		{
			"from": [3.5, 8.75, 5.5],
			"to": [4, 9.875, 7],
			"rotation": {"angle": -22.5, "axis": "z", "origin": [3.5, 9.5, 6.5]},
			"faces": {
				"north": {"uv": [7, 8, 6.75, 8.25], "texture": "#1"},
				"east": {"uv": [7.75, 4.25, 7.25, 4.5], "texture": "#1"},
				"south": {"uv": [8.25, 6.75, 8, 7], "texture": "#1"},
				"west": {"uv": [7.75, 3.75, 7.25, 4], "texture": "#1"},
				"up": {"uv": [4.5, 7.75, 4.75, 7.25], "texture": "#1"},
				"down": {"uv": [7.25, 6.25, 7.5, 6.75], "texture": "#1"}
			}
		},
		{
			"from": [3.625, 9.75, 6.25],
			"to": [3.875, 10.0625, 6.4375],
			"rotation": {"angle": -22.5, "axis": "z", "origin": [3.5, 9.5, 6.5]},
			"faces": {
				"north": {"uv": [7.25, 8, 7, 8.25], "texture": "#1"},
				"east": {"uv": [8.25, 7.25, 8, 7.5], "texture": "#1"},
				"south": {"uv": [7.5, 8, 7.25, 8.25], "texture": "#1"},
				"west": {"uv": [8.25, 7, 8, 7.25], "texture": "#1"},
				"up": {"uv": [7.5, 8.25, 7.75, 8], "texture": "#1"},
				"down": {"uv": [8, 7.5, 8.25, 7.75], "texture": "#1"}
			}
		},
		{
			"from": [3.5, 9.1875, 5],
			"to": [4, 9.875, 5.5],
			"rotation": {"angle": -22.5, "axis": "z", "origin": [3.5, 9.5, 6.5]},
			"faces": {
				"north": {"uv": [8, 8, 7.75, 8.25], "texture": "#1"},
				"east": {"uv": [0.25, 8.25, 0, 8.5], "texture": "#1"},
				"south": {"uv": [8.25, 8, 8, 8.25], "texture": "#1"},
				"west": {"uv": [8.25, 7.75, 8, 8], "texture": "#1"},
				"up": {"uv": [8.25, 0.25, 8.5, 0], "texture": "#1"},
				"down": {"uv": [0.25, 8.25, 0.5, 8.5], "texture": "#1"}
			}
		},
		{
			"from": [4.5, 9.25, 11.75],
			"to": [5.1875, 11.25, 14.75],
			"rotation": {"angle": -22.5, "axis": "z", "origin": [5.625, 10.5, 13.25]},
			"faces": {
				"north": {"uv": [7.25, 7.25, 7, 7.75], "texture": "#1"},
				"east": {"uv": [6.5, 2.5, 5.75, 3], "texture": "#1"},
				"south": {"uv": [7.5, 7.25, 7.25, 7.75], "texture": "#1"},
				"west": {"uv": [2.75, 5.75, 2, 6.25], "texture": "#1"},
				"up": {"uv": [2, 7.5, 2.25, 6.75], "texture": "#1"},
				"down": {"uv": [2.25, 6.75, 2.5, 7.5], "texture": "#1"}
			}
		},
		{
			"from": [4.4375, 8.75, 12.25],
			"to": [5.25, 11.75, 14.25],
			"rotation": {"angle": -22.5, "axis": "z", "origin": [5.625, 10.5, 13.25]},
			"faces": {
				"north": {"uv": [7, 2.25, 6.75, 3], "texture": "#1"},
				"east": {"uv": [6.5, 4.75, 6, 5.5], "texture": "#1"},
				"south": {"uv": [3, 6.75, 2.75, 7.5], "texture": "#1"},
				"west": {"uv": [5.25, 6, 4.75, 6.75], "texture": "#1"},
				"up": {"uv": [0.5, 8, 0.75, 7.5], "texture": "#1"},
				"down": {"uv": [1, 7.5, 1.25, 8], "texture": "#1"}
			}
		},
		{
			"from": [1.75, 4.25, 3],
			"to": [4.25, 7.75, 4],
			"rotation": {"angle": 0, "axis": "y", "origin": [16, 4, 3]},
			"faces": {
				"north": {"uv": [2.25, 2, 1.5, 3], "texture": "#1"},
				"east": {"uv": [0.75, 6.5, 0.5, 7.5], "texture": "#1"},
				"south": {"uv": [3, 2, 2.25, 3], "texture": "#1"},
				"west": {"uv": [2.75, 6.25, 2.5, 7.25], "texture": "#1"},
				"up": {"uv": [6.75, 5, 7.5, 4.75], "texture": "#1"},
				"down": {"uv": [6.75, 5, 7.5, 5.25], "texture": "#1"}
			}
		},
		{
			"from": [1.75, 4.25, 10],
			"to": [4.25, 7.5, 11],
			"rotation": {"angle": 0, "axis": "y", "origin": [16, 4, 3]},
			"faces": {
				"north": {"uv": [1.25, 5, 0.5, 5.75], "texture": "#1"},
				"east": {"uv": [5.25, 6.75, 5, 7.5], "texture": "#1"},
				"south": {"uv": [5.75, 1, 5, 1.75], "texture": "#1"},
				"west": {"uv": [5, 6.75, 4.75, 7.5], "texture": "#1"},
				"up": {"uv": [6.75, 5.5, 7.5, 5.25], "texture": "#1"},
				"down": {"uv": [5.5, 6.75, 6.25, 7], "texture": "#1"}
			}
		},
		{
			"from": [2, 7.4375, 10.0625],
			"to": [2.25, 8.75, 10.9375],
			"rotation": {"angle": -22.5, "axis": "z", "origin": [1.875, 8.15625, 10.5]},
			"faces": {
				"north": {"uv": [8.5, 0.25, 8.25, 0.5], "texture": "#1"},
				"east": {"uv": [1, 8.25, 0.75, 8.5], "texture": "#1"},
				"south": {"uv": [8.5, 0.5, 8.25, 0.75], "texture": "#1"},
				"west": {"uv": [0.75, 8.25, 0.5, 8.5], "texture": "#1"},
				"up": {"uv": [8.25, 1, 8.5, 0.75], "texture": "#1"},
				"down": {"uv": [1, 8.25, 1.25, 8.5], "texture": "#1"}
			}
		},
		{
			"from": [4.5, 11.375, 10.0625],
			"to": [4.75, 12.5625, 10.9375],
			"rotation": {"angle": 22.5, "axis": "z", "origin": [14.125, 8.15625, 10.5]},
			"faces": {
				"north": {"uv": [8.5, 1, 8.25, 1.25], "texture": "#1"},
				"east": {"uv": [1.75, 8.25, 1.5, 8.5], "texture": "#1"},
				"south": {"uv": [8.5, 1.25, 8.25, 1.5], "texture": "#1"},
				"west": {"uv": [1.5, 8.25, 1.25, 8.5], "texture": "#1"},
				"up": {"uv": [8.25, 1.75, 8.5, 1.5], "texture": "#1"},
				"down": {"uv": [1.75, 8.25, 2, 8.5], "texture": "#1"}
			}
		},
		{
			"from": [2.22523, 8.52943, 10],
			"to": [3.78773, 8.77943, 11],
			"rotation": {"angle": 0, "axis": "y", "origin": [3.50648, 8.96693, 10.5]},
			"faces": {
				"north": {"uv": [7.75, 4.5, 7.25, 4.75], "texture": "#1"},
				"east": {"uv": [2.25, 8.25, 2, 8.5], "texture": "#1"},
				"south": {"uv": [1.75, 7.5, 1.25, 7.75], "texture": "#1"},
				"west": {"uv": [8.5, 1.75, 8.25, 2], "texture": "#1"},
				"up": {"uv": [7.5, 1.75, 8, 1.5], "texture": "#1"},
				"down": {"uv": [1.75, 7.5, 2.25, 7.75], "texture": "#1"}
			}
		},
		{
			"from": [2.22523, 8.52943, 14],
			"to": [3.78773, 8.77943, 15],
			"rotation": {"angle": 0, "axis": "y", "origin": [3.50648, 8.96693, 14.5]},
			"faces": {
				"north": {"uv": [8, 1.75, 7.5, 2], "texture": "#1"},
				"east": {"uv": [2.5, 8.25, 2.25, 8.5], "texture": "#1"},
				"south": {"uv": [8, 2, 7.5, 2.25], "texture": "#1"},
				"west": {"uv": [8.5, 2, 8.25, 2.25], "texture": "#1"},
				"up": {"uv": [2.75, 7.75, 3.25, 7.5], "texture": "#1"},
				"down": {"uv": [7.5, 2.75, 8, 3], "texture": "#1"}
			}
		},
		{
			"from": [4.5, 11.375, 14.0625],
			"to": [4.75, 12.5625, 14.9375],
			"rotation": {"angle": 22.5, "axis": "z", "origin": [14.125, 8.15625, 14.5]},
			"faces": {
				"north": {"uv": [8.5, 2.25, 8.25, 2.5], "texture": "#1"},
				"east": {"uv": [3, 8.25, 2.75, 8.5], "texture": "#1"},
				"south": {"uv": [8.5, 2.5, 8.25, 2.75], "texture": "#1"},
				"west": {"uv": [2.75, 8.25, 2.5, 8.5], "texture": "#1"},
				"up": {"uv": [8.25, 3, 8.5, 2.75], "texture": "#1"},
				"down": {"uv": [3, 8.25, 3.25, 8.5], "texture": "#1"}
			}
		},
		{
			"from": [2, 7.5, 14.0625],
			"to": [2.25, 8.75, 14.9375],
			"rotation": {"angle": -22.5, "axis": "z", "origin": [1.875, 8.15625, 14.5]},
			"faces": {
				"north": {"uv": [8.5, 3, 8.25, 3.25], "texture": "#1"},
				"east": {"uv": [3.75, 8.25, 3.5, 8.5], "texture": "#1"},
				"south": {"uv": [8.5, 3.25, 8.25, 3.5], "texture": "#1"},
				"west": {"uv": [3.5, 8.25, 3.25, 8.5], "texture": "#1"},
				"up": {"uv": [8.25, 3.75, 8.5, 3.5], "texture": "#1"},
				"down": {"uv": [3.75, 8.25, 4, 8.5], "texture": "#1"}
			}
		},
		{
			"from": [1.75, 4.25, 14],
			"to": [4.25, 7.5, 15],
			"rotation": {"angle": 0, "axis": "y", "origin": [16, 4, 7]},
			"faces": {
				"north": {"uv": [5.75, 1.75, 5, 2.5], "texture": "#1"},
				"east": {"uv": [7, 6.25, 6.75, 7], "texture": "#1"},
				"south": {"uv": [5.75, 2.5, 5, 3.25], "texture": "#1"},
				"west": {"uv": [6.5, 6.75, 6.25, 7.5], "texture": "#1"},
				"up": {"uv": [7, 1.25, 7.75, 1], "texture": "#1"},
				"down": {"uv": [7, 1.25, 7.75, 1.5], "texture": "#1"}
			}
		},
		{
			"from": [2.75, 7.86742, 3.75422],
			"to": [4, 8.11742, 4.00422],
			"rotation": {"angle": 22.5, "axis": "y", "origin": [3, 8.36742, 3.56672]},
			"faces": {
				"north": {"uv": [8.5, 3.75, 8.25, 4], "texture": "#1"},
				"east": {"uv": [4.5, 8.25, 4.25, 8.5], "texture": "#1"},
				"south": {"uv": [8.5, 4, 8.25, 4.25], "texture": "#1"},
				"west": {"uv": [4.25, 8.25, 4, 8.5], "texture": "#1"},
				"up": {"uv": [8.25, 4.5, 8.5, 4.25], "texture": "#1"},
				"down": {"uv": [4.5, 8.25, 4.75, 8.5], "texture": "#1"}
			}
		},
		{
			"from": [3.9375, 7.99294, 3.62631],
			"to": [4.1875, 8.24294, 4.87631],
			"rotation": {"angle": 0, "axis": "y", "origin": [4.5, 7.86794, 4.12631]},
			"faces": {
				"north": {"uv": [8.5, 4.5, 8.25, 4.75], "texture": "#1"},
				"east": {"uv": [5.25, 8.25, 5, 8.5], "texture": "#1"},
				"south": {"uv": [8.5, 4.75, 8.25, 5], "texture": "#1"},
				"west": {"uv": [5, 8.25, 4.75, 8.5], "texture": "#1"},
				"up": {"uv": [8.25, 5.25, 8.5, 5], "texture": "#1"},
				"down": {"uv": [5.25, 8.25, 5.5, 8.5], "texture": "#1"}
			}
		},
		{
			"from": [3.9948, 8.25, 5.13915],
			"to": [4.2448, 8.5, 6.38915],
			"rotation": {"angle": -22.5, "axis": "x", "origin": [4.3698, 7.5, 5.38915]},
			"faces": {
				"north": {"uv": [8.5, 5.25, 8.25, 5.5], "texture": "#1"},
				"east": {"uv": [6, 8.25, 5.75, 8.5], "texture": "#1"},
				"south": {"uv": [8.5, 5.5, 8.25, 5.75], "texture": "#1"},
				"west": {"uv": [5.75, 8.25, 5.5, 8.5], "texture": "#1"},
				"up": {"uv": [8.25, 6, 8.5, 5.75], "texture": "#1"},
				"down": {"uv": [6, 8.25, 6.25, 8.5], "texture": "#1"}
			}
		},
		{
			"from": [4.21753, 9.8125, 9.54477],
			"to": [4.46753, 10.0625, 10.79477],
			"rotation": {"angle": -45, "axis": "x", "origin": [5.21753, 9, 9.23227]},
			"faces": {
				"north": {"uv": [8.5, 6, 8.25, 6.25], "texture": "#1"},
				"east": {"uv": [6.75, 8.25, 6.5, 8.5], "texture": "#1"},
				"south": {"uv": [8.5, 6.25, 8.25, 6.5], "texture": "#1"},
				"west": {"uv": [6.5, 8.25, 6.25, 8.5], "texture": "#1"},
				"up": {"uv": [8.25, 6.75, 8.5, 6.5], "texture": "#1"},
				"down": {"uv": [6.75, 8.25, 7, 8.5], "texture": "#1"}
			}
		},
		{
			"from": [4.96753, 10.70267, 11.5777],
			"to": [6.59253, 10.95267, 11.8277],
			"rotation": {"angle": -22.5, "axis": "y", "origin": [6.59253, 9.26517, 11.2652]},
			"faces": {
				"north": {"uv": [3.75, 7.5, 3.25, 7.75], "texture": "#1"},
				"east": {"uv": [7.25, 8.25, 7, 8.5], "texture": "#1"},
				"south": {"uv": [8, 3.25, 7.5, 3.5], "texture": "#1"},
				"west": {"uv": [8.5, 6.75, 8.25, 7], "texture": "#1"},
				"up": {"uv": [7.5, 4.25, 8, 4], "texture": "#1"},
				"down": {"uv": [4.75, 7.5, 5.25, 7.75], "texture": "#1"}
			}
		},
		{
			"from": [5.37309, 10.75, 11.90126],
			"to": [5.62309, 11, 13.65126],
			"rotation": {"angle": 45, "axis": "y", "origin": [5.56059, 9.75, 10.71376]},
			"faces": {
				"north": {"uv": [8.5, 7, 8.25, 7.25], "texture": "#1"},
				"east": {"uv": [8, 5, 7.5, 5.25], "texture": "#1"},
				"south": {"uv": [7.5, 8.25, 7.25, 8.5], "texture": "#1"},
				"west": {"uv": [8, 4.75, 7.5, 5], "texture": "#1"},
				"up": {"uv": [2.25, 8, 2.5, 7.5], "texture": "#1"},
				"down": {"uv": [3.75, 7.5, 4, 8], "texture": "#1"}
			}
		},
		{
			"from": [4.58452, 10.64017, 9.72134],
			"to": [4.83452, 10.89017, 11.34634],
			"rotation": {"angle": 22.5, "axis": "y", "origin": [4.39702, 10.76517, 10.53384]},
			"faces": {
				"north": {"uv": [8.5, 7.25, 8.25, 7.5], "texture": "#1"},
				"east": {"uv": [8, 5.25, 7.5, 5.5], "texture": "#1"},
				"south": {"uv": [7.75, 8.25, 7.5, 8.5], "texture": "#1"},
				"west": {"uv": [5.75, 7.5, 5.25, 7.75], "texture": "#1"},
				"up": {"uv": [7.5, 6, 7.75, 5.5], "texture": "#1"},
				"down": {"uv": [5.75, 7.5, 6, 8], "texture": "#1"}
			}
		},
		{
			"from": [4.21925, 9.51517, 7.18211],
			"to": [4.46925, 9.76517, 8.80711],
			"rotation": {"angle": -22.5, "axis": "x", "origin": [4.03175, 9.89017, 8.18211]},
			"faces": {
				"north": {"uv": [8.5, 7.5, 8.25, 7.75], "texture": "#1"},
				"east": {"uv": [8, 6, 7.5, 6.25], "texture": "#1"},
				"south": {"uv": [8, 8.25, 7.75, 8.5], "texture": "#1"},
				"west": {"uv": [6.5, 7.5, 6, 7.75], "texture": "#1"},
				"up": {"uv": [7.5, 6.75, 7.75, 6.25], "texture": "#1"},
				"down": {"uv": [6.5, 7.5, 6.75, 8], "texture": "#1"}
			}
		},
		{
			"from": [3.78175, 9.13458, 6.7568],
			"to": [4.03175, 9.38458, 7.3818],
			"rotation": {"angle": 22.5, "axis": "y", "origin": [4.34425, 8.82208, 6.2568]},
			"faces": {
				"north": {"uv": [8.5, 7.75, 8.25, 8], "texture": "#1"},
				"east": {"uv": [8.5, 8.25, 8.25, 8.5], "texture": "#1"},
				"south": {"uv": [8.5, 8, 8.25, 8.25], "texture": "#1"},
				"west": {"uv": [8.25, 8.25, 8, 8.5], "texture": "#1"},
				"up": {"uv": [0, 8.75, 0.25, 8.5], "texture": "#1"},
				"down": {"uv": [8.5, 0, 8.75, 0.25], "texture": "#1"}
			}
		},
		{
			"from": [4.00098, 9.13458, 5.79987],
			"to": [4.25098, 9.38458, 6.92487],
			"rotation": {"angle": -22.5, "axis": "x", "origin": [4.25098, 9.25958, 7.17487]},
			"faces": {
				"north": {"uv": [0.5, 8.5, 0.25, 8.75], "texture": "#1"},
				"east": {"uv": [8.75, 0.5, 8.5, 0.75], "texture": "#1"},
				"south": {"uv": [0.75, 8.5, 0.5, 8.75], "texture": "#1"},
				"west": {"uv": [8.75, 0.25, 8.5, 0.5], "texture": "#1"},
				"up": {"uv": [0.75, 8.75, 1, 8.5], "texture": "#1"},
				"down": {"uv": [8.5, 0.75, 8.75, 1], "texture": "#1"}
			}
		},
		{
			"from": [7, 9.23947, 11.19813],
			"to": [9, 11.23947, 11.44813],
			"rotation": {"angle": 0, "axis": "y", "origin": [9.25, 7.48302, 10.0726]},
			"faces": {
				"north": {"uv": [6.5, 1, 7, 1.5], "texture": "#1"},
				"east": {"uv": [6.75, 7.5, 7, 8], "texture": "#1"},
				"south": {"uv": [1.5, 6.5, 2, 7], "texture": "#1"},
				"west": {"uv": [7.5, 6.75, 7.75, 7.25], "texture": "#1"},
				"up": {"uv": [8, 7.5, 7.5, 7.25], "texture": "#1"},
				"down": {"uv": [8, 7.5, 7.5, 7.75], "texture": "#1"}
			}
		},
		{
			"from": [7.75, 9.75, 11.375],
			"to": [8.25, 10.5, 12.875],
			"rotation": {"angle": 0, "axis": "y", "origin": [0, 4, 3]},
			"faces": {
				"north": {"uv": [1, 8.5, 1.25, 8.75], "texture": "#1"},
				"east": {"uv": [0, 7.75, 0.5, 8], "texture": "#1"},
				"south": {"uv": [8.5, 1, 8.75, 1.25], "texture": "#1"},
				"west": {"uv": [7.75, 0, 8.25, 0.25], "texture": "#1"},
				"up": {"uv": [8, 0.75, 7.75, 0.25], "texture": "#1"},
				"down": {"uv": [1, 7.75, 0.75, 8.25], "texture": "#1"}
			}
		},
		{
			"from": [5, 10, 12.75],
			"to": [11, 11, 13.75],
			"rotation": {"angle": 0, "axis": "y", "origin": [0, 4, 3.75]},
			"faces": {
				"north": {"uv": [5.75, 3, 7.25, 3.25], "texture": "#1"},
				"east": {"uv": [1.25, 8.5, 1.5, 8.75], "texture": "#1"},
				"south": {"uv": [6, 5.5, 7.5, 5.75], "texture": "#1"},
				"west": {"uv": [8.5, 1.25, 8.75, 1.5], "texture": "#1"},
				"up": {"uv": [7.5, 6, 6, 5.75], "texture": "#1"},
				"down": {"uv": [7.5, 6, 6, 6.25], "texture": "#1"}
			}
		},
		{
			"from": [4, 6.25, 12.6875],
			"to": [12, 6.5, 13.5625],
			"rotation": {"angle": 0, "axis": "y", "origin": [0, 4, 3.75]},
			"faces": {
				"north": {"uv": [5, 3.25, 7, 3.5], "texture": "#1"},
				"east": {"uv": [1.5, 8.5, 1.75, 8.75], "texture": "#1"},
				"south": {"uv": [5, 3.5, 7, 3.75], "texture": "#1"},
				"west": {"uv": [8.5, 1.5, 8.75, 1.75], "texture": "#1"},
				"up": {"uv": [7, 4, 5, 3.75], "texture": "#1"},
				"down": {"uv": [7, 4, 5, 4.25], "texture": "#1"}
			}
		},
		{
			"from": [7.3125, 11, 12.6875],
			"to": [8.6875, 11.8125, 13.8125],
			"rotation": {"angle": 0, "axis": "y", "origin": [0, 4, 3]},
			"faces": {
				"north": {"uv": [1.75, 8.5, 2, 8.75], "texture": "#1"},
				"east": {"uv": [8.5, 1.75, 8.75, 2], "texture": "#1"},
				"south": {"uv": [2, 8.5, 2.25, 8.75], "texture": "#1"},
				"west": {"uv": [8.5, 2, 8.75, 2.25], "texture": "#1"},
				"up": {"uv": [2.5, 8.75, 2.25, 8.5], "texture": "#1"},
				"down": {"uv": [8.75, 2.25, 8.5, 2.5], "texture": "#1"}
			}
		},
		{
			"from": [7.4375, 11, 12.5625],
			"to": [8.5625, 11.875, 13.9375],
			"rotation": {"angle": 0, "axis": "y", "origin": [0, 4, 3]},
			"faces": {
				"north": {"uv": [2.5, 8.5, 2.75, 8.75], "texture": "#1"},
				"east": {"uv": [8.5, 2.5, 8.75, 2.75], "texture": "#1"},
				"south": {"uv": [2.75, 8.5, 3, 8.75], "texture": "#1"},
				"west": {"uv": [8.5, 2.75, 8.75, 3], "texture": "#1"},
				"up": {"uv": [3.25, 8.75, 3, 8.5], "texture": "#1"},
				"down": {"uv": [8.75, 3, 8.5, 3.25], "texture": "#1"}
			}
		}
	],
	"display": {
		"thirdperson_righthand": {
			"rotation": [69, 0, 0],
			"translation": [-6, -6.5, 4.25]
		},
		"thirdperson_lefthand": {
			"rotation": [69, 0, 0],
			"translation": [-6, -6.5, 4.25]
		},
		"firstperson_righthand": {
			"rotation": [-1.5, 0, 0],
			"translation": [-8.9, 7, 9.75],
			"scale": [1.15, 1, 1]
		},
		"firstperson_lefthand": {
			"rotation": [-1.5, 0, 0],
			"translation": [-8.9, 7, 9.75],
			"scale": [1.15, 1, 1]
		},
		"ground": {
			"translation": [0, 5.5, 2.5]
		},
		"gui": {
			"rotation": [28.55, -19.55, 3.68],
			"translation": [-1.25, 1.5, 0],
			"scale": [0.9, 0.9, 0.9]
		},
		"head": {
			"translation": [0, -80, 0],
			"scale": [2.3, 2.3, 2.3]
		},
		"fixed": {
			"rotation": [-90, 0, 0],
			"translation": [0.5, 5.75, -33.5],
			"scale": [4, 4, 4]
		}
	},
	"groups": [
		{
			"name": "group",
			"origin": [9, -1, 16],
			"color": 0,
			"children": [
				{
					"name": "body",
					"origin": [9, -1, 16],
					"color": 0,
					"children": [0, 1]
				},
				{
					"name": "arm",
					"origin": [9, -1, 16],
					"color": 0,
					"children": [2, 3]
				},
				{
					"name": "arm",
					"origin": [9, -1, 16],
					"color": 0,
					"children": [4, 5]
				},
				{
					"name": "leg",
					"origin": [1, 8, 8],
					"color": 0,
					"children": [6, 7]
				},
				{
					"name": "leg",
					"origin": [1, 8, 8],
					"color": 0,
					"children": [8, 9]
				}
			]
		},
		{
			"name": "group",
			"origin": [8, 8, 8],
			"color": 0,
			"children": [
				{
					"name": "group",
					"origin": [0, 0, 0],
					"color": 0,
					"children": [
						{
							"name": "group",
							"origin": [0, 0, 0],
							"color": 0,
							"children": [10, 11, 12, 13, 14]
						},
						{
							"name": "group",
							"origin": [0, 0, 0],
							"color": 0,
							"children": [15, 16, 17, 18, 19, 20]
						},
						21,
						22,
						23,
						24,
						25,
						26,
						27,
						28
					]
				}
			]
		},
		{
			"name": "group",
			"origin": [8, 8, 8],
			"color": 0,
			"children": [
				{
					"name": "group",
					"origin": [0, 0, 0],
					"color": 0,
					"children": [
						{
							"name": "group",
							"origin": [0, 0, 0],
							"color": 0,
							"children": [29, 30, 31, 32, 33]
						},
						{
							"name": "group",
							"origin": [0, 0, 0],
							"color": 0,
							"children": [34, 35, 36, 37, 38, 39]
						},
						40,
						41,
						42,
						43,
						44,
						45,
						46,
						47
					]
				},
				{
					"name": "group",
					"origin": [8, 8, 8],
					"color": 0,
					"children": [
						{
							"name": "group",
							"origin": [0, 0, 0],
							"color": 0,
							"children": [
								{
									"name": "group",
									"origin": [0, 0, 0],
									"color": 0,
									"children": [48, 49, 50, 51, 52, 53]
								},
								{
									"name": "group",
									"origin": [9.25, 3.48302, 7.0726],
									"color": 0,
									"children": [54, 55, 56, 57]
								},
								58,
								59,
								{
									"name": "group",
									"origin": [0, 0, 0],
									"color": 0,
									"children": [60, 61, 62, 63, 64, 65]
								},
								{
									"name": "group",
									"origin": [0, 0, 0],
									"color": 0,
									"children": [66, 67, 68, 69, 70, 71, 72, 73, 74]
								},
								{
									"name": "group",
									"origin": [0, 0, 0],
									"color": 0,
									"children": [75, 76, 77, 78, 79, 80, 81, 82, 83, 84]
								}
							]
						},
						{
							"name": "group",
							"origin": [0, 0, 0],
							"color": 0,
							"children": [
								{
									"name": "group",
									"origin": [0, 0, 0],
									"color": 0,
									"children": [85, 86, 87, 88, 89, 90]
								},
								{
									"name": "group",
									"origin": [9.25, 3.48302, 7.0726],
									"color": 0,
									"children": [91, 92, 93, 94]
								},
								95,
								96,
								{
									"name": "group",
									"origin": [0, 0, 0],
									"color": 0,
									"children": [97, 98, 99, 100, 101, 102]
								},
								{
									"name": "group",
									"origin": [0, 0, 0],
									"color": 0,
									"children": [103, 104, 105, 106, 107, 108, 109, 110, 111]
								},
								{
									"name": "group",
									"origin": [0, 0, 0],
									"color": 0,
									"children": [112, 113, 114, 115, 116, 117, 118, 119, 120, 121]
								}
							]
						},
						{
							"name": "group",
							"origin": [9.25, 3.48302, 7.0726],
							"color": 0,
							"children": [122, 123, 124, 125, 126, 127]
						}
					]
				}
			]
		}
	]
}