{
	"credit": "Made with Blockbench",
	"elements": [
		{
			"from": [4, 6.5, 13],
			"to": [12, 22.5, 14],
			"rotation": {"angle": -22.5, "axis": "x", "origin": [8, 15.5, 10.5]},
			"color": 2,
			"faces": {
				"north": {"uv": [0, 0, 8, 16], "texture": "#missing"},
				"east": {"uv": [0, 0, 1, 16], "texture": "#missing"},
				"south": {"uv": [0, 0, 8, 16], "texture": "#missing"},
				"west": {"uv": [0, 0, 1, 16], "texture": "#missing"},
				"up": {"uv": [0, 0, 8, 1], "texture": "#missing"},
				"down": {"uv": [0, 0, 8, 1], "texture": "#missing"}
			}
		}
	],
	"display": {
		"head": {
			"translation": [0, -23.25, 1]
		}
	},
	"groups": [
		{
			"name": "group",
			"origin": [0, 0, 0],
			"color": 0,
			"children": [0]
		}
	]
}