{
    "display": {
        "icon": {
            "id": "minecraft:red_sand"
        },
        "title": {
			"translate": "C KNO3 S!",
            "color": "red"
        },
        "description": {
			"translate": "75% 15% 10% In that order!",
            "color": "white"
        },
        "frame": "task",
        "show_toast": true,
        "announce_to_chat": true,
        "hidden": false
    },
    "criteria": {        
        "unlock": {
            "trigger": "minecraft:inventory_changed",
            "conditions": {
                "items": [
                    {
                      "items": "minecraft:red_sand"
                    }
                ]
            }
        }
    },
    "rewards": {
        "function": "snc:api/give/misc/guide/titan_war"
    },
    "parent": "snc:survey/equip"
}