{
	"credit": "Made with Blockbench",
	"texture_size": [32, 32],
	"textures": {
		"0": "custom/item/gun/carbine/body",
		"particle": "custom/item/gun/carbine/body"
	},
	"elements": [
		{
			"from": [7, 0, 8],
			"to": [9, 2.75, 17],
			"rotation": {"angle": 0, "axis": "y", "origin": [8.72855, 1.48928, 11.5]},
			"faces": {
				"north": {"uv": [9, 0, 10, 1.5], "texture": "#0"},
				"east": {"uv": [0, 4, 4.5, 5.5], "texture": "#0"},
				"south": {"uv": [10, 2, 11, 3.5], "texture": "#0"},
				"west": {"uv": [4.5, 0, 9, 1.5], "texture": "#0"},
				"up": {"uv": [1, 10, 0, 5.5], "texture": "#0"},
				"down": {"uv": [2, 5.5, 1, 10], "texture": "#0"}
			}
		},
		{
			"from": [7, -0.5, -1],
			"to": [9, 2.75, 8],
			"rotation": {"angle": 0, "axis": "y", "origin": [8.72855, 1.48928, 2.5]},
			"faces": {
				"north": {"uv": [0, 10, 1, 12], "texture": "#0"},
				"east": {"uv": [0, 0, 4.5, 2], "texture": "#0"},
				"south": {"uv": [10, 0, 11, 2], "texture": "#0"},
				"west": {"uv": [0, 2, 4.5, 4], "texture": "#0"},
				"up": {"uv": [3, 10, 2, 5.5], "texture": "#0"},
				"down": {"uv": [4, 5.5, 3, 10], "texture": "#0"}
			}
		},
		{
			"from": [7, 0, 17],
			"to": [9, 2, 19],
			"rotation": {"angle": 0, "axis": "y", "origin": [8.72855, 1.48928, 11.5]},
			"faces": {
				"north": {"uv": [12, 4.5, 13, 5.5], "texture": "#0"},
				"east": {"uv": [8, 12, 9, 13], "texture": "#0"},
				"south": {"uv": [9, 12, 10, 13], "texture": "#0"},
				"west": {"uv": [10, 12, 11, 13], "texture": "#0"},
				"up": {"uv": [12.5, 13, 11.5, 12], "texture": "#0"},
				"down": {"uv": [13.5, 0, 12.5, 1], "texture": "#0"}
			}
		},
		{
			"from": [7, -1, 19],
			"to": [9, 2, 20],
			"rotation": {"angle": 0, "axis": "y", "origin": [8.72855, -0.51072, 11.5]},
			"faces": {
				"north": {"uv": [11, 3.5, 12, 5], "texture": "#0"},
				"east": {"uv": [11.5, 0, 12.5, 1.5], "texture": "#0"},
				"south": {"uv": [11.5, 1.5, 12.5, 3], "texture": "#0"},
				"west": {"uv": [11.5, 7.5, 12.5, 9], "texture": "#0"},
				"up": {"uv": [13.5, 2, 12.5, 1], "texture": "#0"},
				"down": {"uv": [13.5, 2, 12.5, 3], "texture": "#0"}
			}
		},
		{
			"from": [8, -2, 11],
			"to": [8, 0.25, 16],
			"rotation": {"angle": 0, "axis": "y", "origin": [8.72855, 1.48928, 10.5]},
			"faces": {
				"north": {"uv": [0, 0, 0, 1], "texture": "#0"},
				"east": {"uv": [8.5, 3.5, 11, 4.5], "texture": "#0"},
				"south": {"uv": [0, 0, 0, 1], "texture": "#0"},
				"west": {"uv": [11, 3.5, 8.5, 4.5], "texture": "#0"},
				"up": {"uv": [0, 2.5, 0, 0], "texture": "#0"},
				"down": {"uv": [0, 0, 0, 2.5], "texture": "#0"}
			}
		},
		{
			"from": [7.5, -6.65, 8],
			"to": [8.5, 0.6, 10],
			"rotation": {"angle": 22.5, "axis": "x", "origin": [8, -2.025, 9]},
			"faces": {
				"north": {"uv": [11, 0, 11.5, 3.5], "texture": "#0"},
				"east": {"uv": [5, 7, 6, 10.5], "texture": "#0"},
				"south": {"uv": [11, 9.5, 11.5, 13], "texture": "#0"},
				"west": {"uv": [6, 7, 7, 10.5], "texture": "#0"},
				"up": {"uv": [4.5, 6.5, 4, 5.5], "texture": "#0"},
				"down": {"uv": [9.5, 13, 9, 14], "texture": "#0"}
			}
		},
		{
			"from": [7, -3, 27],
			"to": [9, 1.5, 31],
			"rotation": {"angle": 0, "axis": "y", "origin": [8.72855, 1.48928, 10.5]},
			"faces": {
				"north": {"uv": [9.5, 7.5, 10.5, 10], "texture": "#0"},
				"east": {"uv": [4.5, 1.5, 6.5, 4], "texture": "#0"},
				"south": {"uv": [8, 9.5, 9, 12], "texture": "#0"},
				"west": {"uv": [4.5, 4, 6.5, 6.5], "texture": "#0"},
				"up": {"uv": [2, 12, 1, 10], "texture": "#0"},
				"down": {"uv": [3, 10, 2, 12], "texture": "#0"}
			}
		},
		{
			"from": [7, -2, 23],
			"to": [9, 2, 27],
			"rotation": {"angle": 0, "axis": "y", "origin": [8.72855, 1.48928, 10.5]},
			"faces": {
				"north": {"uv": [3, 10, 4, 12], "texture": "#0"},
				"east": {"uv": [6.5, 1.5, 8.5, 3.5], "texture": "#0"},
				"south": {"uv": [9, 10, 10, 12], "texture": "#0"},
				"west": {"uv": [6.5, 3.5, 8.5, 5.5], "texture": "#0"},
				"up": {"uv": [11, 12, 10, 10], "texture": "#0"},
				"down": {"uv": [6, 10.5, 5, 12.5], "texture": "#0"}
			}
		},
		{
			"from": [7, -1, 20],
			"to": [9, 2.5, 23],
			"rotation": {"angle": 0, "axis": "y", "origin": [8.72855, 1.48928, 10.5]},
			"faces": {
				"north": {"uv": [6, 10.5, 7, 12.5], "texture": "#0"},
				"east": {"uv": [8, 7.5, 9.5, 9.5], "texture": "#0"},
				"south": {"uv": [10.5, 7.5, 11.5, 9.5], "texture": "#0"},
				"west": {"uv": [8.5, 1.5, 10, 3.5], "texture": "#0"},
				"up": {"uv": [12.5, 10.5, 11.5, 9], "texture": "#0"},
				"down": {"uv": [12.5, 10.5, 11.5, 12], "texture": "#0"}
			}
		},
		{
			"from": [7.5, 1.75, -14],
			"to": [8.5, 2.75, -1],
			"rotation": {"angle": 0, "axis": "y", "origin": [8, 2.3, -7.5]},
			"faces": {
				"north": {"uv": [9, 9.5, 9.5, 10], "texture": "#0"},
				"east": {"uv": [6.5, 6, 13, 6.5], "texture": "#0"},
				"south": {"uv": [10.5, 9.5, 11, 10], "texture": "#0"},
				"west": {"uv": [7, 7, 13.5, 7.5], "texture": "#0"},
				"up": {"uv": [7.5, 14, 7, 7.5], "texture": "#0"},
				"down": {"uv": [8, 7.5, 7.5, 14], "texture": "#0"}
			}
		},
		{
			"from": [7.26512, 2.2956, -13.75],
			"to": [7.76512, 2.7956, -11.25],
			"rotation": {"angle": -45, "axis": "z", "origin": [8, 2.06072, -9.75]},
			"faces": {
				"north": {"uv": [11.5, 3, 12, 3.5], "texture": "#0"},
				"east": {"uv": [12, 6.5, 13.5, 7], "texture": "#0"},
				"south": {"uv": [13, 10.5, 13.5, 11], "texture": "#0"},
				"west": {"uv": [12.5, 7.5, 14, 8], "texture": "#0"},
				"up": {"uv": [13, 9.5, 12.5, 8], "texture": "#0"},
				"down": {"uv": [13, 9.5, 12.5, 11], "texture": "#0"}
			}
		},
		{
			"from": [7.5, 2.25, -1],
			"to": [8.5, 3.25, 16],
			"rotation": {"angle": 0, "axis": "y", "origin": [8.72855, 1.23928, 11.5]},
			"faces": {
				"north": {"uv": [12.5, 13, 13, 13.5], "texture": "#0"},
				"east": {"uv": [4, 6.5, 12, 7], "texture": "#0"},
				"south": {"uv": [13, 13, 13.5, 13.5], "texture": "#0"},
				"west": {"uv": [6.5, 5.5, 14.5, 6], "texture": "#0"},
				"up": {"uv": [4.5, 15, 4, 7], "texture": "#0"},
				"down": {"uv": [5, 7, 4.5, 15], "texture": "#0"}
			}
		},
		{
			"from": [7.5, 3.25, 12],
			"to": [7.5, 3.75, 15],
			"rotation": {"angle": 0, "axis": "y", "origin": [8.72855, 1.73928, 11.5]},
			"faces": {
				"north": {"uv": [0, 0, 0, 0.5], "texture": "#0"},
				"east": {"uv": [12.5, 11, 14, 11.5], "texture": "#0"},
				"south": {"uv": [0, 0, 0, 0.5], "texture": "#0"},
				"west": {"uv": [12.5, 11.5, 14, 12], "texture": "#0"},
				"up": {"uv": [0, 1.5, 0, 0], "texture": "#0"},
				"down": {"uv": [0, 0, 0, 1.5], "texture": "#0"}
			}
		},
		{
			"from": [8.5, 3.25, 12],
			"to": [8.5, 3.75, 15],
			"rotation": {"angle": 0, "axis": "y", "origin": [9.72855, 1.73928, 11.5]},
			"faces": {
				"north": {"uv": [0, 0, 0, 0.5], "texture": "#0"},
				"east": {"uv": [12.5, 12, 14, 12.5], "texture": "#0"},
				"south": {"uv": [0, 0, 0, 0.5], "texture": "#0"},
				"west": {"uv": [12.5, 12.5, 14, 13], "texture": "#0"},
				"up": {"uv": [0, 1.5, 0, 0], "texture": "#0"},
				"down": {"uv": [0, 0, 0, 1.5], "texture": "#0"}
			}
		},
		{
			"from": [8.14645, 1.85, 7.95],
			"to": [9.64645, 2.85, 8.95],
			"rotation": {"angle": -22.5, "axis": "z", "origin": [8.89645, 2.35, 8.45]},
			"faces": {
				"north": {"uv": [11, 5, 12, 5.5], "texture": "#0"},
				"east": {"uv": [0, 13.5, 0.5, 14], "texture": "#0"},
				"south": {"uv": [13, 6, 14, 6.5], "texture": "#0"},
				"west": {"uv": [13.5, 0, 14, 0.5], "texture": "#0"},
				"up": {"uv": [10.5, 13.5, 9.5, 13], "texture": "#0"},
				"down": {"uv": [14, 9.5, 13, 10], "texture": "#0"}
			}
		},
		{
			"from": [9.45711, 1.53934, 7.2],
			"to": [10.45711, 2.53934, 9.2],
			"rotation": {"angle": 0, "axis": "z", "origin": [9.22855, 1.23928, 8.5]},
			"faces": {
				"north": {"uv": [0.5, 13.5, 1, 14], "texture": "#0"},
				"east": {"uv": [13, 10, 14, 10.5], "texture": "#0"},
				"south": {"uv": [13.5, 0.5, 14, 1], "texture": "#0"},
				"west": {"uv": [10.5, 13, 11.5, 13.5], "texture": "#0"},
				"up": {"uv": [12, 14, 11.5, 13], "texture": "#0"},
				"down": {"uv": [12.5, 13, 12, 14], "texture": "#0"}
			}
		},
		{
			"from": [9.63518, 2.67624, 8],
			"to": [10.13518, 3.17624, 11],
			"rotation": {"angle": 45, "axis": "z", "origin": [8.72855, 0.73928, 11.5]},
			"faces": {
				"north": {"uv": [1, 13.5, 1.5, 14], "texture": "#0"},
				"east": {"uv": [0, 13, 1.5, 13.5], "texture": "#0"},
				"south": {"uv": [13.5, 1, 14, 1.5], "texture": "#0"},
				"west": {"uv": [1.5, 13, 3, 13.5], "texture": "#0"},
				"up": {"uv": [13.5, 4.5, 13, 3], "texture": "#0"},
				"down": {"uv": [8.5, 13, 8, 14.5], "texture": "#0"}
			}
		},
		{
			"from": [7.25, -0.25, -4],
			"to": [8.75, 1.75, -1],
			"rotation": {"angle": 0, "axis": "y", "origin": [8.72855, 1.23928, 11.5]},
			"faces": {
				"north": {"uv": [5, 12.5, 6, 13.5], "texture": "#0"},
				"east": {"uv": [0, 12, 1.5, 13], "texture": "#0"},
				"south": {"uv": [6, 12.5, 7, 13.5], "texture": "#0"},
				"west": {"uv": [1.5, 12, 3, 13], "texture": "#0"},
				"up": {"uv": [4, 13.5, 3, 12], "texture": "#0"},
				"down": {"uv": [13, 3, 12, 4.5], "texture": "#0"}
			}
		},
		{
			"from": [7.5, 0.75, -8],
			"to": [8.5, 1.75, -5],
			"rotation": {"angle": 0, "axis": "y", "origin": [8, 2.06072, -9.75]},
			"faces": {
				"north": {"uv": [1.5, 13.5, 2, 14], "texture": "#0"},
				"east": {"uv": [13, 4.5, 14.5, 5], "texture": "#0"},
				"south": {"uv": [13.5, 1.5, 14, 2], "texture": "#0"},
				"west": {"uv": [13, 5, 14.5, 5.5], "texture": "#0"},
				"up": {"uv": [13.5, 9.5, 13, 8], "texture": "#0"},
				"down": {"uv": [9, 13, 8.5, 14.5], "texture": "#0"}
			}
		}
	],
	"gui_light": "front",
	"display": {
		"thirdperson_righthand": {
			"translation": [0, 4, -2.5],
			"scale": [0.5, 0.5, 0.5]
		},
		"thirdperson_lefthand": {
			"translation": [0, 4, -2.5],
			"scale": [0.5, 0.5, 0.5]
		},
		"firstperson_righthand": {
			"rotation": [0, 45, 0],
			"translation": [-9, 6, 0]
		},
		"firstperson_lefthand": {
			"rotation": [0, 45, 0],
			"translation": [-9, 6, 0]
		},
		"ground": {
			"translation": [0, 5, 0],
			"scale": [0.5, 0.5, 0.5]
		},
		"gui": {
			"rotation": [16, -20, 0],
			"translation": [0.25, 7, 0],
			"scale": [0.9, 0.9, 0.9]
		},
		"fixed": {
			"rotation": [0, 90, 0],
			"translation": [0, 6, -0.25]
		}
	}
}