{
    "display": {
        "title": {
			"translate": "aot.adv.shifter2",
            "color": "aqua"
        },
        "description": {
			"translate": "aot.adv.shifter2.desc",
            "color": "white"
        },
        "icon": {
            "id": "bell"
        },
        "frame": "task",
        "show_toast": true,
        "announce_to_chat": true,
        "hidden": false
    },
    "criteria": {
        "unlock": {
            "trigger": "minecraft:impossible"
        }
    },
    "rewards": {
        "function": "snc:api/give/misc/guide/shifters"
    },
    "parent": "snc:shifters/peng"
}