{
	"credit": "Made with Blockbench",
	"texture_size": [32, 32],
	"textures": {
		"0": "custom/item/gun/carcano/body",
		"particle": "custom/item/gun/carcano/body"
	},
	"elements": [
		{
			"from": [7, 0, 2],
			"to": [9, 3, 17],
			"rotation": {"angle": 0, "axis": "y", "origin": [8.72855, 1.48928, 11.5]},
			"faces": {
				"north": {"uv": [10, 4, 11, 5.5], "texture": "#0"},
				"east": {"uv": [0, 0, 7.5, 1.5], "texture": "#0"},
				"south": {"uv": [7, 10.5, 8, 12], "texture": "#0"},
				"west": {"uv": [0, 1.5, 7.5, 3], "texture": "#0"},
				"up": {"uv": [1, 10.5, 0, 3], "texture": "#0"},
				"down": {"uv": [2, 3, 1, 10.5], "texture": "#0"}
			}
		},
		{
			"from": [7, 0, 17],
			"to": [9, 2.25, 21],
			"rotation": {"angle": 0, "axis": "y", "origin": [8.72855, 1.48928, 11.5]},
			"faces": {
				"north": {"uv": [10.5, 9, 11.5, 10], "texture": "#0"},
				"east": {"uv": [8, 4, 10, 5], "texture": "#0"},
				"south": {"uv": [11, 3.5, 12, 4.5], "texture": "#0"},
				"west": {"uv": [10, 1, 12, 2], "texture": "#0"},
				"up": {"uv": [9, 11.5, 8, 9.5], "texture": "#0"},
				"down": {"uv": [11, 2, 10, 4], "texture": "#0"}
			}
		},
		{
			"from": [8, -2, 10],
			"to": [8, 0.25, 17],
			"rotation": {"angle": 0, "axis": "y", "origin": [8.72855, 1.48928, 11.5]},
			"faces": {
				"north": {"uv": [10.5, 9, 11.5, 10], "texture": "#0"},
				"east": {"uv": [7, 13, 10.5, 14], "texture": "#0"},
				"south": {"uv": [11, 3.5, 12, 4.5], "texture": "#0"},
				"west": {"uv": [10.5, 13, 7, 14], "texture": "#0"},
				"up": {"uv": [9, 11.5, 8, 9.5], "texture": "#0"},
				"down": {"uv": [11, 2, 10, 4], "texture": "#0"}
			}
		},
		{
			"from": [7, -3, 28],
			"to": [9, 3, 32],
			"rotation": {"angle": 0, "axis": "y", "origin": [8.72855, 1.48928, 11.5]},
			"faces": {
				"north": {"uv": [7, 7.5, 8, 10.5], "texture": "#0"},
				"east": {"uv": [2, 3, 4, 6], "texture": "#0"},
				"south": {"uv": [8, 1, 9, 4], "texture": "#0"},
				"west": {"uv": [4, 3, 6, 6], "texture": "#0"},
				"up": {"uv": [10, 12, 9, 10], "texture": "#0"},
				"down": {"uv": [11, 10, 10, 12], "texture": "#0"}
			}
		},
		{
			"from": [7, -2, 24],
			"to": [9, 3, 28],
			"rotation": {"angle": 0, "axis": "y", "origin": [8.72855, 1.48928, 11.5]},
			"faces": {
				"north": {"uv": [9, 1, 10, 3.5], "texture": "#0"},
				"east": {"uv": [2, 6, 4, 8.5], "texture": "#0"},
				"south": {"uv": [9.5, 7.5, 10.5, 10], "texture": "#0"},
				"west": {"uv": [6, 3, 8, 5.5], "texture": "#0"},
				"up": {"uv": [1, 12.5, 0, 10.5], "texture": "#0"},
				"down": {"uv": [2, 10.5, 1, 12.5], "texture": "#0"}
			}
		},
		{
			"from": [7, -1, 21],
			"to": [9, 3, 24],
			"rotation": {"angle": 0, "axis": "y", "origin": [8.72855, 1.48928, 11.5]},
			"faces": {
				"north": {"uv": [2, 10.5, 3, 12.5], "texture": "#0"},
				"east": {"uv": [8, 7.5, 9.5, 9.5], "texture": "#0"},
				"south": {"uv": [3, 10.5, 4, 12.5], "texture": "#0"},
				"west": {"uv": [2, 8.5, 3.5, 10.5], "texture": "#0"},
				"up": {"uv": [11.5, 9, 10.5, 7.5], "texture": "#0"},
				"down": {"uv": [12, 2, 11, 3.5], "texture": "#0"}
			}
		},
		{
			"from": [7.5, 2, -16],
			"to": [8.5, 3, 2],
			"rotation": {"angle": 0, "axis": "y", "origin": [8.72855, 1.48928, 11.5]},
			"faces": {
				"north": {"uv": [9, 9.5, 9.5, 10], "texture": "#0"},
				"east": {"uv": [4, 6, 13, 6.5], "texture": "#0"},
				"south": {"uv": [3.5, 10, 4, 10.5], "texture": "#0"},
				"west": {"uv": [6, 5.5, 15, 6], "texture": "#0"},
				"up": {"uv": [4.5, 15.5, 4, 6.5], "texture": "#0"},
				"down": {"uv": [5, 6.5, 4.5, 15.5], "texture": "#0"}
			}
		},
		{
			"from": [7.5, 3, 2],
			"to": [8.5, 4, 15],
			"rotation": {"angle": 0, "axis": "y", "origin": [8.72855, 1.48928, 11.5]},
			"faces": {
				"north": {"uv": [11.5, 8, 12, 8.5], "texture": "#0"},
				"east": {"uv": [7.5, 0, 14, 0.5], "texture": "#0"},
				"south": {"uv": [8.5, 11.5, 9, 12], "texture": "#0"},
				"west": {"uv": [7.5, 0.5, 14, 1], "texture": "#0"},
				"up": {"uv": [6.5, 14, 6, 7.5], "texture": "#0"},
				"down": {"uv": [7, 7.5, 6.5, 14], "texture": "#0"}
			}
		},
		{
			"from": [6.95832, 1.8934, 10.95],
			"to": [8.45832, 2.8934, 11.95],
			"rotation": {"angle": -45, "axis": "z", "origin": [8.72855, 1.48928, 11.5]},
			"faces": {
				"north": {"uv": [9, 3.5, 10, 4], "texture": "#0"},
				"east": {"uv": [11.5, 8.5, 12, 9], "texture": "#0"},
				"south": {"uv": [11, 5, 12, 5.5], "texture": "#0"},
				"west": {"uv": [11.5, 9, 12, 9.5], "texture": "#0"},
				"up": {"uv": [12, 10.5, 11, 10], "texture": "#0"},
				"down": {"uv": [12, 10.5, 11, 11], "texture": "#0"}
			}
		},
		{
			"from": [8.95711, 1.78934, 10.2],
			"to": [9.95711, 2.78934, 12.2],
			"rotation": {"angle": 0, "axis": "z", "origin": [8.72855, 1.48928, 11.5]},
			"faces": {
				"north": {"uv": [11.5, 9.5, 12, 10], "texture": "#0"},
				"east": {"uv": [11, 11, 12, 11.5], "texture": "#0"},
				"south": {"uv": [11, 11.5, 11.5, 12], "texture": "#0"},
				"west": {"uv": [11.5, 6.5, 12.5, 7], "texture": "#0"},
				"up": {"uv": [12, 8, 11.5, 7], "texture": "#0"},
				"down": {"uv": [8.5, 11.5, 8, 12.5], "texture": "#0"}
			}
		},
		{
			"from": [9.63518, 3.42624, 8],
			"to": [10.13518, 3.92624, 11],
			"rotation": {"angle": 45, "axis": "z", "origin": [8.72855, 1.48928, 11.5]},
			"faces": {
				"north": {"uv": [11.5, 11.5, 12, 12], "texture": "#0"},
				"east": {"uv": [8, 5, 9.5, 5.5], "texture": "#0"},
				"south": {"uv": [12, 1, 12.5, 1.5], "texture": "#0"},
				"west": {"uv": [11, 4.5, 12.5, 5], "texture": "#0"},
				"up": {"uv": [8, 2.5, 7.5, 1], "texture": "#0"},
				"down": {"uv": [4, 8.5, 3.5, 10], "texture": "#0"}
			}
		},
		{
			"from": [7.5, 0.75, -11],
			"to": [8.5, 2, 2],
			"rotation": {"angle": 0, "axis": "y", "origin": [8.72855, 1.48928, 11.5]},
			"faces": {
				"north": {"uv": [7.5, 2.5, 8, 3], "texture": "#0"},
				"east": {"uv": [5, 6.5, 11.5, 7], "texture": "#0"},
				"south": {"uv": [9.5, 5, 10, 5.5], "texture": "#0"},
				"west": {"uv": [5, 7, 11.5, 7.5], "texture": "#0"},
				"up": {"uv": [5.5, 14, 5, 7.5], "texture": "#0"},
				"down": {"uv": [6, 7.5, 5.5, 14], "texture": "#0"}
			}
		}
	],
	"gui_light": "front",
	"display": {
		"thirdperson_righthand": {
			"translation": [0, 4, -3],
			"scale": [0.5, 0.5, 0.5]
		},
		"thirdperson_lefthand": {
			"translation": [0, 4, -3],
			"scale": [0.5, 0.5, 0.5]
		},
		"firstperson_righthand": {
			"rotation": [0, 45, 0],
			"translation": [-9, 6, 0]
		},
		"firstperson_lefthand": {
			"rotation": [0, 45, 0],
			"translation": [-9, 6, 0]
		},
		"ground": {
			"translation": [0, 2, 0],
			"scale": [0.5, 0.5, 0.5]
		},
		"gui": {
			"rotation": [16, -20, 0],
			"translation": [0.25, 7, 0],
			"scale": [0.9, 0.9, 0.9]
		},
		"fixed": {
			"rotation": [0, 90, 0],
			"translation": [0, 6, -0.25]
		}
	}
}