{
	"description": "Carcano",
	"supported_items": "minecraft:crossbow",
	"slots": ["mainhand"],
	"weight": 1,
	"anvil_cost": 0,
	"min_cost": {
		"base": 0,
		"per_level_above_first": 0
	},
	"max_cost": {
		"base": 0,
		"per_level_above_first": 0
	},
	"max_level": 1,
	"effects": {
        "minecraft:projectile_spawned": [
            {
                "effect": {    
                    "type": "minecraft:run_function",
                    "function": "snc:player/gun/bullet/mauser/detect"
                }
            }
        ],
        "minecraft:tick": [
            { 
                "effect": { 
                    "type": "run_function", 
                    "function": "snc:player/gun/bullet/mauser/main" 
                }, 
                "requirements": { 
                    "condition": "minecraft:entity_properties", 
                    "entity": "this", 
                    "predicate": {
                        "type": "minecraft:player", 
                        "slots": { 
                            "weapon.mainhand": { 
                                "predicates": {"minecraft:custom_data": "{snc_mauser:1b}"} 
                            } 
                        } 
                    } 
                } 
            }],            
        "minecraft:post_attack": [{
            "enchanted": "attacker","affected": "attacker",
            "effect" : {"type": "run_function","function":"snc:player/gun/bullet/hitmark"}
        }],
        "minecraft:crossbow_charge_time": {
        "type": "minecraft:add",
        "value": {
            "type": "minecraft:linear",
            "base": -0.5,
            "per_level_above_first": 0
        }
        }
	}
}