{
	"credit": "Made with Blockbench",
	"textures": {
		"0": "custom/retract_animation/retract_animation_a_0",
		"particle": "custom/retract_animation/retract_animation_a_0"
	},
	"elements": [
		{
			"from": [-16, -16, 8],
			"to": [32, 32, 8],
			"rotation": {"angle": 0, "axis": "y", "origin": [0, 0, 8]},
			"faces": {
				"north": {"uv": [0, 0, 16, 16], "texture": "#0"},
				"south": {"uv": [16, 0, 0, 16], "texture": "#0"}
			}
		}
	],
	"display": {
		"head": {
			"rotation": [16, 180, 0],
			"translation": [80, 55.75, 25],
			"scale": [3.17, 3.17, 3.17]
		}
	}
}