{
	"textures": {
		"0": "minecraft:custom/titan/shifter/armor/body/1"
	},
	"elements": [
		{
			"from": [11.83212, -14.81926, 9.14839],
			"to": [19.93274, 3.40302, 15.63682],
			"rotation": {
				"angle": -22.5,
				"axis": "z",
				"origin": [14.0903, -4.47661, 12.90574]
			},
			"faces": {
				"north": {
					"uv": [7, 0, 8, 2.25],
					"texture": "#0"
				},
				"east": {
					"uv": [6, 7.5, 6.8125, 9.75],
					"texture": "#0"
				},
				"south": {
					"uv": [2.5, 7, 3.5, 9.25],
					"texture": "#0"
				},
				"west": {
					"uv": [8, 0, 8.8125, 2.25],
					"texture": "#0"
				},
				"up": {
					"uv": [11.5, 11.8125, 10.5, 11],
					"texture": "#0"
				},
				"down": {
					"uv": [12.25, 5.25, 11.25, 6.0625],
					"texture": "#0"
				}
			}
		},
		{
			"from": [-4.06726, -14.81926, 9.14839],
			"to": [4.03335, 3.40302, 15.63682],
			"rotation": {
				"angle": 22.5,
				"axis": "z",
				"origin": [1.77517, -4.47661, 12.90574]
			},
			"faces": {
				"north": {
					"uv": [7.25, 2.25, 8.25, 4.5],
					"texture": "#0"
				},
				"east": {
					"uv": [7, 8, 7.8125, 10.25],
					"texture": "#0"
				},
				"south": {
					"uv": [7.25, 4.5, 8.25, 6.75],
					"texture": "#0"
				},
				"west": {
					"uv": [8, 8, 8.8125, 10.25],
					"texture": "#0"
				},
				"up": {
					"uv": [12.5, 1.8125, 11.5, 1],
					"texture": "#0"
				},
				"down": {
					"uv": [12.5, 2, 11.5, 2.8125],
					"texture": "#0"
				}
			}
		},
		{
			"from": [-2.41758, -12.35624, 2.99083],
			"to": [18.28306, 6.48181, 14.61056],
			"rotation": {
				"angle": 0,
				"axis": "y",
				"origin": [16.37774, -40.10961, 4.75861]
			},
			"faces": {
				"north": {
					"uv": [0, 0, 2.5, 2.3125],
					"texture": "#0"
				},
				"east": {
					"uv": [2.5, 4.5, 3.9375, 6.8125],
					"texture": "#0"
				},
				"south": {
					"uv": [0, 2.5, 2.5, 4.8125],
					"texture": "#0"
				},
				"west": {
					"uv": [4.5, 3, 5.9375, 5.3125],
					"texture": "#0"
				},
				"up": {
					"uv": [7, 1.4375, 4.5, 0],
					"texture": "#0"
				},
				"down": {
					"uv": [7, 1.5, 4.5, 2.9375],
					"texture": "#0"
				}
			}
		},
		{
			"from": [8.17695, 2.53604, 10.68778],
			"to": [13.82138, 6.23058, 15.63682],
			"rotation": {
				"angle": 45,
				"axis": "z",
				"origin": [7.58993, -3.19378, 10.59665]
			},
			"faces": {
				"north": {
					"uv": [13.25, 3.5, 13.9375, 3.9375],
					"texture": "#0"
				},
				"east": {
					"uv": [13.5, 9.25, 14.125, 9.6875],
					"texture": "#0"
				},
				"south": {
					"uv": [13.25, 5, 13.9375, 5.4375],
					"texture": "#0"
				},
				"west": {
					"uv": [10.25, 13.5, 10.875, 13.9375],
					"texture": "#0"
				},
				"up": {
					"uv": [13.4375, 9.875, 12.75, 9.25],
					"texture": "#0"
				},
				"down": {
					"uv": [12.6875, 12.75, 12, 13.375],
					"texture": "#0"
				}
			}
		},
		{
			"from": [2.04409, 2.53604, 10.68778],
			"to": [7.68852, 6.23058, 15.63682],
			"rotation": {
				"angle": -45,
				"axis": "z",
				"origin": [8.27554, -3.19378, 10.59665]
			},
			"faces": {
				"north": {
					"uv": [1.25, 13.5, 1.9375, 13.9375],
					"texture": "#0"
				},
				"east": {
					"uv": [11, 13.5, 11.625, 13.9375],
					"texture": "#0"
				},
				"south": {
					"uv": [3.5, 13.5, 4.1875, 13.9375],
					"texture": "#0"
				},
				"west": {
					"uv": [13.5, 11.5, 14.125, 11.9375],
					"texture": "#0"
				},
				"up": {
					"uv": [13.4375, 13.375, 12.75, 12.75],
					"texture": "#0"
				},
				"down": {
					"uv": [0.6875, 13, 0, 13.625],
					"texture": "#0"
				}
			}
		}
	],
	"display": {
		"head": {
			"rotation": [0, 180, 0]
		}
	}
}