{
	"textures": {
		"0": "minecraft:custom/titan/shifter/armor/body/1"
	},
	"elements": [
		{
			"from": [6.47821, 2.52577, 4.8337],
			"to": [11.10582, 11.18188, 10.81215],
			"rotation": {
				"angle": 22.5,
				"axis": "z",
				"origin": [8.79201, 6.85382, 7.82292]
			},
			"faces": {
				"north": {
					"uv": [3.4375, 9.25, 3.25, 9.625],
					"texture": "#0"
				},
				"east": {
					"uv": [7.25, 7.5, 7, 7.875],
					"texture": "#0"
				},
				"south": {
					"uv": [8.9375, 10.25, 8.75, 10.625],
					"texture": "#0"
				},
				"west": {
					"uv": [7.25, 2.25, 7, 2.625],
					"texture": "#0"
				},
				"up": {
					"uv": [7, 3, 7.1875, 2.75],
					"texture": "#0"
				},
				"down": {
					"uv": [2.25, 9, 2.4375, 9.25],
					"texture": "#0"
				}
			}
		}
	],
	"display": {
		"head": {
			"rotation": [0, 180, 0]
		}
	}
}