{
	"textures": {
		"2": "minecraft:custom/titan/shifter/armor/body/head"
	},
	"elements": [
		{
			"from": [
				13.15104074837516,
				27.65887473503638,
				3.9378906028234866
			],
			"to": [
				14.096904656231796,
				29.04625708451572,
				4.42160321644098
			],
			"rotation": {
				"angle": -22.5,
				"axis": "z",
				"origin": [
					13.623971541720024,
					28.3525647491926,
					4.179746909632233
				]
			},
			"faces": {
				"north": {
					"uv": [
						5.5,
						7.375,
						6,
						8
					],
					"texture": "#2"
				},
				"east": {
					"uv": [
						8.375,
						6.125,
						8.625,
						6.75
					],
					"texture": "#2"
				},
				"south": {
					"uv": [
						6,
						7.375,
						6.5,
						8
					],
					"texture": "#2"
				},
				"west": {
					"uv": [
						8.375,
						7.875,
						8.625,
						8.5
					],
					"texture": "#2"
				},
				"up": {
					"uv": [
						9.125,
						5.5,
						8.625,
						5.25
					],
					"texture": "#2"
				},
				"down": {
					"uv": [
						9.125,
						5.5,
						8.625,
						5.75
					],
					"texture": "#2"
				}
			}
		},
		{
			"from": [
				12.476419120341575,
				28.363179445448083,
				5.170906068468428
			],
			"to": [
				12.826079702875163,
				29.097740566463376,
				5.654614039752111
			],
			"rotation": {
				"angle": 22.5,
				"axis": "x",
				"origin": [
					14.23109131499618,
					30.40970588204004,
					5.4009940590700225
				]
			},
			"faces": {
				"north": {
					"uv": [
						4.625,
						8.125,
						4.75,
						8.5
					],
					"texture": "#2"
				},
				"east": {
					"uv": [
						0.25,
						8.75,
						0.5,
						9.125
					],
					"texture": "#2"
				},
				"south": {
					"uv": [
						8.75,
						4.625,
						8.875,
						5
					],
					"texture": "#2"
				},
				"west": {
					"uv": [
						8.75,
						0.375,
						9,
						0.75
					],
					"texture": "#2"
				},
				"up": {
					"uv": [
						4.625,
						10.25,
						4.375,
						10
					],
					"texture": "#2"
				},
				"down": {
					"uv": [
						8.625,
						8.75,
						8.5,
						9
					],
					"texture": "#2"
				}
			}
		},
		{
			"from": [
				12.51579307454708,
				28.807511141359356,
				5.332143606340924
			],
			"to": [
				12.91701837986999,
				32,
				6.364055492524053
			],
			"rotation": {
				"angle": 22.5,
				"axis": "x",
				"origin": [
					14.23109131499618,
					30.40970588204004,
					5.4009940590700225
				]
			},
			"faces": {
				"north": {
					"uv": [
						3,
						7.125,
						3.375,
						8.75
					],
					"texture": "#2"
				},
				"east": {
					"uv": [
						6.625,
						6.25,
						7.125,
						7.875
					],
					"texture": "#2"
				},
				"south": {
					"uv": [
						3.375,
						7.125,
						3.75,
						8.75
					],
					"texture": "#2"
				},
				"west": {
					"uv": [
						1.5,
						6.75,
						2,
						8.375
					],
					"texture": "#2"
				},
				"up": {
					"uv": [
						1.875,
						8.875,
						1.5,
						8.375
					],
					"texture": "#2"
				},
				"down": {
					"uv": [
						8.75,
						2.125,
						8.375,
						2.625
					],
					"texture": "#2"
				}
			}
		},
		{
			"from": [
				13.37891434574961,
				27.930722839421577,
				4.226625196440839
			],
			"to": [
				13.984485900700287,
				28.733342895251443,
				4.795636051474584
			],
			"rotation": {
				"angle": -22.5,
				"axis": "z",
				"origin": [
					14.23109131499618,
					30.40970588204004,
					5.4009940590700225
				]
			},
			"faces": {
				"north": {
					"uv": [
						0.5,
						8.75,
						0.75,
						9.125
					],
					"texture": "#2"
				},
				"east": {
					"uv": [
						1,
						8.75,
						1.25,
						9.125
					],
					"texture": "#2"
				},
				"south": {
					"uv": [
						1.25,
						8.75,
						1.5,
						9.125
					],
					"texture": "#2"
				},
				"west": {
					"uv": [
						8.75,
						2,
						9,
						2.375
					],
					"texture": "#2"
				},
				"up": {
					"uv": [
						3.5,
						9,
						3.25,
						8.75
					],
					"texture": "#2"
				},
				"down": {
					"uv": [
						3.75,
						8.75,
						3.5,
						9
					],
					"texture": "#2"
				}
			}
		}
	],
	"display": {
		"head": {
			"rotation": [
				0,
				180,
				0
			]
		}
	}
}