{
	"textures": {
		"2": "minecraft:custom/titan/shifter/armor/body/head"
	},
	"elements": [
		{
			"from": [
				13.238215337584128,
				28.742642729839215,
				3.749694277757195
			],
			"to": [
				14.50021386248623,
				29.664992523398006,
				4.587343080070038
			],
			"rotation": {
				"angle": -22.5,
				"axis": "z",
				"origin": [
					14.145652372156594,
					29.597630991249762,
					5.316440549853616
				]
			},
			"faces": {
				"north": {
					"uv": [
						7.25,
						5.5,
						7.875,
						6
					],
					"texture": "#2"
				},
				"east": {
					"uv": [
						8.125,
						3.625,
						8.5,
						4.125
					],
					"texture": "#2"
				},
				"south": {
					"uv": [
						0,
						7.375,
						0.625,
						7.875
					],
					"texture": "#2"
				},
				"west": {
					"uv": [
						4.25,
						8.125,
						4.625,
						8.625
					],
					"texture": "#2"
				},
				"up": {
					"uv": [
						8.625,
						7.5,
						8,
						7.125
					],
					"texture": "#2"
				},
				"down": {
					"uv": [
						8.625,
						7.5,
						8,
						7.875
					],
					"texture": "#2"
				}
			}
		},
		{
			"from": [
				13.36316292124328,
				29.13230437687416,
				3.57550757523438
			],
			"to": [
				14.291872500565658,
				29.963490373135667,
				4.165745143833492
			],
			"rotation": {
				"angle": 45,
				"axis": "y",
				"origin": [
					14.145652372156594,
					29.597630991249762,
					5.316440549853616
				]
			},
			"faces": {
				"north": {
					"uv": [
						8.125,
						5.125,
						8.625,
						5.5
					],
					"texture": "#2"
				},
				"east": {
					"uv": [
						0,
						8.625,
						0.25,
						9
					],
					"texture": "#2"
				},
				"south": {
					"uv": [
						8.25,
						0.5,
						8.75,
						0.875
					],
					"texture": "#2"
				},
				"west": {
					"uv": [
						0.75,
						8.625,
						1,
						9
					],
					"texture": "#2"
				},
				"up": {
					"uv": [
						9,
						4.125,
						8.5,
						3.875
					],
					"texture": "#2"
				},
				"down": {
					"uv": [
						5.125,
						8.5,
						4.625,
						8.75
					],
					"texture": "#2"
				}
			}
		},
		{
			"from": [
				12.115154551417234,
				30.090564753401864,
				3.749694277757195
			],
			"to": [
				13.616357027109217,
				30.726669243445716,
				4.544823173307215
			],
			"rotation": {
				"angle": -22.5,
				"axis": "z",
				"origin": [
					14.145652372156594,
					29.597630991249762,
					5.316440549853616
				]
			},
			"faces": {
				"north": {
					"uv": [
						7.625,
						2.125,
						8.375,
						2.5
					],
					"texture": "#2"
				},
				"east": {
					"uv": [
						8.375,
						4.125,
						8.75,
						4.5
					],
					"texture": "#2"
				},
				"south": {
					"uv": [
						7.625,
						6,
						8.375,
						6.375
					],
					"texture": "#2"
				},
				"west": {
					"uv": [
						8.375,
						6.75,
						8.75,
						7.125
					],
					"texture": "#2"
				},
				"up": {
					"uv": [
						8.375,
						6.75,
						7.625,
						6.375
					],
					"texture": "#2"
				},
				"down": {
					"uv": [
						8.375,
						6.75,
						7.625,
						7.125
					],
					"texture": "#2"
				}
			}
		},
		{
			"from": [
				13.845025436472158,
				30.254209046478557,
				3.8097894456096766
			],
			"to": [
				14.000096152268565,
				30.79415897861871,
				4.256366367615305
			],
			"rotation": {
				"angle": 0,
				"axis": "y",
				"origin": [
					13.934582117280584,
					30.524184012548634,
					4.177306309458445
				]
			},
			"faces": {
				"north": {
					"uv": [
						5,
						7.125,
						5.125,
						7.375
					],
					"texture": "#2"
				},
				"east": {
					"uv": [
						5,
						8.75,
						5.125,
						9
					],
					"texture": "#2"
				},
				"south": {
					"uv": [
						5.625,
						8.75,
						5.75,
						9
					],
					"texture": "#2"
				},
				"west": {
					"uv": [
						5.75,
						8.75,
						5.875,
						9
					],
					"texture": "#2"
				},
				"up": {
					"uv": [
						3.25,
						6,
						3.125,
						5.875
					],
					"texture": "#2"
				},
				"down": {
					"uv": [
						0.125,
						6.375,
						0,
						6.6
					],
					"texture": "#2"
				}
			}
		},
		{
			"from": [
				13.470065929168591,
				30.985749241751606,
				3.845109378928841
			],
			"to": [
				14.3556901348154,
				32,
				4.322187174126798
			],
			"rotation": {
				"angle": 22.5,
				"axis": "z",
				"origin": [
					14.145652372156594,
					29.597630991249762,
					5.316440549853616
				]
			},
			"faces": {
				"north": {
					"uv": [
						1.625,
						4.25,
						2.125,
						4.75
					],
					"texture": "#2"
				},
				"east": {
					"uv": [
						5.125,
						8.5,
						5.375,
						9
					],
					"texture": "#2"
				},
				"south": {
					"uv": [
						7.875,
						4.125,
						8.375,
						4.625
					],
					"texture": "#2"
				},
				"west": {
					"uv": [
						5.375,
						8.5,
						5.625,
						9
					],
					"texture": "#2"
				},
				"up": {
					"uv": [
						6.125,
						8.75,
						5.625,
						8.5
					],
					"texture": "#2"
				},
				"down": {
					"uv": [
						8.5,
						8.5,
						8,
						8.75
					],
					"texture": "#2"
				}
			}
		},
		{
			"from": [
				12.81410599566628,
				28.5200067306588,
				4.142638837961679
			],
			"to": [
				13.679208559993864,
				29.283329829371695,
				4.70384986815311
			],
			"rotation": {
				"angle": -22.5,
				"axis": "z",
				"origin": [
					14.145652372156594,
					29.597630991249762,
					5.316440549853616
				]
			},
			"faces": {
				"north": {
					"uv": [
						8.5,
						0.875,
						8.875,
						1.25
					],
					"texture": "#2"
				},
				"east": {
					"uv": [
						4.25,
						8.625,
						4.5,
						9
					],
					"texture": "#2"
				},
				"south": {
					"uv": [
						9.25,
						2.5,
						9.75,
						2.875
					],
					"texture": "#2"
				},
				"west": {
					"uv": [
						6.625,
						8.625,
						6.875,
						9
					],
					"texture": "#2"
				},
				"up": {
					"uv": [
						1.625,
						3.25,
						1.25,
						3
					],
					"texture": "#2"
				},
				"down": {
					"uv": [
						4,
						9.125,
						3.5,
						9.5
					],
					"texture": "#2"
				}
			}
		},
		{
			"from": [
				12.276580474297774,
				28.8731030435627,
				4.721823474355388
			],
			"to": [
				12.646860571197895,
				30.399751530328217,
				5.516952369905408
			],
			"rotation": {
				"angle": 22.5,
				"axis": "x",
				"origin": [
					14.145652372156594,
					29.597630991249762,
					5.316440549853616
				]
			},
			"faces": {
				"north": {
					"uv": [
						4.625,
						2.5,
						4.875,
						3.25
					],
					"texture": "#2"
				},
				"east": {
					"uv": [
						1.125,
						7.375,
						1.5,
						8.125
					],
					"texture": "#2"
				},
				"south": {
					"uv": [
						2,
						8.25,
						2.25,
						9
					],
					"texture": "#2"
				},
				"west": {
					"uv": [
						7.625,
						7.125,
						8,
						7.875
					],
					"texture": "#2"
				},
				"up": {
					"uv": [
						7.375,
						9,
						7.125,
						8.625
					],
					"texture": "#2"
				},
				"down": {
					"uv": [
						8.875,
						7.125,
						8.625,
						7.5
					],
					"texture": "#2"
				}
			}
		},
		{
			"from": [
				12.489518830391596,
				29.458425399766412,
				6.172165978656485
			],
			"to": [
				12.919891805804468,
				30.667022786179867,
				6.967297163546233
			],
			"rotation": {
				"angle": -22.5,
				"axis": "y",
				"origin": [
					14.325937875714036,
					29.717821326954724,
					5.136155046296173
				]
			},
			"faces": {
				"north": {
					"uv": [
						8.375,
						2.625,
						8.625,
						3.25
					],
					"texture": "#2"
				},
				"east": {
					"uv": [
						0.75,
						8,
						1.125,
						8.625
					],
					"texture": "#2"
				},
				"south": {
					"uv": [
						8.375,
						5.5,
						8.625,
						6.125
					],
					"texture": "#2"
				},
				"west": {
					"uv": [
						7.125,
						8,
						7.5,
						8.625
					],
					"texture": "#2"
				},
				"up": {
					"uv": [
						7.625,
						9,
						7.375,
						8.625
					],
					"texture": "#2"
				},
				"down": {
					"uv": [
						8.875,
						7.5,
						8.625,
						7.875
					],
					"texture": "#2"
				}
			}
		},
		{
			"from": [
				12.489518830391596,
				29.172180096251473,
				6.172165978656485
			],
			"to": [
				12.919891805804468,
				29.458425399766412,
				6.744661164365817
			],
			"rotation": {
				"angle": -22.5,
				"axis": "y",
				"origin": [
					14.325937875714036,
					29.717821326954724,
					5.136155046296173
				]
			},
			"faces": {
				"north": {
					"uv": [
						4.375,
						3.125,
						4.625,
						3.25
					],
					"texture": "#2"
				},
				"east": {
					"uv": [
						5.5,
						4.625,
						5.75,
						4.75
					],
					"texture": "#2"
				},
				"south": {
					"uv": [
						6.625,
						4.125,
						6.875,
						4.25
					],
					"texture": "#2"
				},
				"west": {
					"uv": [
						0.375,
						7.875,
						0.625,
						8
					],
					"texture": "#2"
				},
				"up": {
					"uv": [
						7.25,
						5.375,
						7,
						5.125
					],
					"texture": "#2"
				},
				"down": {
					"uv": [
						2.5,
						8.75,
						2.25,
						9
					],
					"texture": "#2"
				}
			}
		},
		{
			"from": [
				12.354990359971964,
				30.157415762790826,
				3.5740813165840155
			],
			"to": [
				12.742273383029811,
				31.825513393972855,
				5.577809887887218
			],
			"rotation": {
				"angle": 22.5,
				"axis": "x",
				"origin": [
					14.145652372156594,
					29.597630991249762,
					5.316440549853616
				]
			},
			"faces": {
				"north": {
					"uv": [
						3.75,
						8.125,
						4,
						9
					],
					"texture": "#2"
				},
				"east": {
					"uv": [
						9.25,
						0.75,
						10.375,
						1.625
					],
					"texture": "#2"
				},
				"south": {
					"uv": [
						4,
						8.125,
						4.25,
						9
					],
					"texture": "#2"
				},
				"west": {
					"uv": [
						9.25,
						1.625,
						10.375,
						2.5
					],
					"texture": "#2"
				},
				"up": {
					"uv": [
						5,
						8.5,
						4.75,
						7.5
					],
					"texture": "#2"
				},
				"down": {
					"uv": [
						7.125,
						7.875,
						6.875,
						9
					],
					"texture": "#2"
				}
			}
		}
	],
	"display": {
		"head": {
			"rotation": [
				0,
				180,
				0
			]
		}
	}
}