{
	"textures": {
		"0": "minecraft:custom/titan/shifter/armor/body/1"
	},
	"elements": [
		{
			"from": [6.22107, 0.97469, 1.32599],
			"to": [9.42479, 8.8566, 14.31987],
			"rotation": {
				"angle": 0,
				"axis": "y",
				"origin": [7.82293, 4.91565, 7.82292]
			},
			"faces": {
				"north": {
					"uv": [7.875, 12.75, 7.75, 13.125],
					"texture": "#0"
				},
				"east": {
					"uv": [0.625, 13.75, 0, 14.125],
					"texture": "#0"
				},
				"south": {
					"uv": [13.875, 3, 13.75, 3.375],
					"texture": "#0"
				},
				"west": {
					"uv": [14.125, 13, 13.5, 13.375],
					"texture": "#0"
				},
				"up": {
					"uv": [5.5, 10.625, 5.625, 10],
					"texture": "#0"
				},
				"down": {
					"uv": [11.5, 7, 11.625, 7.625],
					"texture": "#0"
				}
			}
		}
	],
	"display": {
		"head": {
			"rotation": [0, 180, 0]
		}
	}
}