{
	"textures": {
		"0": "minecraft:custom/titan/shifter/armor/body/1"
	},
	"elements": [
		{
			"from": [-0.50517, -0.74426, 17.0603],
			"to": [20.02739, 22.20469, 23.78202],
			"rotation": {
				"angle": 0,
				"axis": "y",
				"origin": [-0.78969, -31.38966, 8.43702]
			},
			"faces": {
				"north": {
					"uv": [9.1875, 5.5, 8.25, 6.5625],
					"texture": "#0"
				},
				"east": {
					"uv": [13.5625, 1.5, 13.25, 2.5625],
					"texture": "#0"
				},
				"south": {
					"uv": [11.1875, 5.25, 10.25, 6.3125],
					"texture": "#0"
				},
				"west": {
					"uv": [13.3125, 11.5, 13, 12.5625],
					"texture": "#0"
				},
				"up": {
					"uv": [13.5, 5.8125, 14.4375, 5.5],
					"texture": "#0"
				},
				"down": {
					"uv": [13.5, 6, 14.4375, 6.3125],
					"texture": "#0"
				}
			}
		}
	],
	"display": {
		"head": {
			"rotation": [0, 180, 0]
		}
	}
}