{
	"textures": {
		"2": "minecraft:custom/titan/shifter/armor/body/head"
	},
	"elements": [
		{
			"from": [
				12.411472595291773,
				29.33706141690569,
				3.4126915597633225
			],
			"to": [
				15.66330033335565,
				31.445963200390196,
				5.845985095029087
			],
			"rotation": {
				"angle": 0,
				"axis": "y",
				"origin": [
					14.037386464323712,
					29.689174127378905,
					4.203357015056962
				]
			},
			"faces": {
				"north": {
					"uv": [
						0,
						9.125,
						1.875,
						10.5
					],
					"texture": "#2"
				},
				"east": {
					"uv": [
						5.375,
						0.875,
						6.625,
						2
					],
					"texture": "#2"
				},
				"south": {
					"uv": [
						1.625,
						4.75,
						3.25,
						5.875
					],
					"texture": "#2"
				},
				"west": {
					"uv": [
						5.75,
						4.25,
						7,
						5.375
					],
					"texture": "#2"
				},
				"up": {
					"uv": [
						5.375,
						1.25,
						3.75,
						0
					],
					"texture": "#2"
				},
				"down": {
					"uv": [
						5.375,
						1.25,
						3.75,
						2.5
					],
					"texture": "#2"
				}
			}
		},
		{
			"from": [
				13.192592769979711,
				30.85933779469182,
				2.7760478515152505
			],
			"to": [
				14.882180158667712,
				32,
				3.6117255565661193
			],
			"rotation": {
				"angle": 0,
				"axis": "y",
				"origin": [
					14.006597128381268,
					29.689174127378905,
					4.203357015056962
				]
			},
			"faces": {
				"north": {
					"uv": [
						0.25,
						4.375,
						1.375,
						5.25
					],
					"texture": "#2"
				},
				"east": {
					"uv": [
						8,
						7.875,
						8.375,
						8.5
					],
					"texture": "#2"
				},
				"south": {
					"uv": [
						7,
						4.125,
						7.875,
						4.75
					],
					"texture": "#2"
				},
				"west": {
					"uv": [
						8.125,
						0.875,
						8.5,
						1.5
					],
					"texture": "#2"
				},
				"up": {
					"uv": [
						5.75,
						4.625,
						4.875,
						4.25
					],
					"texture": "#2"
				},
				"down": {
					"uv": [
						8.125,
						5.125,
						7.25,
						5.5
					],
					"texture": "#2"
				}
			}
		},
		{
			"from": [
				14.171161144053528,
				29.490545963347003,
				3.2222363516494044
			],
			"to": [
				15.01850712773127,
				30.85933779469182,
				4.069584681181314
			],
			"rotation": {
				"angle": 45,
				"axis": "y",
				"origin": [
					14.037386464323712,
					29.689174127378905,
					4.203357015056962
				]
			},
			"faces": {
				"north": {
					"uv": [
						0,
						7.875,
						0.375,
						8.625
					],
					"texture": "#2"
				},
				"east": {
					"uv": [
						6.5,
						7.875,
						6.875,
						8.625
					],
					"texture": "#2"
				},
				"south": {
					"uv": [
						7.625,
						7.875,
						8,
						8.625
					],
					"texture": "#2"
				},
				"west": {
					"uv": [
						0.375,
						8,
						0.75,
						8.75
					],
					"texture": "#2"
				},
				"up": {
					"uv": [
						8.875,
						2,
						8.5,
						1.625
					],
					"texture": "#2"
				},
				"down": {
					"uv": [
						8.875,
						3.5,
						8.5,
						3.875
					],
					"texture": "#2"
				}
			}
		},
		{
			"from": [
				13.83350827866597,
				29.13528511658162,
				2.2265573172811743
			],
			"to": [
				14.241264649981453,
				30.226459182381856,
				2.910950887099415
			],
			"rotation": {
				"angle": 22.5,
				"axis": "x",
				"origin": [
					14.037386464323712,
					29.43705579663008,
					2.623879329261648
				]
			},
			"faces": {
				"north": {
					"uv": [
						6.5,
						6.875,
						6.625,
						7.5
					],
					"texture": "#2"
				},
				"east": {
					"uv": [
						1.125,
						8.125,
						1.5,
						8.75
					],
					"texture": "#2"
				},
				"south": {
					"uv": [
						7.5,
						8,
						7.625,
						8.625
					],
					"texture": "#2"
				},
				"west": {
					"uv": [
						8.125,
						1.5,
						8.5,
						2.125
					],
					"texture": "#2"
				},
				"up": {
					"uv": [
						3.125,
						7.125,
						3,
						6.75
					],
					"texture": "#2"
				},
				"down": {
					"uv": [
						6.625,
						7.5,
						6.5,
						7.875
					],
					"texture": "#2"
				}
			}
		},
		{
			"from": [
				13.370765085674993,
				29.02255744043852,
				2.575120750399651
			],
			"to": [
				14.478836339040438,
				30.130626347949796,
				3.4224690799315605
			],
			"rotation": {
				"angle": 45,
				"axis": "z",
				"origin": [
					14.037386464323712,
					29.689174127378905,
					4.203357015056962
				]
			},
			"faces": {
				"north": {
					"uv": [
						7.875,
						5.5,
						8.375,
						6
					],
					"texture": "#2"
				},
				"east": {
					"uv": [
						2.25,
						8.25,
						2.625,
						8.75
					],
					"texture": "#2"
				},
				"south": {
					"uv": [
						5,
						8,
						5.5,
						8.5
					],
					"texture": "#2"
				},
				"west": {
					"uv": [
						2.625,
						8.25,
						3,
						8.75
					],
					"texture": "#2"
				},
				"up": {
					"uv": [
						8.75,
						5,
						8.25,
						4.625
					],
					"texture": "#2"
				},
				"down": {
					"uv": [
						8.875,
						0,
						8.375,
						0.375
					],
					"texture": "#2"
				}
			}
		},
		{
			"from": [
				13.836769015958161,
				29.085738330719497,
				2.14530631235146
			],
			"to": [
				14.238003912689262,
				29.313870302610297,
				3.025243247971936
			],
			"rotation": {
				"angle": 0,
				"axis": "y",
				"origin": [
					14.037386464323712,
					29.43705579663008,
					2.623879329261648
				]
			},
			"faces": {
				"north": {
					"uv": [
						7.875,
						4.625,
						8,
						4.75
					],
					"texture": "#2"
				},
				"east": {
					"uv": [
						7.625,
						2.5,
						8.125,
						2.625
					],
					"texture": "#2"
				},
				"south": {
					"uv": [
						8,
						4.625,
						8.125,
						4.75
					],
					"texture": "#2"
				},
				"west": {
					"uv": [
						8.375,
						4.5,
						8.875,
						4.625
					],
					"texture": "#2"
				},
				"up": {
					"uv": [
						1.625,
						6.75,
						1.5,
						6.25
					],
					"texture": "#2"
				},
				"down": {
					"uv": [
						2,
						8.375,
						1.875,
						8.875
					],
					"texture": "#2"
				}
			}
		},
		{
			"from": [
				13.714742373896899,
				29.14728181479188,
				2.5366557796226408
			],
			"to": [
				14.360030554750526,
				29.570954806630752,
				2.960333463169845
			],
			"rotation": {
				"angle": 45,
				"axis": "x",
				"origin": [
					14.037386464323712,
					29.43224679558764,
					2.6331782951798077
				]
			},
			"faces": {
				"north": {
					"uv": [
						8.625,
						6.5,
						9,
						6.75
					],
					"texture": "#2"
				},
				"east": {
					"uv": [
						8.75,
						2.375,
						9,
						2.625
					],
					"texture": "#2"
				},
				"south": {
					"uv": [
						7.625,
						8.625,
						8,
						8.875
					],
					"texture": "#2"
				},
				"west": {
					"uv": [
						2.5,
						8.75,
						2.75,
						9
					],
					"texture": "#2"
				},
				"up": {
					"uv": [
						9,
						8.125,
						8.625,
						7.875
					],
					"texture": "#2"
				},
				"down": {
					"uv": [
						9,
						8.125,
						8.625,
						8.375
					],
					"texture": "#2"
				}
			}
		}
	],
	"display": {
		"head": {
			"rotation": [
				0,
				180,
				0
			]
		}
	}
}