{
	"textures": {
		"2": "minecraft:custom/titan/shifter/armor/body/head"
	},
	"elements": [
		{
			"from": [
				12.900898417468337,
				28.926226800099723,
				6.008249561244378
			],
			"to": [
				15.536115791524985,
				32,
				6.891397957502454
			],
			"rotation": {
				"angle": 0,
				"axis": "y",
				"origin": [
					14.218507104496663,
					30.3644476051515,
					5.40624296912394
				]
			},
			"faces": {
				"north": {
					"uv": [
						2.125,
						3.25,
						3.5,
						4.75
					],
					"texture": "#2"
				},
				"east": {
					"uv": [
						2,
						6.75,
						2.5,
						8.25
					],
					"texture": "#2"
				},
				"south": {
					"uv": [
						4.75,
						9,
						6.125,
						10.75
					],
					"texture": "#2"
				},
				"west": {
					"uv": [
						2.5,
						6.75,
						3,
						8.25
					],
					"texture": "#2"
				},
				"up": {
					"uv": [
						6.5,
						7.375,
						5.125,
						6.875
					],
					"texture": "#2"
				},
				"down": {
					"uv": [
						8.375,
						0,
						7,
						0.5
					],
					"texture": "#2"
				}
			}
		},
		{
			"from": [
				13.771512345241097,
				26.987588594467606,
				4.657093623688548
			],
			"to": [
				14.665501863752226,
				28.346029858836655,
				5.586075875694256
			],
			"rotation": {
				"angle": 22.5,
				"axis": "x",
				"origin": [
					14.218507104496663,
					30.3644476051515,
					5.467050545863826
				]
			},
			"faces": {
				"north": {
					"uv": [
						3.5,
						9.375,
						4.125,
						10.125
					],
					"texture": "#2"
				},
				"east": {
					"uv": [
						9.875,
						0,
						10.375,
						0.75
					],
					"texture": "#2"
				},
				"south": {
					"uv": [
						7.625,
						0.875,
						8.125,
						1.5
					],
					"texture": "#2"
				},
				"west": {
					"uv": [
						9.375,
						0,
						9.875,
						0.75
					],
					"texture": "#2"
				},
				"up": {
					"uv": [
						6,
						8.5,
						5.5,
						8
					],
					"texture": "#2"
				},
				"down": {
					"uv": [
						4.75,
						9.375,
						4.125,
						9.875
					],
					"texture": "#2"
				}
			}
		},
		{
			"from": [
				13.011674765174169,
				28.507465288284376,
				3.734043874693538
			],
			"to": [
				15.425339443819155,
				29.18329112032748,
				6.133311635645633
			],
			"rotation": {
				"angle": -22.5,
				"axis": "x",
				"origin": [
					14.218507104496663,
					30.3644476051515,
					5.40624296912394
				]
			},
			"faces": {
				"north": {
					"uv": [
						5.375,
						2,
						6.625,
						2.375
					],
					"texture": "#2"
				},
				"east": {
					"uv": [
						7,
						0.5,
						8.25,
						0.875
					],
					"texture": "#2"
				},
				"south": {
					"uv": [
						7,
						4.75,
						8.25,
						5.125
					],
					"texture": "#2"
				},
				"west": {
					"uv": [
						3.75,
						7.125,
						5,
						7.5
					],
					"texture": "#2"
				},
				"up": {
					"uv": [
						4.5,
						6,
						3.25,
						4.75
					],
					"texture": "#2"
				},
				"down": {
					"uv": [
						5.75,
						4.75,
						4.5,
						6
					],
					"texture": "#2"
				}
			}
		}
	],
	"display": {
		"head": {
			"rotation": [
				0,
				180,
				0
			]
		}
	}
}