{
	"textures": {
		"3": "minecraft:custom/titan/shifter/armor/body/body"
	},
	"elements": [
		{
			"from": [
				5.394877014368831,
				-15.724064275484292,
				6.233268790881173
			],
			"to": [
				7.199304129153668,
				-15.1525296529442,
				9.049140503239142
			],
			"rotation": {
				"angle": 0,
				"axis": "y",
				"origin": [
					6.589762578623586,
					-15.342734827721642,
					6.916607906274
				]
			},
			"faces": {
				"north": {
					"uv": [
						11.5,
						3,
						10.75,
						3.25
					],
					"texture": "#3"
				},
				"east": {
					"uv": [
						14.625,
						7.5,
						13.5,
						7.75
					],
					"texture": "#3"
				},
				"south": {
					"uv": [
						12.25,
						5,
						11.5,
						5.25
					],
					"texture": "#3"
				},
				"west": {
					"uv": [
						14.125,
						0.75,
						13,
						1
					],
					"texture": "#3"
				},
				"up": {
					"uv": [
						11,
						10.375,
						11.75,
						9.25
					],
					"texture": "#3"
				},
				"down": {
					"uv": [
						9.75,
						11,
						10.5,
						12.125
					],
					"texture": "#3"
				}
			}
		},
		{
			"from": [
				5.395499059016785,
				-16,
				6.672292633917137
			],
			"to": [
				7.198806493435304,
				-15.055238588687526,
				8.959426395514244
			],
			"rotation": {
				"angle": -22.5,
				"axis": "x",
				"origin": [
					6.589762578623586,
					-15.342734827721642,
					6.916607906274
				]
			},
			"faces": {
				"north": {
					"uv": [
						14.25,
						7.75,
						13.5,
						8.125
					],
					"texture": "#3"
				},
				"east": {
					"uv": [
						13.9375,
						11,
						13,
						11.375
					],
					"texture": "#3"
				},
				"south": {
					"uv": [
						9.25,
						13.5,
						8.5,
						13.875
					],
					"texture": "#3"
				},
				"west": {
					"uv": [
						13.9375,
						10.5,
						13,
						10.875
					],
					"texture": "#3"
				},
				"up": {
					"uv": [
						8.5,
						12.9375,
						9.25,
						12
					],
					"texture": "#3"
				},
				"down": {
					"uv": [
						10.5,
						12,
						11.25,
						12.9375
					],
					"texture": "#3"
				}
			}
		},
		{
			"from": [
				6.565565041818177,
				-15.724064275484292,
				5.796842265876677
			],
			"to": [
				7.199304129153668,
				-15.308040814932689,
				6.233268790881173
			],
			"rotation": {
				"angle": 0,
				"axis": "y",
				"origin": [
					6.589762578623586,
					-15.342734827721642,
					6.916607906274
				]
			},
			"faces": {
				"north": {
					"uv": [
						4.75,
						9.75,
						4.5,
						9.9375
					],
					"texture": "#3"
				},
				"east": {
					"uv": [
						11.4375,
						1,
						11.25,
						1.1875
					],
					"texture": "#3"
				},
				"south": {
					"uv": [
						10.5,
						6.5,
						10.25,
						6.6875
					],
					"texture": "#3"
				},
				"west": {
					"uv": [
						11.1875,
						1,
						11,
						1.1875
					],
					"texture": "#3"
				},
				"up": {
					"uv": [
						3,
						10.9375,
						3.25,
						10.75
					],
					"texture": "#3"
				},
				"down": {
					"uv": [
						5.5,
						10.75,
						5.75,
						10.9375
					],
					"texture": "#3"
				}
			}
		}
	],
	"display": {
		"head": {
			"rotation": [
				0,
				180,
				0
			]
		}
	}
}