{
	"textures": {
		"3": "minecraft:custom/titan/shifter/armor/body/body"
	},
	"elements": [
		{
			"from": [
				-14.15525411191761,
				-16,
				3.3960119119852523
			],
			"to": [
				-9.691388696539718,
				-2.3278578947174253,
				9.55869518913473
			],
			"rotation": {
				"angle": 0,
				"axis": "y",
				"origin": [
					-16.197565795694256,
					-13.778170051781792,
					6.477353550559989
				]
			},
			"faces": {
				"north": {
					"uv": [
						11.3125,
						1.25,
						10.75,
						3
					],
					"texture": "#3"
				},
				"east": {
					"uv": [
						5.5625,
						8.25,
						4.75,
						10
					],
					"texture": "#3"
				},
				"south": {
					"uv": [
						2.8125,
						10.75,
						2.25,
						12.5
					],
					"texture": "#3"
				},
				"west": {
					"uv": [
						9.0625,
						3.75,
						8.25,
						5.5
					],
					"texture": "#3"
				},
				"up": {
					"uv": [
						3.5,
						13.3125,
						4.0625,
						12.5
					],
					"texture": "#3"
				},
				"down": {
					"uv": [
						11.25,
						12.5,
						11.8125,
						13.3125
					],
					"texture": "#3"
				}
			}
		},
		{
			"from": [
				-15.126673291796152,
				-14.542871230182183,
				4.367431091863796
			],
			"to": [
				-8.719969516661177,
				-2.813567484656696,
				8.587276009256184
			],
			"rotation": {
				"angle": 0,
				"axis": "y",
				"origin": [
					-16.197565795694256,
					-13.778170051781792,
					6.477353550559989
				]
			},
			"faces": {
				"north": {
					"uv": [
						9.8125,
						8,
						9,
						9.5
					],
					"texture": "#3"
				},
				"east": {
					"uv": [
						11.5625,
						7.75,
						11,
						9.25
					],
					"texture": "#3"
				},
				"south": {
					"uv": [
						3.0625,
						9.25,
						2.25,
						10.75
					],
					"texture": "#3"
				},
				"west": {
					"uv": [
						4.3125,
						11,
						3.75,
						12.5
					],
					"texture": "#3"
				},
				"up": {
					"uv": [
						12.5,
						6.8125,
						13.3125,
						6.25
					],
					"texture": "#3"
				},
				"down": {
					"uv": [
						12.75,
						8.5,
						13.5625,
						9.0625
					],
					"texture": "#3"
				}
			}
		}
	],
	"display": {
		"head": {
			"rotation": [
				0,
				180,
				0
			]
		}
	}
}