{
	"textures": {
		"3": "minecraft:custom/titan/shifter/armor/body/body"
	},
	"elements": [
		{
			"from": [
				-7.970645118900336,
				2.845247356898314,
				5.201167965254585
			],
			"to": [
				8.438655913156282,
				14.622615500782032,
				19.109973110329832
			],
			"rotation": {
				"angle": 22.5,
				"axis": "z",
				"origin": [
					0.2340053971279863,
					6.904895100586557,
					9.615242304106635
				]
			},
			"faces": {
				"north": {
					"uv": [
						10.75,
						1.25,
						9.75,
						2
					],
					"texture": "#3"
				},
				"east": {
					"uv": [
						13.125,
						5,
						12.25,
						5.75
					],
					"texture": "#3"
				},
				"south": {
					"uv": [
						12.5,
						6.25,
						11.5,
						7
					],
					"texture": "#3"
				},
				"west": {
					"uv": [
						12.875,
						12,
						12,
						12.75
					],
					"texture": "#3"
				},
				"up": {
					"uv": [
						11,
						0.875,
						12,
						0
					],
					"texture": "#3"
				},
				"down": {
					"uv": [
						5.5,
						11,
						6.5,
						11.875
					],
					"texture": "#3"
				}
			}
		},
		{
			"from": [
				-13.33385612784637,
				-4.322196532756166,
				-1.7085248303701714
			],
			"to": [
				2.6689923868205767,
				8.67452916329664,
				4.884135001690625
			],
			"rotation": {
				"angle": -22.5,
				"axis": "z",
				"origin": [
					-5.535658129207745,
					0.5192587157840949,
					0.7749000508808424
				]
			},
			"faces": {
				"north": {
					"uv": [
						12.5,
						3,
						11.5,
						3.8125
					],
					"texture": "#3"
				},
				"east": {
					"uv": [
						7.875,
						13.25,
						7.5,
						14.0625
					],
					"texture": "#3"
				},
				"south": {
					"uv": [
						12.5,
						4,
						11.5,
						4.8125
					],
					"texture": "#3"
				},
				"west": {
					"uv": [
						7.375,
						13.25,
						7,
						14.0625
					],
					"texture": "#3"
				},
				"up": {
					"uv": [
						12.75,
						10.375,
						13.75,
						10
					],
					"texture": "#3"
				},
				"down": {
					"uv": [
						10.25,
						13,
						11.25,
						13.375
					],
					"texture": "#3"
				}
			}
		},
		{
			"from": [
				-14.557753394858459,
				-9.377384499217971,
				-1.3020723129804832
			],
			"to": [
				5.509620293705401,
				-1.0548627531466472,
				4.884135001690625
			],
			"rotation": {
				"angle": 0,
				"axis": "y",
				"origin": [
					-8.385365465778602,
					-1.0499853229379656,
					0.7749000508808424
				]
			},
			"faces": {
				"north": {
					"uv": [
						13.5,
						5.75,
						12.25,
						6.25
					],
					"texture": "#3"
				},
				"east": {
					"uv": [
						2.875,
						13.75,
						2.5,
						14.25
					],
					"texture": "#3"
				},
				"south": {
					"uv": [
						13.5,
						8,
						12.25,
						8.5
					],
					"texture": "#3"
				},
				"west": {
					"uv": [
						11.375,
						10.5,
						11,
						11
					],
					"texture": "#3"
				},
				"up": {
					"uv": [
						12.5,
						4.375,
						13.75,
						4
					],
					"texture": "#3"
				},
				"down": {
					"uv": [
						12.5,
						4.5,
						13.75,
						4.875
					],
					"texture": "#3"
				}
			}
		},
		{
			"from": [
				-5.767359669023639,
				-6.735443136185008,
				-1.63211175710091
			],
			"to": [
				6.577416189136079,
				-1.2580890118414985,
				4.5540955575701965
			],
			"rotation": {
				"angle": -22.5,
				"axis": "z",
				"origin": [
					-0.2563151179847658,
					-5.216123626182322,
					0.9781263095756865
				]
			},
			"faces": {
				"north": {
					"uv": [
						14.25,
						12.5,
						13.5,
						12.8125
					],
					"texture": "#3"
				},
				"east": {
					"uv": [
						3.375,
						13.75,
						3,
						14.0625
					],
					"texture": "#3"
				},
				"south": {
					"uv": [
						13.75,
						13.5,
						13,
						13.8125
					],
					"texture": "#3"
				},
				"west": {
					"uv": [
						14.125,
						2.5,
						13.75,
						2.8125
					],
					"texture": "#3"
				},
				"up": {
					"uv": [
						13.5,
						6.875,
						14.25,
						6.5
					],
					"texture": "#3"
				},
				"down": {
					"uv": [
						13.5,
						7,
						14.25,
						7.375
					],
					"texture": "#3"
				}
			}
		},
		{
			"from": [
				-3.787123004301055,
				-4.159615525800296,
				-1.7052732102310557
			],
			"to": [
				7.593547482610309,
				7.414526359388601,
				4.887386621829741
			],
			"rotation": {
				"angle": 0,
				"axis": "y",
				"origin": [
					3.084242857344959,
					-2.0509398655825617,
					1.486191956312802
				]
			},
			"faces": {
				"north": {
					"uv": [
						3.4375,
						12.5,
						2.75,
						13.1875
					],
					"texture": "#3"
				},
				"east": {
					"uv": [
						12.125,
						13.5,
						11.75,
						14.1875
					],
					"texture": "#3"
				},
				"south": {
					"uv": [
						13.1875,
						3.25,
						12.5,
						3.9375
					],
					"texture": "#3"
				},
				"west": {
					"uv": [
						9.625,
						13.5,
						9.25,
						14.1875
					],
					"texture": "#3"
				},
				"up": {
					"uv": [
						13.5,
						12.375,
						14.1875,
						12
					],
					"texture": "#3"
				},
				"down": {
					"uv": [
						12.25,
						13.5,
						12.9375,
						13.875
					],
					"texture": "#3"
				}
			}
		}
	],
	"display": {
		"head": {
			"rotation": [
				0,
				180,
				0
			]
		}
	}
}