{
    "display": {
        "title": {
            "text": "Is that what you saw...?",
            "color": "dark_purple"
        },
        "description": {
            "text": "Use the true power of the Colossal Titan",
            "color": "white"
        },
        "icon": {
            "id": "minecraft:carrot_on_a_stick",
            "components": {
                "minecraft:custom_model_data": 17
            }
        },
        "frame": "goal",
        "show_toast": true,
        "announce_to_chat": true,
        "hidden": true
    },
    "criteria": {
        "unlock": {
            "trigger": "minecraft:impossible"
        }
    },
    "parent": "snc:shifters/colossal/get"
}