{
	"credit": "Made with Blockbench",
	"texture_size": [32, 32],
	"textures": {
		"0": "custom/manuever",
		"1": "custom/odm/spear",
		"particle": "custom/manuever"
	},
	"elements": [
		{
			"from": [15.38826, 6.28079, 0.57536],
			"to": [15.76326, 7.03079, 1.32536],
			"rotation": {"angle": 22.5, "axis": "x", "origin": [13.5, 5.96829, 0.95036]},
			"faces": {
				"north": {"uv": [7.75, 1, 8, 1.25], "rotation": 90, "texture": "#0"},
				"east": {"uv": [2, 7.75, 1.75, 8], "texture": "#0"},
				"south": {"uv": [7.75, 1.25, 8, 1.5], "rotation": 270, "texture": "#0"},
				"west": {"uv": [1.75, 8, 1.5, 7.75], "rotation": 180, "texture": "#0"},
				"up": {"uv": [1.25, 7.75, 1.5, 8], "rotation": 270, "texture": "#0"},
				"down": {"uv": [7.75, 0.75, 8, 1], "rotation": 270, "texture": "#0"}
			}
		},
		{
			"from": [11.51326, 6.15579, 0.45036],
			"to": [15.38826, 7.15579, 1.45036],
			"rotation": {"angle": 22.5, "axis": "x", "origin": [13.5, 5.96829, 0.95036]},
			"faces": {
				"north": {"uv": [2.75, 5.75, 3, 6.75], "rotation": 90, "texture": "#0"},
				"east": {"uv": [8, 2.25, 7.75, 2.5], "texture": "#0"},
				"south": {"uv": [6.25, 1, 6.5, 2], "rotation": 270, "texture": "#0"},
				"west": {"uv": [2.25, 8, 2, 7.75], "rotation": 180, "texture": "#0"},
				"up": {"uv": [5.25, 6, 5.5, 7], "rotation": 270, "texture": "#0"},
				"down": {"uv": [1, 5.75, 1.25, 6.75], "rotation": 270, "texture": "#0"}
			}
		},
		{
			"from": [11.51326, 5.15579, 0.45036],
			"to": [12.88826, 6.15579, 1.45036],
			"rotation": {"angle": 22.5, "axis": "x", "origin": [13.5, 5.96829, 0.95036]},
			"faces": {
				"north": {"uv": [7.75, 2.5, 8, 2.75], "rotation": 90, "texture": "#0"},
				"east": {"uv": [3.5, 7.75, 3.25, 8], "texture": "#0"},
				"south": {"uv": [3, 7.75, 3.25, 8], "rotation": 270, "texture": "#0"},
				"west": {"uv": [8, 3.25, 7.75, 3], "rotation": 180, "texture": "#0"},
				"up": {"uv": [2.75, 7.75, 3, 8], "rotation": 270, "texture": "#0"},
				"down": {"uv": [2.5, 7.75, 2.75, 8], "rotation": 270, "texture": "#0"}
			}
		},
		{
			"from": [12.88826, 5.15579, 0.45036],
			"to": [13.88826, 5.40579, 1.45036],
			"rotation": {"angle": 22.5, "axis": "x", "origin": [13.5, 5.96829, 0.95036]},
			"faces": {
				"north": {"uv": [7.75, 3.5, 8, 3.75], "rotation": 90, "texture": "#0"},
				"east": {"uv": [8, 4.25, 7.75, 4.5], "texture": "#0"},
				"south": {"uv": [4, 7.75, 4.25, 8], "rotation": 270, "texture": "#0"},
				"west": {"uv": [4.5, 8, 4.25, 7.75], "rotation": 180, "texture": "#0"},
				"up": {"uv": [7.75, 3.75, 8, 4], "rotation": 270, "texture": "#0"},
				"down": {"uv": [3.5, 7.75, 3.75, 8], "rotation": 270, "texture": "#0"}
			}
		},
		{
			"from": [13.70076, 5.21829, 0.51286],
			"to": [13.95076, 6.15579, 1.38786],
			"rotation": {"angle": 22.5, "axis": "x", "origin": [13.5, 5.96829, 0.95036]},
			"faces": {
				"north": {"uv": [7.75, 4.5, 8, 4.75], "rotation": 90, "texture": "#0"},
				"east": {"uv": [5.75, 7.75, 5.5, 8], "texture": "#0"},
				"south": {"uv": [5, 7.75, 5.25, 8], "rotation": 270, "texture": "#0"},
				"west": {"uv": [5.5, 8, 5.25, 7.75], "rotation": 180, "texture": "#0"},
				"up": {"uv": [4.75, 7.75, 5, 8], "rotation": 270, "texture": "#0"},
				"down": {"uv": [4.5, 7.75, 4.75, 8], "rotation": 270, "texture": "#0"}
			}
		},
		{
			"from": [13.05837, 5.81774, 0.57854],
			"to": [13.30837, 6.61774, 1.35354],
			"rotation": {"angle": 45, "axis": "z", "origin": [13.5, 5.96829, 0.95036]},
			"faces": {
				"north": {"uv": [7.75, 5.75, 8, 6], "texture": "#0"},
				"east": {"uv": [6, 7.75, 6.25, 8], "texture": "#0"},
				"south": {"uv": [6.25, 7.75, 6.5, 8], "texture": "#0"},
				"west": {"uv": [7.75, 5.5, 8, 5.75], "texture": "#0"},
				"up": {"uv": [8, 6.5, 7.75, 6.25], "rotation": 270, "texture": "#0"},
				"down": {"uv": [8, 6.5, 7.75, 6.75], "rotation": 90, "texture": "#0"}
			}
		},
		{
			"from": [11.29924, 5.22152, 0.51286],
			"to": [11.54924, 7.09652, 1.38786],
			"rotation": {"angle": 22.5, "axis": "x", "origin": [13.5, 5.96829, 0.95036]},
			"faces": {
				"north": {"uv": [1.5, 7, 2, 7.25], "rotation": 90, "texture": "#0"},
				"east": {"uv": [6.75, 1.5, 6.5, 2], "texture": "#0"},
				"south": {"uv": [7, 1.5, 7.5, 1.75], "rotation": 270, "texture": "#0"},
				"west": {"uv": [5, 6, 4.75, 5.5], "rotation": 180, "texture": "#0"},
				"up": {"uv": [7, 7.75, 7.25, 8], "rotation": 270, "texture": "#0"},
				"down": {"uv": [7.75, 6.75, 8, 7], "rotation": 270, "texture": "#0"}
			}
		},
		{
			"from": [15.775, 7.69694, 2.86665],
			"to": [16.025, 7.94694, 4.11665],
			"rotation": {"angle": 45, "axis": "x", "origin": [12.69807, 9.31777, 0.57338]},
			"faces": {
				"north": {"uv": [1, 8, 1.25, 8.25], "texture": "#0"},
				"east": {"uv": [8, 1, 8.25, 1.25], "texture": "#0"},
				"south": {"uv": [1.25, 8, 1.5, 8.25], "texture": "#0"},
				"west": {"uv": [8, 1.25, 8.25, 1.5], "texture": "#0"},
				"up": {"uv": [1.75, 8.25, 1.5, 8], "texture": "#0"},
				"down": {"uv": [8.25, 1.5, 8, 1.75], "texture": "#0"}
			}
		},
		{
			"from": [15.675, 6.40059, 3.26371],
			"to": [15.925, 6.65059, 5.21371],
			"rotation": {"angle": 22.5, "axis": "x", "origin": [12.69807, 9.31777, 0.57338]},
			"faces": {
				"north": {"uv": [1.75, 8, 2, 8.25], "texture": "#0"},
				"east": {"uv": [8, 1.75, 8.25, 2], "texture": "#0"},
				"south": {"uv": [2, 8, 2.25, 8.25], "texture": "#0"},
				"west": {"uv": [8, 2, 8.25, 2.25], "texture": "#0"},
				"up": {"uv": [2.5, 8.25, 2.25, 8], "texture": "#0"},
				"down": {"uv": [8.25, 2.25, 8, 2.5], "texture": "#0"}
			}
		},
		{
			"from": [16.19566, 4.775, 2.37795],
			"to": [16.44566, 5.025, 4.32795],
			"rotation": {"angle": -22.5, "axis": "y", "origin": [12.69807, 9.01777, 1.67338]},
			"faces": {
				"north": {"uv": [2.5, 8, 2.75, 8.25], "texture": "#0"},
				"east": {"uv": [8, 2.5, 8.25, 2.75], "texture": "#0"},
				"south": {"uv": [2.75, 8, 3, 8.25], "texture": "#0"},
				"west": {"uv": [8, 2.75, 8.25, 3], "texture": "#0"},
				"up": {"uv": [3.25, 8.25, 3, 8], "texture": "#0"},
				"down": {"uv": [8.25, 3, 8, 3.25], "texture": "#0"}
			}
		},
		{
			"from": [14.90747, 3.22816, 1.43101],
			"to": [15.15747, 3.47816, 2.78101],
			"rotation": {"angle": -45, "axis": "x", "origin": [12.69807, 9.01777, 1.67338]},
			"faces": {
				"north": {"uv": [3.25, 8, 3.5, 8.25], "texture": "#0"},
				"east": {"uv": [8, 3.25, 8.25, 3.5], "texture": "#0"},
				"south": {"uv": [3.5, 8, 3.75, 8.25], "texture": "#0"},
				"west": {"uv": [8, 3.5, 8.25, 3.75], "texture": "#0"},
				"up": {"uv": [4, 8.25, 3.75, 8], "texture": "#0"},
				"down": {"uv": [8.25, 3.75, 8, 4], "texture": "#0"}
			}
		},
		{
			"from": [12.23785, 5.625, 7.33811],
			"to": [15.06285, 5.875, 7.58811],
			"rotation": {"angle": 22.5, "axis": "y", "origin": [12.75035, 5.75, 6.96311]},
			"faces": {
				"north": {"uv": [7, 2, 7.5, 2.25], "texture": "#0"},
				"east": {"uv": [4, 8, 4.25, 8.25], "texture": "#0"},
				"south": {"uv": [7, 1.75, 7.5, 2], "texture": "#0"},
				"west": {"uv": [8, 4, 8.25, 4.25], "texture": "#0"},
				"up": {"uv": [6.75, 3, 6.5, 2.5], "rotation": 90, "texture": "#0"},
				"down": {"uv": [7.25, 2.25, 7, 2.75], "rotation": 270, "texture": "#0"}
			}
		},
		{
			"from": [16.66136, 5.625, 6.06497],
			"to": [16.91136, 5.875, 7.81497],
			"rotation": {"angle": -45, "axis": "y", "origin": [12.69807, 9.01777, 1.67338]},
			"faces": {
				"north": {"uv": [4.25, 8, 4.5, 8.25], "texture": "#0"},
				"east": {"uv": [7, 2.75, 7.5, 3], "texture": "#0"},
				"south": {"uv": [8, 4.25, 8.25, 4.5], "texture": "#0"},
				"west": {"uv": [7, 3.25, 7.5, 3.5], "texture": "#0"},
				"up": {"uv": [7.25, 4, 7, 3.5], "texture": "#0"},
				"down": {"uv": [5.5, 7, 5.25, 7.5], "texture": "#0"}
			}
		},
		{
			"from": [15.3, 6.05, 0.7],
			"to": [16.3, 7.15, 1.8],
			"rotation": {"angle": 22.5, "axis": "x", "origin": [17, 6.7, 1.2]},
			"faces": {
				"north": {"uv": [2.5, 3, 3, 3.5], "texture": "#1"},
				"east": {"uv": [3.5, 2, 4, 2.5], "texture": "#1"},
				"south": {"uv": [2.5, 3.5, 3, 4], "texture": "#1"},
				"west": {"uv": [3.5, 2.5, 4, 3], "texture": "#1"},
				"up": {"uv": [4, 3.5, 3.5, 3], "texture": "#1"},
				"down": {"uv": [4, 3.5, 3.5, 4], "texture": "#1"}
			}
		},
		{
			"from": [16.3, 6.05, -0.05],
			"to": [16.4, 7.15, 3.15],
			"rotation": {"angle": 22.5, "axis": "x", "origin": [17, 6.7, 1.2]},
			"faces": {
				"north": {"uv": [4, 3, 4.5, 3.5], "texture": "#1"},
				"east": {"uv": [2, 0, 4, 0.5], "texture": "#1"},
				"south": {"uv": [3.5, 4, 4, 4.5], "texture": "#1"},
				"west": {"uv": [2, 0.5, 4, 1], "texture": "#1"},
				"up": {"uv": [2.5, 3, 2, 1], "texture": "#1"},
				"down": {"uv": [3, 1, 2.5, 3], "texture": "#1"}
			}
		},
		{
			"from": [16.4, 6.05, 2.05],
			"to": [17.4, 7.15, 2.15],
			"rotation": {"angle": 22.5, "axis": "x", "origin": [17, 6.7, 1.2]},
			"faces": {
				"north": {"uv": [4.5, 2.5, 5, 3], "texture": "#1"},
				"east": {"uv": [3, 4.5, 3.5, 5], "texture": "#1"},
				"south": {"uv": [4.5, 3, 5, 3.5], "texture": "#1"},
				"west": {"uv": [3.5, 4.5, 4, 5], "texture": "#1"},
				"up": {"uv": [5, 4, 4.5, 3.5], "texture": "#1"},
				"down": {"uv": [4.5, 4.5, 4, 5], "texture": "#1"}
			}
		},
		{
			"from": [17.4, 6.05, 1.05],
			"to": [17.5, 7.15, 2.05],
			"rotation": {"angle": 22.5, "axis": "x", "origin": [17, 6.7, 1.2]},
			"faces": {
				"north": {"uv": [5, 5, 5.5, 5.5], "texture": "#1"},
				"east": {"uv": [5.5, 0, 6, 0.5], "texture": "#1"},
				"south": {"uv": [5.5, 0.5, 6, 1], "texture": "#1"},
				"west": {"uv": [5.5, 1, 6, 1.5], "texture": "#1"},
				"up": {"uv": [6, 2, 5.5, 1.5], "texture": "#1"},
				"down": {"uv": [2.5, 5.5, 2, 6], "texture": "#1"}
			}
		},
		{
			"from": [17.4, 6.05, 2.15],
			"to": [17.5, 7.15, 3.15],
			"rotation": {"angle": 22.5, "axis": "x", "origin": [17, 6.7, 1.2]},
			"faces": {
				"north": {"uv": [5, 5, 5.5, 5.5], "texture": "#1"},
				"east": {"uv": [5.5, 0, 6, 0.5], "texture": "#1"},
				"south": {"uv": [5.5, 0.5, 6, 1], "texture": "#1"},
				"west": {"uv": [5.5, 1, 6, 1.5], "texture": "#1"},
				"up": {"uv": [6, 2, 5.5, 1.5], "texture": "#1"},
				"down": {"uv": [2.5, 5.5, 2, 6], "texture": "#1"}
			}
		},
		{
			"from": [16.4, 6.05, 3.15],
			"to": [17.4, 7.15, 3.25],
			"rotation": {"angle": 22.5, "axis": "x", "origin": [17, 6.7, 1.2]},
			"faces": {
				"north": {"uv": [4.5, 2.5, 5, 3], "texture": "#1"},
				"east": {"uv": [3, 4.5, 3.5, 5], "texture": "#1"},
				"south": {"uv": [4.5, 3, 5, 3.5], "texture": "#1"},
				"west": {"uv": [3.5, 4.5, 4, 5], "texture": "#1"},
				"up": {"uv": [5, 4, 4.5, 3.5], "texture": "#1"},
				"down": {"uv": [4.5, 4.5, 4, 5], "texture": "#1"}
			}
		},
		{
			"from": [16.4, 6.05, 0.95],
			"to": [17.4, 7.15, 1.05],
			"rotation": {"angle": 22.5, "axis": "x", "origin": [17, 6.7, 1.2]},
			"faces": {
				"north": {"uv": [4, 0, 4.5, 0.5], "texture": "#1"},
				"east": {"uv": [4, 0.5, 4.5, 1], "texture": "#1"},
				"south": {"uv": [4, 2, 4.5, 2.5], "texture": "#1"},
				"west": {"uv": [2.5, 4, 3, 4.5], "texture": "#1"},
				"up": {"uv": [4.5, 3, 4, 2.5], "texture": "#1"},
				"down": {"uv": [3.5, 4, 3, 4.5], "texture": "#1"}
			}
		},
		{
			"from": [17.4, 6.05, -0.05],
			"to": [17.5, 7.15, 0.95],
			"rotation": {"angle": 22.5, "axis": "x", "origin": [17, 6.7, 1.2]},
			"faces": {
				"north": {"uv": [5, 5, 5.5, 5.5], "texture": "#1"},
				"east": {"uv": [5.5, 0, 6, 0.5], "texture": "#1"},
				"south": {"uv": [5.5, 0.5, 6, 1], "texture": "#1"},
				"west": {"uv": [5.5, 1, 6, 1.5], "texture": "#1"},
				"up": {"uv": [6, 2, 5.5, 1.5], "texture": "#1"},
				"down": {"uv": [2.5, 5.5, 2, 6], "texture": "#1"}
			}
		},
		{
			"from": [16.4, 6.05, -0.15],
			"to": [17.4, 7.15, -0.05],
			"rotation": {"angle": 22.5, "axis": "x", "origin": [17, 6.7, 1.2]},
			"faces": {
				"north": {"uv": [4, 0, 4.5, 0.5], "texture": "#1"},
				"east": {"uv": [4, 0.5, 4.5, 1], "texture": "#1"},
				"south": {"uv": [4, 2, 4.5, 2.5], "texture": "#1"},
				"west": {"uv": [2.5, 4, 3, 4.5], "texture": "#1"},
				"up": {"uv": [4.5, 3, 4, 2.5], "texture": "#1"},
				"down": {"uv": [3.5, 4, 3, 4.5], "texture": "#1"}
			}
		},
		{
			"from": [16.3, 10.05, -0.05],
			"to": [16.4, 11.15, 3.15],
			"rotation": {"angle": 22.5, "axis": "x", "origin": [17, 6.7, 1.2]},
			"faces": {
				"north": {"uv": [4, 3, 4.5, 3.5], "texture": "#1"},
				"east": {"uv": [2, 0, 4, 0.5], "texture": "#1"},
				"south": {"uv": [3.5, 4, 4, 4.5], "texture": "#1"},
				"west": {"uv": [2, 0.5, 4, 1], "texture": "#1"},
				"up": {"uv": [2.5, 3, 2, 1], "texture": "#1"},
				"down": {"uv": [3, 1, 2.5, 3], "texture": "#1"}
			}
		},
		{
			"from": [16.4, 10.05, 2.05],
			"to": [17.4, 11.15, 2.15],
			"rotation": {"angle": 22.5, "axis": "x", "origin": [17, 6.7, 1.2]},
			"faces": {
				"north": {"uv": [4.5, 2.5, 5, 3], "texture": "#1"},
				"east": {"uv": [3, 4.5, 3.5, 5], "texture": "#1"},
				"south": {"uv": [4.5, 3, 5, 3.5], "texture": "#1"},
				"west": {"uv": [3.5, 4.5, 4, 5], "texture": "#1"},
				"up": {"uv": [5, 4, 4.5, 3.5], "texture": "#1"},
				"down": {"uv": [4.5, 4.5, 4, 5], "texture": "#1"}
			}
		},
		{
			"from": [17.4, 10.05, 1.05],
			"to": [17.5, 11.15, 2.05],
			"rotation": {"angle": 22.5, "axis": "x", "origin": [17, 6.7, 1.2]},
			"faces": {
				"north": {"uv": [5, 5, 5.5, 5.5], "texture": "#1"},
				"east": {"uv": [5.5, 0, 6, 0.5], "texture": "#1"},
				"south": {"uv": [5.5, 0.5, 6, 1], "texture": "#1"},
				"west": {"uv": [5.5, 1, 6, 1.5], "texture": "#1"},
				"up": {"uv": [6, 2, 5.5, 1.5], "texture": "#1"},
				"down": {"uv": [2.5, 5.5, 2, 6], "texture": "#1"}
			}
		},
		{
			"from": [17.4, 10.05, 2.15],
			"to": [17.5, 11.15, 3.15],
			"rotation": {"angle": 22.5, "axis": "x", "origin": [17, 6.7, 1.2]},
			"faces": {
				"north": {"uv": [5, 5, 5.5, 5.5], "texture": "#1"},
				"east": {"uv": [5.5, 0, 6, 0.5], "texture": "#1"},
				"south": {"uv": [5.5, 0.5, 6, 1], "texture": "#1"},
				"west": {"uv": [5.5, 1, 6, 1.5], "texture": "#1"},
				"up": {"uv": [6, 2, 5.5, 1.5], "texture": "#1"},
				"down": {"uv": [2.5, 5.5, 2, 6], "texture": "#1"}
			}
		},
		{
			"from": [16.4, 10.05, 3.15],
			"to": [17.4, 11.15, 3.25],
			"rotation": {"angle": 22.5, "axis": "x", "origin": [17, 6.7, 1.2]},
			"faces": {
				"north": {"uv": [4.5, 2.5, 5, 3], "texture": "#1"},
				"east": {"uv": [3, 4.5, 3.5, 5], "texture": "#1"},
				"south": {"uv": [4.5, 3, 5, 3.5], "texture": "#1"},
				"west": {"uv": [3.5, 4.5, 4, 5], "texture": "#1"},
				"up": {"uv": [5, 4, 4.5, 3.5], "texture": "#1"},
				"down": {"uv": [4.5, 4.5, 4, 5], "texture": "#1"}
			}
		},
		{
			"from": [16.4, 10.05, 0.95],
			"to": [17.4, 11.15, 1.05],
			"rotation": {"angle": 22.5, "axis": "x", "origin": [17, 6.7, 1.2]},
			"faces": {
				"north": {"uv": [4, 0, 4.5, 0.5], "texture": "#1"},
				"east": {"uv": [4, 0.5, 4.5, 1], "texture": "#1"},
				"south": {"uv": [4, 2, 4.5, 2.5], "texture": "#1"},
				"west": {"uv": [2.5, 4, 3, 4.5], "texture": "#1"},
				"up": {"uv": [4.5, 3, 4, 2.5], "texture": "#1"},
				"down": {"uv": [3.5, 4, 3, 4.5], "texture": "#1"}
			}
		},
		{
			"from": [17.4, 10.05, -0.05],
			"to": [17.5, 11.15, 0.95],
			"rotation": {"angle": 22.5, "axis": "x", "origin": [17, 6.7, 1.2]},
			"faces": {
				"north": {"uv": [5, 5, 5.5, 5.5], "texture": "#1"},
				"east": {"uv": [5.5, 0, 6, 0.5], "texture": "#1"},
				"south": {"uv": [5.5, 0.5, 6, 1], "texture": "#1"},
				"west": {"uv": [5.5, 1, 6, 1.5], "texture": "#1"},
				"up": {"uv": [6, 2, 5.5, 1.5], "texture": "#1"},
				"down": {"uv": [2.5, 5.5, 2, 6], "texture": "#1"}
			}
		},
		{
			"from": [16.4, 10.05, -0.15],
			"to": [17.4, 11.15, -0.05],
			"rotation": {"angle": 22.5, "axis": "x", "origin": [17, 6.7, 1.2]},
			"faces": {
				"north": {"uv": [4, 0, 4.5, 0.5], "texture": "#1"},
				"east": {"uv": [4, 0.5, 4.5, 1], "texture": "#1"},
				"south": {"uv": [4, 2, 4.5, 2.5], "texture": "#1"},
				"west": {"uv": [2.5, 4, 3, 4.5], "texture": "#1"},
				"up": {"uv": [4.5, 3, 4, 2.5], "texture": "#1"},
				"down": {"uv": [3.5, 4, 3, 4.5], "texture": "#1"}
			}
		},
		{
			"from": [16.5, 30.6, 2.66935],
			"to": [17.4, 31, 3.56935],
			"rotation": {"angle": 22.5, "axis": "x", "origin": [16.95, 10.2819, 3.12027]},
			"faces": {
				"north": {"uv": [6.5, 5, 7, 5.5], "texture": "#1"},
				"east": {"uv": [5.5, 6.5, 6, 7], "texture": "#1"},
				"south": {"uv": [6.5, 5.5, 7, 6], "texture": "#1"},
				"west": {"uv": [6, 6.5, 6.5, 7], "texture": "#1"},
				"up": {"uv": [7, 6.5, 6.5, 6], "texture": "#1"},
				"down": {"uv": [7, 6.5, 6.5, 7], "texture": "#1"}
			}
		},
		{
			"from": [16.4, 31, 2.56935],
			"to": [17.5, 31.5, 3.66935],
			"rotation": {"angle": 22.5, "axis": "x", "origin": [16.95, 10.2819, 3.12027]},
			"faces": {
				"north": {"uv": [6.5, 3.5, 7, 4], "texture": "#1"},
				"east": {"uv": [4, 6.5, 4.5, 7], "texture": "#1"},
				"south": {"uv": [6.5, 4, 7, 4.5], "texture": "#1"},
				"west": {"uv": [4.5, 6.5, 5, 7], "texture": "#1"},
				"up": {"uv": [7, 5, 6.5, 4.5], "texture": "#1"},
				"down": {"uv": [5.5, 6.5, 5, 7], "texture": "#1"}
			}
		},
		{
			"from": [16.4, 2.41867, 2.56935],
			"to": [17.4, 30.6, 3.56935],
			"rotation": {"angle": 22.5, "axis": "x", "origin": [16.95, 10.2819, 3.12027]},
			"faces": {
				"north": {"uv": [0, 0, 0.5, 14], "texture": "#1"},
				"east": {"uv": [0.5, 0, 1, 14], "texture": "#1"},
				"south": {"uv": [1, 0, 1.5, 14], "texture": "#1"},
				"west": {"uv": [1.5, 0, 2, 14], "texture": "#1"},
				"up": {"uv": [7, 3.5, 6.5, 3], "texture": "#1"},
				"down": {"uv": [4, 6.5, 3.5, 7], "texture": "#1"}
			}
		},
		{
			"from": [16.45, 3.37, -1.39],
			"to": [17.35, 4.05, -0.71],
			"rotation": {"angle": -22.5, "axis": "x", "origin": [16.95, 6.05516, 1.3695]},
			"faces": {
				"north": {"uv": [6.5, 1.5, 7, 2], "texture": "#1"},
				"east": {"uv": [2, 6.5, 2.5, 7], "texture": "#1"},
				"south": {"uv": [6.5, 2, 7, 2.5], "texture": "#1"},
				"west": {"uv": [2.5, 6.5, 3, 7], "texture": "#1"},
				"up": {"uv": [7, 3, 6.5, 2.5], "texture": "#1"},
				"down": {"uv": [3.5, 6.5, 3, 7], "texture": "#1"}
			}
		},
		{
			"from": [16.5, 30.2, 3.86935],
			"to": [17.4, 30.6, 4.76935],
			"rotation": {"angle": 22.5, "axis": "x", "origin": [16.95, 10.2819, 4.32027]},
			"faces": {
				"north": {"uv": [6.5, 5, 7, 5.5], "texture": "#1"},
				"east": {"uv": [5.5, 6.5, 6, 7], "texture": "#1"},
				"south": {"uv": [6.5, 5.5, 7, 6], "texture": "#1"},
				"west": {"uv": [6, 6.5, 6.5, 7], "texture": "#1"},
				"up": {"uv": [7, 6.5, 6.5, 6], "texture": "#1"},
				"down": {"uv": [7, 6.5, 6.5, 7], "texture": "#1"}
			}
		},
		{
			"from": [16.4, 30.6, 3.76935],
			"to": [17.5, 31.1, 4.86935],
			"rotation": {"angle": 22.5, "axis": "x", "origin": [16.95, 10.2819, 4.32027]},
			"faces": {
				"north": {"uv": [6.5, 3.5, 7, 4], "texture": "#1"},
				"east": {"uv": [4, 6.5, 4.5, 7], "texture": "#1"},
				"south": {"uv": [6.5, 4, 7, 4.5], "texture": "#1"},
				"west": {"uv": [4.5, 6.5, 5, 7], "texture": "#1"},
				"up": {"uv": [7, 5, 6.5, 4.5], "texture": "#1"},
				"down": {"uv": [5.5, 6.5, 5, 7], "texture": "#1"}
			}
		},
		{
			"from": [16.4, 2.01867, 3.76935],
			"to": [17.4, 30.2, 4.76935],
			"rotation": {"angle": 22.5, "axis": "x", "origin": [16.95, 10.2819, 4.32027]},
			"faces": {
				"north": {"uv": [0, 0, 0.5, 14], "texture": "#1"},
				"east": {"uv": [0.5, 0, 1, 14], "texture": "#1"},
				"south": {"uv": [1, 0, 1.5, 14], "texture": "#1"},
				"west": {"uv": [1.5, 0, 2, 14], "texture": "#1"},
				"up": {"uv": [7, 3.5, 6.5, 3], "texture": "#1"},
				"down": {"uv": [4, 6.5, 3.5, 7], "texture": "#1"}
			}
		},
		{
			"from": [16.45, 3.1, -0.47],
			"to": [17.35, 3.78, 0.21],
			"rotation": {"angle": -22.5, "axis": "x", "origin": [16.95, 6.05516, 2.5695]},
			"faces": {
				"north": {"uv": [6.5, 1.5, 7, 2], "texture": "#1"},
				"east": {"uv": [2, 6.5, 2.5, 7], "texture": "#1"},
				"south": {"uv": [6.5, 2, 7, 2.5], "texture": "#1"},
				"west": {"uv": [2.5, 6.5, 3, 7], "texture": "#1"},
				"up": {"uv": [7, 3, 6.5, 2.5], "texture": "#1"},
				"down": {"uv": [3.5, 6.5, 3, 7], "texture": "#1"}
			}
		}
	],
	"display": {
		"thirdperson_righthand": {
			"rotation": [69, 0, 0],
			"translation": [-6, -6.5, 4.25]
		},
		"thirdperson_lefthand": {
			"rotation": [69, 0, 0],
			"translation": [-6, -6.5, 4.25]
		},
		"firstperson_righthand": {
			"rotation": [-1.5, 0, 0],
			"translation": [-9, 7, 9.75],
			"scale": [1.1, 1, 1]
		},
		"firstperson_lefthand": {
			"rotation": [-1.5, 0, 0],
			"translation": [-9, 7, 9.75],
			"scale": [1.1, 1, 1]
		},
		"ground": {
			"translation": [-7.25, 5.5, 5.25]
		},
		"gui": {
			"rotation": [-2, -74, 55],
			"translation": [-1.25, -8.75, 0],
			"scale": [0.8, 0.8, 0.8]
		},
		"fixed": {
			"rotation": [85, 69, -88],
			"translation": [-1, -8.25, 6.75]
		}
	},
	"groups": [
		{
			"name": "group",
			"origin": [8, 8, 8],
			"color": 0,
			"children": [
				{
					"name": "trigger",
					"origin": [0, 0, 0],
					"color": 0,
					"children": [
						{
							"name": "handle",
							"origin": [0, 0, 0],
							"color": 0,
							"children": [0, 1, 2, 3, 4, 5, 6]
						},
						{
							"name": "rope",
							"origin": [0, 0, 0],
							"color": 0,
							"children": [7, 8, 9, 10, 11, 12]
						},
						{
							"name": "spear",
							"origin": [0, 0, 0],
							"color": 0,
							"children": [
								13,
								{
									"name": "group",
									"origin": [17, 6.7, 1.2],
									"color": 0,
									"children": [14, 15, 16, 17, 18, 19, 20, 21]
								},
								{
									"name": "group",
									"origin": [17, 6.7, 1.2],
									"color": 0,
									"children": [22, 23, 24, 25, 26, 27, 28, 29]
								},
								{
									"name": "thunder",
									"origin": [0, 0, 0],
									"color": 0,
									"children": [30, 31, 32, 33]
								},
								{
									"name": "thunder",
									"origin": [0, 0, 0],
									"color": 0,
									"children": [34, 35, 36, 37]
								}
							]
						}
					]
				}
			]
		}
	]
}