{
	"credit": "Made with Blockbench",
	"texture_size": [128, 128],
	"textures": {
		"1": "custom/military/vehicle/willymb",
		"2": "custom/military/pillager",
		"3": "custom/people/marley/1",
		"particle": "custom/people/marley/1"
	},
	"elements": [
		{
			"from": [-1, 9.25, -8],
			"to": [2.75, 11, 4],
			"faces": {
				"north": {"uv": [8.625, 0.375, 9.125, 0.625], "texture": "#1"},
				"east": {"uv": [4.75, 3.5, 6.25, 3.75], "texture": "#1"},
				"south": {"uv": [8.625, 6.625, 9.125, 6.875], "texture": "#1"},
				"west": {"uv": [7.75, 8, 9.25, 8.25], "texture": "#1"},
				"up": {"uv": [3.125, 8.375, 2.625, 6.875], "texture": "#1"},
				"down": {"uv": [3.625, 6.875, 3.125, 8.375], "texture": "#1"}
			}
		},
		{
			"from": [-1, 4, 3],
			"to": [1.75, 9.25, 12],
			"rotation": {"angle": 0, "axis": "y", "origin": [0, 0, 2]},
			"faces": {
				"north": {"uv": [0.5, 8.25, 0.875, 8.9375], "texture": "#1"},
				"east": {"uv": [6.75, 0, 8, 0.6875], "texture": "#1"},
				"south": {"uv": [7.75, 8.25, 8.125, 8.9375], "texture": "#1"},
				"west": {"uv": [1.375, 6.875, 2.625, 7.5625], "texture": "#1"},
				"up": {"uv": [1.125, 8.25, 0.75, 7], "texture": "#1"},
				"down": {"uv": [1.5, 7.625, 1.125, 8.875], "texture": "#1"}
			}
		},
		{
			"from": [-1, 4, -11],
			"to": [2.75, 11, -8],
			"faces": {
				"north": {"uv": [1.5, 7.625, 2, 8.5], "texture": "#1"},
				"east": {"uv": [5.375, 8, 5.75, 8.875], "texture": "#1"},
				"south": {"uv": [2, 7.625, 2.5, 8.5], "texture": "#1"},
				"west": {"uv": [5.75, 8.125, 6.125, 9], "texture": "#1"},
				"up": {"uv": [8.875, 3, 8.375, 2.625], "texture": "#1"},
				"down": {"uv": [8.875, 3, 8.375, 3.375], "texture": "#1"}
			}
		},
		{
			"from": [1.75, 4, -8.75],
			"to": [2.5, 9.25, 27.4],
			"rotation": {"angle": 0, "axis": "y", "origin": [0, 0, 2]},
			"faces": {
				"north": {"uv": [2.5, 7.625, 2.625, 8.3125], "texture": "#1"},
				"east": {"uv": [0, 3.75, 4.5, 4.4375], "texture": "#1"},
				"south": {"uv": [3.5, 8.375, 3.625, 9.0625], "texture": "#1"},
				"west": {"uv": [0, 4.5, 4.5, 5.1875], "texture": "#1"},
				"up": {"uv": [3.75, 11.375, 3.625, 6.875], "texture": "#1"},
				"down": {"uv": [3.875, 6.875, 3.75, 11.375], "texture": "#1"}
			}
		},
		{
			"from": [-2, 4.2, 11.25],
			"to": [1.85, 11, 13.35],
			"rotation": {"angle": 22.5, "axis": "x", "origin": [0, 7.5, 11.5]},
			"faces": {
				"north": {"uv": [7.875, 6.625, 8.375, 7.5], "texture": "#1"},
				"east": {"uv": [3, 8.375, 3.25, 9.25], "texture": "#1"},
				"south": {"uv": [0, 8, 0.5, 8.875], "texture": "#1"},
				"west": {"uv": [3.25, 8.375, 3.5, 9.25], "texture": "#1"},
				"up": {"uv": [9.125, 7.125, 8.625, 6.875], "texture": "#1"},
				"down": {"uv": [7.625, 8.625, 7.125, 8.875], "texture": "#1"}
			}
		},
		{
			"from": [-2.1, 9.23624, 12.62737],
			"to": [0, 10.83624, 27.42737],
			"rotation": {"angle": 0, "axis": "x", "origin": [-0.5, 7.28624, 12.27737]},
			"faces": {
				"north": {"uv": [5.625, 7.625, 5.875, 7.8125], "texture": "#1"},
				"east": {"uv": [8.25, 4.625, 10.125, 4.8125], "texture": "#1"},
				"south": {"uv": [0.5, 8, 0.75, 8.1875], "texture": "#1"},
				"west": {"uv": [8.25, 4.875, 10.125, 5.0625], "texture": "#1"},
				"up": {"uv": [4.125, 8.75, 3.875, 6.875], "texture": "#1"},
				"down": {"uv": [7.125, 7.375, 6.875, 9.25], "texture": "#1"}
			}
		},
		{
			"from": [3, 6, 5],
			"to": [7.75, 8, 10],
			"faces": {
				"north": {"uv": [6.75, 0.75, 7.375, 1], "texture": "#1"},
				"east": {"uv": [8.25, 5.125, 8.875, 5.375], "texture": "#1"},
				"south": {"uv": [8.375, 1.25, 9, 1.5], "texture": "#1"},
				"west": {"uv": [8.5, 3.375, 9.125, 3.625], "texture": "#1"},
				"up": {"uv": [5.375, 8.625, 4.75, 8], "texture": "#1"},
				"down": {"uv": [7.75, 8, 7.125, 8.625], "texture": "#1"}
			}
		},
		{
			"from": [3.1, 6.83728, 4.50031],
			"to": [7.65, 12.83728, 5.75031],
			"rotation": {"angle": -22.5, "axis": "x", "origin": [5.5, 9.33728, 4.25031]},
			"faces": {
				"north": {"uv": [8, 0, 8.5625, 0.75], "texture": "#1"},
				"east": {"uv": [4.75, 8.625, 4.9375, 9.375], "texture": "#1"},
				"south": {"uv": [4.125, 8, 4.6875, 8.75], "texture": "#1"},
				"west": {"uv": [5, 8.625, 5.1875, 9.375], "texture": "#1"},
				"up": {"uv": [9.1875, 7.3125, 8.625, 7.125], "texture": "#1"},
				"down": {"uv": [9.1875, 7.625, 8.625, 7.8125], "texture": "#1"}
			}
		},
		{
			"from": [13.25, 9.25, -8],
			"to": [17, 11, 4],
			"rotation": {"angle": 0, "axis": "y", "origin": [16, 0, 0]},
			"faces": {
				"north": {"uv": [9.125, 0.375, 8.625, 0.625], "texture": "#1"},
				"east": {"uv": [9.25, 8, 7.75, 8.25], "texture": "#1"},
				"south": {"uv": [9.125, 6.625, 8.625, 6.875], "texture": "#1"},
				"west": {"uv": [6.25, 3.5, 4.75, 3.75], "texture": "#1"},
				"up": {"uv": [2.625, 8.375, 3.125, 6.875], "texture": "#1"},
				"down": {"uv": [3.125, 6.875, 3.625, 8.375], "texture": "#1"}
			}
		},
		{
			"from": [14.25, 4, 3],
			"to": [17, 9.25, 12],
			"rotation": {"angle": 0, "axis": "y", "origin": [16, 0, 2]},
			"faces": {
				"north": {"uv": [0.875, 8.25, 0.5, 8.9375], "texture": "#1"},
				"east": {"uv": [2.625, 6.875, 1.375, 7.5625], "texture": "#1"},
				"south": {"uv": [8.125, 8.25, 7.75, 8.9375], "texture": "#1"},
				"west": {"uv": [8, 0, 6.75, 0.6875], "texture": "#1"},
				"up": {"uv": [0.75, 8.25, 1.125, 7], "texture": "#1"},
				"down": {"uv": [1.125, 7.625, 1.5, 8.875], "texture": "#1"}
			}
		},
		{
			"from": [13.25, 4, -11],
			"to": [17, 11, -8],
			"rotation": {"angle": 0, "axis": "y", "origin": [16, 0, 0]},
			"faces": {
				"north": {"uv": [2, 7.625, 1.5, 8.5], "texture": "#1"},
				"east": {"uv": [6.125, 8.125, 5.75, 9], "texture": "#1"},
				"south": {"uv": [2.5, 7.625, 2, 8.5], "texture": "#1"},
				"west": {"uv": [5.75, 8, 5.375, 8.875], "texture": "#1"},
				"up": {"uv": [8.375, 3, 8.875, 2.625], "texture": "#1"},
				"down": {"uv": [8.375, 3, 8.875, 3.375], "texture": "#1"}
			}
		},
		{
			"from": [13.5, 4, -8.75],
			"to": [14.25, 9.25, 27.4],
			"rotation": {"angle": 0, "axis": "y", "origin": [16, 0, 2]},
			"faces": {
				"north": {"uv": [2.625, 7.625, 2.5, 8.3125], "texture": "#1"},
				"east": {"uv": [4.5, 4.5, 0, 5.1875], "texture": "#1"},
				"south": {"uv": [3.625, 8.375, 3.5, 9.0625], "texture": "#1"},
				"west": {"uv": [4.5, 3.75, 0, 4.4375], "texture": "#1"},
				"up": {"uv": [3.625, 11.375, 3.75, 6.875], "texture": "#1"},
				"down": {"uv": [3.75, 6.875, 3.875, 11.375], "texture": "#1"}
			}
		},
		{
			"from": [14.15, 4.2, 11.25],
			"to": [18, 11, 13.35],
			"rotation": {"angle": 22.5, "axis": "x", "origin": [16, 7.5, 11.5]},
			"faces": {
				"north": {"uv": [8.375, 6.625, 7.875, 7.5], "texture": "#1"},
				"east": {"uv": [3.5, 8.375, 3.25, 9.25], "texture": "#1"},
				"south": {"uv": [0.5, 8, 0, 8.875], "texture": "#1"},
				"west": {"uv": [3.25, 8.375, 3, 9.25], "texture": "#1"},
				"up": {"uv": [8.625, 7.125, 9.125, 6.875], "texture": "#1"},
				"down": {"uv": [7.125, 8.625, 7.625, 8.875], "texture": "#1"}
			}
		},
		{
			"from": [16, 9.23624, 12.62737],
			"to": [18.1, 10.83624, 27.42737],
			"rotation": {"angle": 0, "axis": "x", "origin": [16.5, 7.28624, 12.27737]},
			"faces": {
				"north": {"uv": [5.875, 7.625, 5.625, 7.8125], "texture": "#1"},
				"east": {"uv": [10.125, 4.875, 8.25, 5.0625], "texture": "#1"},
				"south": {"uv": [0.75, 8, 0.5, 8.1875], "texture": "#1"},
				"west": {"uv": [10.125, 4.625, 8.25, 4.8125], "texture": "#1"},
				"up": {"uv": [3.875, 8.75, 4.125, 6.875], "texture": "#1"},
				"down": {"uv": [6.875, 7.375, 7.125, 9.25], "texture": "#1"}
			}
		},
		{
			"from": [8.25, 6, 5],
			"to": [13, 8, 10],
			"rotation": {"angle": 0, "axis": "y", "origin": [16, 0, 0]},
			"faces": {
				"north": {"uv": [7.375, 0.75, 6.75, 1], "texture": "#1"},
				"east": {"uv": [9.125, 3.375, 8.5, 3.625], "texture": "#1"},
				"south": {"uv": [9, 1.25, 8.375, 1.5], "texture": "#1"},
				"west": {"uv": [8.875, 5.125, 8.25, 5.375], "texture": "#1"},
				"up": {"uv": [4.75, 8.625, 5.375, 8], "texture": "#1"},
				"down": {"uv": [7.125, 8, 7.75, 8.625], "texture": "#1"}
			}
		},
		{
			"from": [8.35, 6.83728, 4.50031],
			"to": [12.9, 12.83728, 5.75031],
			"rotation": {"angle": -22.5, "axis": "x", "origin": [10.5, 9.33728, 4.25031]},
			"faces": {
				"north": {"uv": [8.5625, 0, 8, 0.75], "texture": "#1"},
				"east": {"uv": [5.1875, 8.625, 5, 9.375], "texture": "#1"},
				"south": {"uv": [4.6875, 8, 4.125, 8.75], "texture": "#1"},
				"west": {"uv": [4.9375, 8.625, 4.75, 9.375], "texture": "#1"},
				"up": {"uv": [8.625, 7.3125, 9.1875, 7.125], "texture": "#1"},
				"down": {"uv": [8.625, 7.625, 9.1875, 7.8125], "texture": "#1"}
			}
		},
		{
			"from": [2.75, 6, -9],
			"to": [13.25, 12, -2],
			"rotation": {"angle": 22.5, "axis": "x", "origin": [8, 9, -5]},
			"faces": {
				"north": {"uv": [1.375, 6.125, 2.6875, 6.875], "texture": "#1"},
				"east": {"uv": [7.5, 0.75, 8.375, 1.5], "texture": "#1"},
				"south": {"uv": [6.125, 2.625, 7.4375, 3.375], "texture": "#1"},
				"west": {"uv": [7.5, 2.625, 8.375, 3.375], "texture": "#1"},
				"up": {"uv": [5.6875, 6.625, 4.375, 5.75], "texture": "#1"},
				"down": {"uv": [7.0625, 5.75, 5.75, 6.625], "texture": "#1"}
			}
		},
		{
			"from": [2.85, 3.44134, -4.96194],
			"to": [13.15, 11.19134, 2.03806],
			"rotation": {"angle": -22.5, "axis": "x", "origin": [8, 9.19134, -5.46194]},
			"faces": {
				"north": {"uv": [4.5, 4.75, 5.8125, 5.75], "texture": "#1"},
				"east": {"uv": [4.125, 6.625, 5, 7.625], "texture": "#1"},
				"south": {"uv": [0, 5.25, 1.3125, 6.25], "texture": "#1"},
				"west": {"uv": [5, 6.625, 5.875, 7.625], "texture": "#1"},
				"up": {"uv": [7.1875, 5.625, 5.875, 4.75], "texture": "#1"},
				"down": {"uv": [7.4375, 1, 6.125, 1.875], "texture": "#1"}
			}
		},
		{
			"from": [0, 9.23624, 12.62737],
			"to": [16, 12.83624, 27.42737],
			"rotation": {"angle": 0, "axis": "x", "origin": [-0.5, 7.28624, 12.27737]},
			"faces": {
				"north": {"uv": [0, 3.25, 2, 3.6875], "texture": "#1"},
				"east": {"uv": [7.125, 5.625, 9, 6.0625], "texture": "#1"},
				"south": {"uv": [6.5, 3.375, 8.4375, 3.8125], "texture": "#1"},
				"west": {"uv": [7.125, 6.125, 9, 6.5625], "texture": "#1"},
				"up": {"uv": [4.75, 1.875, 2.75, 0], "texture": "#1"},
				"down": {"uv": [4.75, 1.875, 2.75, 3.75], "texture": "#1"}
			}
		},
		{
			"from": [0.1, 14.43624, 13.72737],
			"to": [15.9, 22.43624, 14.32737],
			"rotation": {"angle": -22.5, "axis": "x", "origin": [8, 11.03624, 18.02737]},
			"faces": {
				"north": {"uv": [4.5, 3.75, 6.5, 4.75], "texture": "#1"},
				"east": {"uv": [2.375, 8.5, 2.4375, 9.5], "texture": "#1"},
				"south": {"uv": [4.75, 0, 6.75, 1], "texture": "#1"},
				"west": {"uv": [5.25, 8.625, 5.3125, 9.625], "texture": "#1"},
				"up": {"uv": [10.375, 7.4375, 8.375, 7.375], "texture": "#1"},
				"down": {"uv": [10.5, 3.625, 8.5, 3.6875], "texture": "#1"}
			}
		},
		{
			"from": [9.25, 10.14983, 11.23283],
			"to": [12.05, 13.14983, 11.83283],
			"rotation": {"angle": 22.5, "axis": "x", "origin": [8.85, 13.64983, 11.53283]},
			"faces": {
				"north": {"uv": [2.375, 8.5, 2, 8.875], "texture": "#1"},
				"east": {"uv": [1.1875, 8.875, 1.125, 9.25], "texture": "#1"},
				"south": {"uv": [9, 0, 8.625, 0.375], "texture": "#1"},
				"west": {"uv": [8.9375, 0.625, 8.875, 1], "texture": "#1"},
				"up": {"uv": [6.375, 5.6875, 6.75, 5.625], "texture": "#1"},
				"down": {"uv": [6.5, 4.625, 6.875, 4.6875], "texture": "#1"}
			}
		},
		{
			"from": [10.25, 11.14983, 11.73283],
			"to": [11.05, 12.14983, 13.83283],
			"rotation": {"angle": 22.5, "axis": "x", "origin": [8.85, 13.64983, 11.53283]},
			"faces": {
				"north": {"uv": [4.5, 5.625, 4.375, 5.75], "texture": "#1"},
				"east": {"uv": [6.375, 5.625, 6.125, 5.75], "texture": "#1"},
				"south": {"uv": [6.25, 3.375, 6.125, 3.5], "texture": "#1"},
				"west": {"uv": [6.125, 5.625, 5.875, 5.75], "texture": "#1"},
				"up": {"uv": [6.375, 3.625, 6.5, 3.375], "texture": "#1"},
				"down": {"uv": [7.375, 0.75, 7.5, 1], "texture": "#1"}
			}
		},
		{
			"from": [2.5, 3.83624, 17.42737],
			"to": [13.5, 9.23624, 27.42737],
			"rotation": {"angle": 0, "axis": "x", "origin": [-0.5, 7.28624, 16.27737]},
			"faces": {
				"north": {"uv": [2.75, 6.125, 4.125, 6.8125], "texture": "#1"},
				"east": {"uv": [6.5, 3.875, 7.75, 4.5625], "texture": "#1"},
				"south": {"uv": [0.0625, 6.25, 1.375, 6.9375], "texture": "#1"},
				"west": {"uv": [5.875, 6.625, 7.125, 7.3125], "texture": "#1"},
				"up": {"uv": [6.125, 2.25, 4.75, 1], "texture": "#1"},
				"down": {"uv": [6.125, 2.25, 4.75, 3.5], "texture": "#1"}
			}
		},
		{
			"from": [-0.5, 3.38624, 29.62737],
			"to": [16.5, 5.28624, 30.42737],
			"rotation": {"angle": 0, "axis": "x", "origin": [-0.5, 7.28624, 16.27737]},
			"faces": {
				"north": {"uv": [7.25, 5.375, 9.375, 5.625], "texture": "#1"},
				"east": {"uv": [5.75, 7.875, 5.875, 8.125], "texture": "#1"},
				"south": {"uv": [7.5, 1.5, 9.625, 1.75], "texture": "#1"},
				"west": {"uv": [7.625, 8.625, 7.75, 8.875], "texture": "#1"},
				"up": {"uv": [9.625, 1.875, 7.5, 1.75], "texture": "#1"},
				"down": {"uv": [10, 7.5, 7.875, 7.625], "texture": "#1"}
			}
		},
		{
			"from": [2.6, 3.43624, 26.62737],
			"to": [3.35, 4.83624, 29.67737],
			"rotation": {"angle": 0, "axis": "x", "origin": [-0.5, 7.28624, 16.27737]},
			"faces": {
				"north": {"uv": [8.875, 1, 8.9375, 1.1875], "texture": "#1"},
				"east": {"uv": [8.625, 8.75, 9, 8.9375], "texture": "#1"},
				"south": {"uv": [2, 8.875, 2.0625, 9.0625], "texture": "#1"},
				"west": {"uv": [0, 8.875, 0.375, 9.0625], "texture": "#1"},
				"up": {"uv": [1.3125, 9.25, 1.25, 8.875], "texture": "#1"},
				"down": {"uv": [1.4375, 8.875, 1.375, 9.25], "texture": "#1"}
			}
		},
		{
			"from": [12.65, 2.93624, 26.62737],
			"to": [13.4, 4.83624, 29.67737],
			"rotation": {"angle": 0, "axis": "x", "origin": [16.5, 7.28624, 16.27737]},
			"faces": {
				"north": {"uv": [4.625, 8.75, 4.75, 9], "texture": "#1"},
				"east": {"uv": [3.875, 8.75, 4.25, 9], "texture": "#1"},
				"south": {"uv": [0.375, 8.875, 0.5, 9.125], "texture": "#1"},
				"west": {"uv": [4.25, 8.75, 4.625, 9], "texture": "#1"},
				"up": {"uv": [4.5, 5.625, 4.375, 5.25], "texture": "#1"},
				"down": {"uv": [6.375, 3.375, 6.25, 3.75], "texture": "#1"}
			}
		},
		{
			"from": [2.5, 3.83624, -8.77263],
			"to": [13.5, 6.23624, 17.42737],
			"rotation": {"angle": 0, "axis": "x", "origin": [-0.5, 7.28624, 16.27737]},
			"faces": {
				"north": {"uv": [7.75, 3.875, 9.125, 4.1875], "texture": "#1"},
				"east": {"uv": [6.125, 1.875, 9.375, 2.1875], "texture": "#1"},
				"south": {"uv": [7.75, 4.25, 9.125, 4.5625], "texture": "#1"},
				"west": {"uv": [6.125, 2.25, 9.375, 2.5625], "texture": "#1"},
				"up": {"uv": [1.375, 3.25, 0, 0], "texture": "#1"},
				"down": {"uv": [2.75, 0, 1.375, 3.25], "texture": "#1"}
			}
		},
		{
			"from": [2.75, 3.93624, -11.02263],
			"to": [14.25, 10.98624, -8.57263],
			"rotation": {"angle": 0, "axis": "x", "origin": [-0.5, 7.28624, 16.27737]},
			"faces": {
				"north": {"uv": [1.375, 5.25, 2.8125, 6.125], "texture": "#1"},
				"east": {"uv": [6.125, 8.125, 6.4375, 9], "texture": "#1"},
				"south": {"uv": [2.875, 5.25, 4.3125, 6.125], "texture": "#1"},
				"west": {"uv": [6.5, 8.125, 6.8125, 9], "texture": "#1"},
				"up": {"uv": [5.5625, 7.9375, 4.125, 7.625], "texture": "#1"},
				"down": {"uv": [8.5625, 7.625, 7.125, 7.9375], "texture": "#1"}
			}
		},
		{
			"from": [1.04, 10.25, 27.4],
			"to": [2.59, 11.8, 32],
			"faces": {
				"north": {"uv": [0.5625, 9.9375, 0.75625, 10.13125], "texture": "#1"},
				"east": {"uv": [0, 10.1875, 0.5625, 10.38125], "texture": "#1"},
				"south": {"uv": [0.5625, 10.13125, 0.75625, 10.325], "texture": "#1"},
				"west": {"uv": [0, 9.9375, 0.5625, 10.13125], "texture": "#1"},
				"up": {"uv": [0.25, 10.4375, 0.44375, 11], "texture": "#1"},
				"down": {"uv": [0, 10.4375, 0.19375, 11], "texture": "#1"}
			}
		},
		{
			"from": [13.41, 10.25, 27.4],
			"to": [14.96, 11.8, 32],
			"rotation": {"angle": 0, "axis": "y", "origin": [16, 0, 0]},
			"faces": {
				"north": {"uv": [0.75625, 9.9375, 0.5625, 10.13125], "texture": "#1"},
				"east": {"uv": [0.5625, 9.9375, 0, 10.13125], "texture": "#1"},
				"south": {"uv": [0.75625, 10.13125, 0.5625, 10.325], "texture": "#1"},
				"west": {"uv": [0.5625, 10.1875, 0, 10.38125], "texture": "#1"},
				"up": {"uv": [0.44375, 10.4375, 0.25, 11], "texture": "#1"},
				"down": {"uv": [0.19375, 10.4375, 0, 11], "texture": "#1"}
			}
		},
		{
			"from": [2.51, 8.25, 27.4],
			"to": [3.51, 9.25, 32],
			"rotation": {"angle": 0, "axis": "y", "origin": [16, 0, 0]},
			"faces": {
				"north": {"uv": [0.75625, 9.9375, 0.5625, 10.13125], "texture": "#1"},
				"east": {"uv": [0.5625, 9.9375, 0, 10.13125], "texture": "#1"},
				"south": {"uv": [0.75625, 10.13125, 0.5625, 10.325], "texture": "#1"},
				"west": {"uv": [0.5625, 10.1875, 0, 10.38125], "texture": "#1"},
				"up": {"uv": [0.44375, 10.4375, 0.25, 11], "texture": "#1"},
				"down": {"uv": [0.19375, 10.4375, 0, 11], "texture": "#1"}
			}
		},
		{
			"from": [12.49, 8.25, 27.4],
			"to": [13.49, 9.25, 32],
			"faces": {
				"north": {"uv": [0.5625, 9.9375, 0.75625, 10.13125], "texture": "#1"},
				"east": {"uv": [0, 10.1875, 0.5625, 10.38125], "texture": "#1"},
				"south": {"uv": [0.5625, 10.13125, 0.75625, 10.325], "texture": "#1"},
				"west": {"uv": [0, 9.9375, 0.5625, 10.13125], "texture": "#1"},
				"up": {"uv": [0.25, 10.4375, 0.44375, 11], "texture": "#1"},
				"down": {"uv": [0, 10.4375, 0.19375, 11], "texture": "#1"}
			}
		},
		{
			"from": [-2.01, 0, 19.25],
			"to": [0.01, 8, 24.75],
			"rotation": {"angle": 0, "axis": "x", "origin": [-1, 4, 22]},
			"faces": {
				"north": {"uv": [0.875, 8.25, 1.125, 9.25], "texture": "#1"},
				"east": {"uv": [0, 7, 0.6875, 8], "texture": "#1"},
				"south": {"uv": [8.125, 8.25, 8.375, 9.25], "texture": "#1"},
				"west": {"uv": [7.125, 6.625, 7.8125, 7.625], "texture": "#1"},
				"up": {"uv": [8.625, 7.3125, 8.375, 6.625], "texture": "#1"},
				"down": {"uv": [8.625, 8.25, 8.375, 8.9375], "texture": "#1"}
			}
		},
		{
			"from": [-0.01, 2, 20.25],
			"to": [2.01, 6, 23.75],
			"rotation": {"angle": 0, "axis": "x", "origin": [-1, 4, 22]},
			"faces": {
				"north": {"uv": [2.5, 3.25, 2.75, 3.75], "texture": "#1"},
				"east": {"uv": [2, 3.25, 2.4375, 3.75], "texture": "#1"},
				"south": {"uv": [4.125, 6.125, 4.375, 6.625], "texture": "#1"},
				"west": {"uv": [8.375, 0.75, 8.8125, 1.25], "texture": "#1"},
				"up": {"uv": [1.375, 7.4375, 1.125, 7], "texture": "#1"},
				"down": {"uv": [8.875, 8.25, 8.625, 8.6875], "texture": "#1"}
			}
		},
		{
			"from": [-2, 1.25, 18],
			"to": [0, 6.75, 26],
			"rotation": {"angle": 0, "axis": "x", "origin": [-1, 4, 22]},
			"faces": {
				"north": {"uv": [1.5, 8.5, 1.75, 9.1875], "texture": "#1"},
				"east": {"uv": [7.25, 4.625, 8.25, 5.3125], "texture": "#1"},
				"south": {"uv": [1.75, 8.5, 2, 9.1875], "texture": "#1"},
				"west": {"uv": [5.875, 7.375, 6.875, 8.0625], "texture": "#1"},
				"up": {"uv": [2.75, 9.375, 2.5, 8.375], "texture": "#1"},
				"down": {"uv": [3, 8.375, 2.75, 9.375], "texture": "#1"}
			}
		},
		{
			"from": [-2.01, 0, -5.25],
			"to": [0.01, 8, 0.25],
			"rotation": {"angle": 0, "axis": "x", "origin": [-1, 4, 22]},
			"faces": {
				"north": {"uv": [0.875, 8.25, 1.125, 9.25], "texture": "#1"},
				"east": {"uv": [0, 7, 0.6875, 8], "texture": "#1"},
				"south": {"uv": [8.125, 8.25, 8.375, 9.25], "texture": "#1"},
				"west": {"uv": [7.125, 6.625, 7.8125, 7.625], "texture": "#1"},
				"up": {"uv": [8.625, 7.3125, 8.375, 6.625], "texture": "#1"},
				"down": {"uv": [8.625, 8.25, 8.375, 8.9375], "texture": "#1"}
			}
		},
		{
			"from": [-0.01, 2, -4.25],
			"to": [2.01, 6, -0.75],
			"rotation": {"angle": 0, "axis": "x", "origin": [-1, 4, 22]},
			"faces": {
				"north": {"uv": [2.5, 3.25, 2.75, 3.75], "texture": "#1"},
				"east": {"uv": [2, 3.25, 2.4375, 3.75], "texture": "#1"},
				"south": {"uv": [4.125, 6.125, 4.375, 6.625], "texture": "#1"},
				"west": {"uv": [8.375, 0.75, 8.8125, 1.25], "texture": "#1"},
				"up": {"uv": [1.375, 7.4375, 1.125, 7], "texture": "#1"},
				"down": {"uv": [8.875, 8.25, 8.625, 8.6875], "texture": "#1"}
			}
		},
		{
			"from": [-2, 1.25, -6.5],
			"to": [0, 6.75, 1.5],
			"rotation": {"angle": 0, "axis": "x", "origin": [-1, 4, 22]},
			"faces": {
				"north": {"uv": [1.5, 8.5, 1.75, 9.1875], "texture": "#1"},
				"east": {"uv": [7.25, 4.625, 8.25, 5.3125], "texture": "#1"},
				"south": {"uv": [1.75, 8.5, 2, 9.1875], "texture": "#1"},
				"west": {"uv": [5.875, 7.375, 6.875, 8.0625], "texture": "#1"},
				"up": {"uv": [2.75, 9.375, 2.5, 8.375], "texture": "#1"},
				"down": {"uv": [3, 8.375, 2.75, 9.375], "texture": "#1"}
			}
		},
		{
			"from": [5.25, 5, -13.01],
			"to": [10.75, 13, -10.99],
			"rotation": {"angle": 0, "axis": "y", "origin": [8, 4, -2.5]},
			"faces": {
				"north": {"uv": [7.125, 6.625, 7.8125, 7.625], "texture": "#1"},
				"east": {"uv": [0.875, 8.25, 1.125, 9.25], "texture": "#1"},
				"south": {"uv": [0, 7, 0.6875, 8], "texture": "#1"},
				"west": {"uv": [8.125, 8.25, 8.375, 9.25], "texture": "#1"},
				"up": {"uv": [8.625, 7.3125, 8.375, 6.625], "rotation": 90, "texture": "#1"},
				"down": {"uv": [8.625, 8.25, 8.375, 8.9375], "rotation": 270, "texture": "#1"}
			}
		},
		{
			"from": [4, 6.25, -13],
			"to": [12, 11.75, -11],
			"rotation": {"angle": 0, "axis": "y", "origin": [8, 4, -2.5]},
			"faces": {
				"north": {"uv": [5.875, 7.375, 6.875, 8.0625], "texture": "#1"},
				"east": {"uv": [1.5, 8.5, 1.75, 9.1875], "texture": "#1"},
				"south": {"uv": [7.25, 4.625, 8.25, 5.3125], "texture": "#1"},
				"west": {"uv": [1.75, 8.5, 2, 9.1875], "texture": "#1"},
				"up": {"uv": [2.75, 9.375, 2.5, 8.375], "rotation": 90, "texture": "#1"},
				"down": {"uv": [3, 8.375, 2.75, 9.375], "rotation": 270, "texture": "#1"}
			}
		},
		{
			"from": [15.99, 0, -5.25],
			"to": [18.01, 8, 0.25],
			"rotation": {"angle": 0, "axis": "x", "origin": [17, 4, 22]},
			"faces": {
				"north": {"uv": [1.125, 8.25, 0.875, 9.25], "texture": "#1"},
				"east": {"uv": [7.8125, 6.625, 7.125, 7.625], "texture": "#1"},
				"south": {"uv": [8.375, 8.25, 8.125, 9.25], "texture": "#1"},
				"west": {"uv": [0.6875, 7, 0, 8], "texture": "#1"},
				"up": {"uv": [8.375, 7.3125, 8.625, 6.625], "texture": "#1"},
				"down": {"uv": [8.375, 8.25, 8.625, 8.9375], "texture": "#1"}
			}
		},
		{
			"from": [13.99, 2, -4.25],
			"to": [16.01, 6, -0.75],
			"rotation": {"angle": 0, "axis": "x", "origin": [17, 4, 22]},
			"faces": {
				"north": {"uv": [2.75, 3.25, 2.5, 3.75], "texture": "#1"},
				"east": {"uv": [8.8125, 0.75, 8.375, 1.25], "texture": "#1"},
				"south": {"uv": [4.375, 6.125, 4.125, 6.625], "texture": "#1"},
				"west": {"uv": [2.4375, 3.25, 2, 3.75], "texture": "#1"},
				"up": {"uv": [1.125, 7.4375, 1.375, 7], "texture": "#1"},
				"down": {"uv": [8.625, 8.25, 8.875, 8.6875], "texture": "#1"}
			}
		},
		{
			"from": [16, 1.25, -6.5],
			"to": [18, 6.75, 1.5],
			"rotation": {"angle": 0, "axis": "x", "origin": [17, 4, 22]},
			"faces": {
				"north": {"uv": [1.75, 8.5, 1.5, 9.1875], "texture": "#1"},
				"east": {"uv": [6.875, 7.375, 5.875, 8.0625], "texture": "#1"},
				"south": {"uv": [2, 8.5, 1.75, 9.1875], "texture": "#1"},
				"west": {"uv": [8.25, 4.625, 7.25, 5.3125], "texture": "#1"},
				"up": {"uv": [2.5, 9.375, 2.75, 8.375], "texture": "#1"},
				"down": {"uv": [2.75, 8.375, 3, 9.375], "texture": "#1"}
			}
		},
		{
			"from": [15.99, 0, 19.25],
			"to": [18.01, 8, 24.75],
			"rotation": {"angle": 0, "axis": "x", "origin": [17, 4, 22]},
			"faces": {
				"north": {"uv": [1.125, 8.25, 0.875, 9.25], "texture": "#1"},
				"east": {"uv": [7.8125, 6.625, 7.125, 7.625], "texture": "#1"},
				"south": {"uv": [8.375, 8.25, 8.125, 9.25], "texture": "#1"},
				"west": {"uv": [0.6875, 7, 0, 8], "texture": "#1"},
				"up": {"uv": [8.375, 7.3125, 8.625, 6.625], "texture": "#1"},
				"down": {"uv": [8.375, 8.25, 8.625, 8.9375], "texture": "#1"}
			}
		},
		{
			"from": [13.99, 2, 20.25],
			"to": [16.01, 6, 23.75],
			"rotation": {"angle": 0, "axis": "x", "origin": [17, 4, 22]},
			"faces": {
				"north": {"uv": [2.75, 3.25, 2.5, 3.75], "texture": "#1"},
				"east": {"uv": [8.8125, 0.75, 8.375, 1.25], "texture": "#1"},
				"south": {"uv": [4.375, 6.125, 4.125, 6.625], "texture": "#1"},
				"west": {"uv": [2.4375, 3.25, 2, 3.75], "texture": "#1"},
				"up": {"uv": [1.125, 7.4375, 1.375, 7], "texture": "#1"},
				"down": {"uv": [8.625, 8.25, 8.875, 8.6875], "texture": "#1"}
			}
		},
		{
			"from": [16, 1.25, 18],
			"to": [18, 6.75, 26],
			"rotation": {"angle": 0, "axis": "x", "origin": [17, 4, 22]},
			"faces": {
				"north": {"uv": [1.75, 8.5, 1.5, 9.1875], "texture": "#1"},
				"east": {"uv": [6.875, 7.375, 5.875, 8.0625], "texture": "#1"},
				"south": {"uv": [2, 8.5, 1.75, 9.1875], "texture": "#1"},
				"west": {"uv": [8.25, 4.625, 7.25, 5.3125], "texture": "#1"},
				"up": {"uv": [2.5, 9.375, 2.75, 8.375], "texture": "#1"},
				"down": {"uv": [2.75, 8.375, 3, 9.375], "texture": "#1"}
			}
		},
		{
			"name": "body",
			"from": [8.62, 10.11, 5.61],
			"to": [12.78, 16.35, 7.69],
			"rotation": {"angle": 0, "axis": "y", "origin": [14.91, 13.4665, 7.2526]},
			"faces": {
				"north": {"uv": [11, 6.5, 9, 9.5], "texture": "#2"},
				"east": {"uv": [8.5, 6.5, 7.5, 9.5], "texture": "#2"},
				"south": {"uv": [7.5, 6.5, 5.5, 9.5], "texture": "#2"},
				"west": {"uv": [5.5, 6.5, 4.5, 9.5], "texture": "#2"},
				"up": {"uv": [7.5, 6, 5.5, 6.5], "texture": "#2"},
				"down": {"uv": [9.5, 6.5, 7.5, 5.5], "texture": "#2"}
			}
		},
		{
			"name": "right_arm",
			"from": [12.78, 10.11, 5.61],
			"to": [14.34, 16.35, 7.69],
			"rotation": {"angle": -45, "axis": "x", "origin": [10.7, 15.73, 6.65]},
			"faces": {
				"north": {"uv": [11.98438, 12.5, 11.25, 15.46875], "texture": "#2"},
				"east": {"uv": [10.98438, 12.51563, 10, 15.46875], "texture": "#2"},
				"south": {"uv": [13.75, 12.5, 13, 15.46875], "texture": "#2"},
				"west": {"uv": [13, 12.5, 12, 15.46875], "texture": "#2"},
				"up": {"uv": [12, 11.5, 11.25, 12.5], "texture": "#2"},
				"down": {"uv": [12.75, 12.5, 12, 11.5], "texture": "#2"}
			}
		},
		{
			"name": "left_arm",
			"from": [7.06, 10.11, 5.61],
			"to": [8.62, 16.35, 7.69],
			"rotation": {"angle": -45, "axis": "x", "origin": [10.7, 15.73, 6.65]},
			"faces": {
				"north": {"uv": [13.75, 12.5, 13, 15.5], "texture": "#2"},
				"east": {"uv": [13, 12.5, 12, 15.5], "texture": "#2"},
				"south": {"uv": [12, 12.5, 11.25, 15.5], "texture": "#2"},
				"west": {"uv": [11.25, 12.5, 10.25, 15.5], "texture": "#2"},
				"up": {"uv": [12, 11.5, 11.25, 12.5], "texture": "#2"},
				"down": {"uv": [13, 12.5, 12.25, 11.5], "texture": "#2"}
			}
		},
		{
			"name": "right_leg",
			"from": [8.62, 8.05, 5.88],
			"to": [10.7, 10.13, 12.12],
			"rotation": {"angle": -22.5, "axis": "y", "origin": [9.66, 9.09, 7]},
			"faces": {
				"north": {"uv": [1, 6.5, 2, 5.5], "texture": "#2"},
				"east": {"uv": [0, 9.5, 1, 6.5], "rotation": 270, "texture": "#2"},
				"south": {"uv": [2, 5.5, 3, 6.5], "rotation": 180, "texture": "#2"},
				"west": {"uv": [2, 9.5, 3, 6.5], "rotation": 90, "texture": "#2"},
				"up": {"uv": [1, 9.5, 2, 6.5], "rotation": 180, "texture": "#2"},
				"down": {"uv": [3, 9.5, 4, 6.5], "texture": "#2"}
			}
		},
		{
			"name": "right_leg",
			"from": [10.7, 8.05, 5.88],
			"to": [12.78, 10.13, 12.12],
			"rotation": {"angle": 22.5, "axis": "y", "origin": [11.74, 9.09, 7]},
			"faces": {
				"north": {"uv": [2, 6.5, 1, 5.5], "texture": "#2"},
				"east": {"uv": [3, 9.5, 2, 6.5], "rotation": 270, "texture": "#2"},
				"south": {"uv": [3, 5.5, 2, 6.5], "rotation": 180, "texture": "#2"},
				"west": {"uv": [1, 9.5, 0, 6.5], "rotation": 90, "texture": "#2"},
				"up": {"uv": [2, 9.5, 1, 6.5], "rotation": 180, "texture": "#2"},
				"down": {"uv": [4, 9.5, 3, 6.5], "texture": "#2"}
			}
		},
		{
			"name": "body_2nd_layer",
			"from": [8.62, 9.8604, 5.3552],
			"to": [12.78, 16.6256, 7.9552],
			"rotation": {"angle": 0, "axis": "y", "origin": [14.91, 13.4665, 7.2526]},
			"faces": {
				"north": {"uv": [7, 11, 5, 14], "texture": "#2"},
				"east": {"uv": [1.5, 11.25, 0.5, 14], "texture": "#2"},
				"south": {"uv": [3.5, 11, 1.5, 14], "texture": "#2"},
				"west": {"uv": [4.5, 11.25, 3.5, 14], "texture": "#2"},
				"up": {"uv": [3.5, 9.75, 1.5, 11], "texture": "#2"},
				"down": {"uv": [5.5, 11, 3.5, 9.75], "texture": "#2"}
			}
		},
		{
			"name": "head",
			"from": [8.61214, 16.28734, 4.51466],
			"to": [12.77374, 20.44894, 8.67626],
			"rotation": {"angle": 0, "axis": "y", "origin": [10.69294, 18.36814, 6.59546]},
			"faces": {
				"north": {"uv": [8, 2, 6, 3.98438], "texture": "#3"},
				"east": {"uv": [6, 2, 4, 3.98438], "texture": "#3"},
				"south": {"uv": [4, 2, 2, 3.98438], "texture": "#3"},
				"west": {"uv": [2, 2, 0, 3.98438], "texture": "#3"},
				"up": {"uv": [4, 0, 2, 2], "texture": "#3"},
				"down": {"uv": [6, 2, 4, 0], "texture": "#3"}
			}
		},
		{
			"name": "head_2nd_layer",
			"from": [8.35204, 16.02724, 4.25456],
			"to": [13.03384, 20.70904, 8.93636],
			"rotation": {"angle": 0, "axis": "y", "origin": [10.69294, 18.36814, 6.59546]},
			"faces": {
				"north": {"uv": [16, 2, 14, 3.98438], "texture": "#3"},
				"east": {"uv": [14, 2, 12, 3.98438], "texture": "#3"},
				"south": {"uv": [12, 2, 10, 3.98438], "texture": "#3"},
				"west": {"uv": [10, 2, 8, 3.98438], "texture": "#3"},
				"up": {"uv": [12, 0, 10, 2], "texture": "#3"},
				"down": {"uv": [14, 2, 12, 0], "texture": "#3"}
			}
		}
	],
	"display": {
		"thirdperson_righthand": {
			"rotation": [65, -30, 0],
			"translation": [2, -4.25, -10],
			"scale": [0.5, 0.5, 0.5]
		},
		"thirdperson_lefthand": {
			"rotation": [65, -30, 0],
			"translation": [2, -4.25, -10],
			"scale": [0.5, 0.5, 0.5]
		},
		"firstperson_righthand": {
			"rotation": [0, 104, 0],
			"translation": [1.75, -5.25, 0.5],
			"scale": [0.5, 0.5, 0.5]
		},
		"firstperson_lefthand": {
			"rotation": [0, 104, 0],
			"translation": [1.75, -5.25, 0.5],
			"scale": [0.5, 0.5, 0.5]
		},
		"ground": {
			"translation": [0, -18.25, 0]
		},
		"gui": {
			"rotation": [23, -132, 0],
			"translation": [0.25, -18, 0]
		},
		"head": {
			"rotation": [0, 180, 0],
			"translation": [0, -19.25, 3.25],
			"scale": [2, 2, 2]
		},
		"fixed": {
			"translation": [0, -29, -3.5],
			"scale": [1.5, 1.5, 1.5]
		}
	},
	"groups": [
		{
			"name": "right",
			"origin": [-0.5, 7.28624, 14.27737],
			"color": 0,
			"nbt": "{}",
			"children": [0, 1, 2, 3, 4, 5, 6, 7]
		},
		{
			"name": "left",
			"origin": [-0.5, 7.28624, 14.27737],
			"color": 0,
			"nbt": "{}",
			"children": [8, 9, 10, 11, 12, 13, 14, 15]
		},
		{
			"name": "box",
			"origin": [-0.5, 7.28624, 16.27737],
			"color": 0,
			"nbt": "{}",
			"children": [16, 17]
		},
		{
			"name": "front",
			"origin": [-0.5, 7.28624, 16.27737],
			"color": 0,
			"nbt": "{}",
			"children": [18, 19, 20, 21, 22, 23, 24, 25, 26, 27, 28, 29, 30, 31]
		},
		{
			"name": "wheel",
			"origin": [0, 0, 2],
			"color": 0,
			"nbt": "{}",
			"children": [32, 33, 34]
		},
		{
			"name": "wheel",
			"origin": [0, 0, 2],
			"color": 0,
			"nbt": "{}",
			"children": [35, 36, 37]
		},
		{
			"name": "wheel",
			"origin": [8, 0, 2],
			"color": 0,
			"nbt": "{}",
			"children": [38, 39]
		},
		{
			"name": "wheel",
			"origin": [0, 0, 2],
			"color": 0,
			"nbt": "{}",
			"children": [40, 41, 42]
		},
		{
			"name": "wheel",
			"origin": [0, 0, 2],
			"color": 0,
			"nbt": "{}",
			"children": [43, 44, 45]
		},
		{
			"name": "soldier",
			"origin": [8, 8, 8],
			"color": 0,
			"nbt": "{}",
			"children": [46, 47, 48, 49, 50, 51]
		},
		{
			"name": "alex",
			"origin": [8, 8, 8],
			"color": 0,
			"nbt": "{}",
			"children": [52, 53]
		}
	]
}