{
	"credit": "Made with Blockbench",
	"texture_size": [64, 64],
	"textures": {
		"0": "custom/manuever",
		"particle": "custom/manuever"
	},
	"elements": [
		{
			"from": [13.125, 5.375, 0.375],
			"to": [13.875, 5.75, 1.125],
			"rotation": {"angle": -45, "axis": "x", "origin": [13.5, 8.25, 0.75]},
			"faces": {
				"north": {"uv": [7.75, 0.75, 8, 1], "texture": "#0"},
				"east": {"uv": [7.75, 1, 8, 1.25], "texture": "#0"},
				"south": {"uv": [1.25, 7.75, 1.5, 8], "texture": "#0"},
				"west": {"uv": [7.75, 1.25, 8, 1.5], "texture": "#0"},
				"up": {"uv": [1.75, 8, 1.5, 7.75], "texture": "#0"},
				"down": {"uv": [2, 7.75, 1.75, 8], "texture": "#0"}
			}
		},
		{
			"from": [13, 5.75, 0.25],
			"to": [14, 9.625, 1.25],
			"rotation": {"angle": -45, "axis": "x", "origin": [13.5, 8.25, 0.75]},
			"faces": {
				"north": {"uv": [1, 5.75, 1.25, 6.75], "texture": "#0"},
				"east": {"uv": [2.75, 5.75, 3, 6.75], "texture": "#0"},
				"south": {"uv": [5.25, 6, 5.5, 7], "texture": "#0"},
				"west": {"uv": [6.25, 1, 6.5, 2], "texture": "#0"},
				"up": {"uv": [2.25, 8, 2, 7.75], "texture": "#0"},
				"down": {"uv": [8, 2.25, 7.75, 2.5], "texture": "#0"}
			}
		},
		{
			"from": [13, 8.25, -0.75],
			"to": [14, 9.625, 0.25],
			"rotation": {"angle": -45, "axis": "x", "origin": [13.5, 8.25, 0.75]},
			"faces": {
				"north": {"uv": [2.5, 7.75, 2.75, 8], "texture": "#0"},
				"east": {"uv": [5, 8.5, 4, 9.75], "texture": "#0"},
				"south": {"uv": [2.75, 7.75, 3, 8], "texture": "#0"},
				"west": {"uv": [4, 8.5, 5, 9.75], "texture": "#0"},
				"up": {"uv": [8, 3.25, 7.75, 3], "texture": "#0"},
				"down": {"uv": [3.5, 7.75, 3.25, 8], "texture": "#0"}
			}
		},
		{
			"from": [13.25, 7.25, -0.5],
			"to": [13.25, 8.625, 0.25],
			"rotation": {"angle": -45, "axis": "x", "origin": [13.5, 8.25, 0.75]},
			"faces": {
				"north": {"uv": [2.5, 7.75, 2.75, 8], "texture": "#0"},
				"east": {"uv": [3.5, 9, 2.75, 10.25], "texture": "#0"},
				"south": {"uv": [2.75, 7.75, 3, 8], "texture": "#0"},
				"west": {"uv": [2.75, 9, 3.5, 10.25], "texture": "#0"},
				"up": {"uv": [8, 3.25, 7.75, 3], "texture": "#0"},
				"down": {"uv": [3.5, 7.75, 3.25, 8], "texture": "#0"}
			}
		},
		{
			"from": [13.0625, 7.02992, -2.49395],
			"to": [13.9375, 7.27992, -0.61895],
			"rotation": {"angle": -45, "axis": "x", "origin": [13.5, 9.15492, -3.24395]},
			"faces": {
				"north": {"uv": [7.75, 6.75, 8, 7], "texture": "#0"},
				"east": {"uv": [1.5, 7, 2, 7.25], "texture": "#0"},
				"south": {"uv": [7, 7.75, 7.25, 8], "texture": "#0"},
				"west": {"uv": [7, 1.5, 7.5, 1.75], "texture": "#0"},
				"up": {"uv": [5, 6, 4.75, 5.5], "texture": "#0"},
				"down": {"uv": [6.75, 1.5, 6.5, 2], "texture": "#0"}
			}
		},
		{
			"from": [13.375, 4.375, 2],
			"to": [13.625, 4.625, 3.25],
			"rotation": {"angle": 45, "axis": "x", "origin": [13.5, 4.5, 4.5]},
			"faces": {
				"north": {"uv": [1, 8, 1.25, 8.25], "texture": "#0"},
				"east": {"uv": [8, 1, 8.25, 1.25], "texture": "#0"},
				"south": {"uv": [1.25, 8, 1.5, 8.25], "texture": "#0"},
				"west": {"uv": [8, 1.25, 8.25, 1.5], "texture": "#0"},
				"up": {"uv": [1.75, 8.25, 1.5, 8], "texture": "#0"},
				"down": {"uv": [8.25, 1.5, 8, 1.75], "texture": "#0"}
			}
		},
		{
			"from": [13.375, 4.875, 3.25],
			"to": [13.625, 5.125, 4.5],
			"rotation": {"angle": 22.5, "axis": "x", "origin": [13.5, 4.5, 4.5]},
			"faces": {
				"north": {"uv": [1.75, 8, 2, 8.25], "texture": "#0"},
				"east": {"uv": [8, 1.75, 8.25, 2], "texture": "#0"},
				"south": {"uv": [2, 8, 2.25, 8.25], "texture": "#0"},
				"west": {"uv": [8, 2, 8.25, 2.25], "texture": "#0"},
				"up": {"uv": [2.5, 8.25, 2.25, 8], "texture": "#0"},
				"down": {"uv": [8.25, 2.25, 8, 2.5], "texture": "#0"}
			}
		},
		{
			"from": [13.375, 4.875, 4.5],
			"to": [13.625, 5.125, 5.75],
			"rotation": {"angle": -22.5, "axis": "y", "origin": [13.5, 4.5, 4.5]},
			"faces": {
				"north": {"uv": [2.5, 8, 2.75, 8.25], "texture": "#0"},
				"east": {"uv": [8, 2.5, 8.25, 2.75], "texture": "#0"},
				"south": {"uv": [2.75, 8, 3, 8.25], "texture": "#0"},
				"west": {"uv": [8, 2.75, 8.25, 3], "texture": "#0"},
				"up": {"uv": [3.25, 8.25, 3, 8], "texture": "#0"},
				"down": {"uv": [8.25, 3, 8, 3.25], "texture": "#0"}
			}
		},
		{
			"from": [12.90747, 5.375, 5.60727],
			"to": [13.15747, 5.625, 6.85727],
			"rotation": {"angle": -45, "axis": "x", "origin": [12.78247, 5, 6.23227]},
			"faces": {
				"north": {"uv": [3.25, 8, 3.5, 8.25], "texture": "#0"},
				"east": {"uv": [8, 3.25, 8.25, 3.5], "texture": "#0"},
				"south": {"uv": [3.5, 8, 3.75, 8.25], "texture": "#0"},
				"west": {"uv": [8, 3.5, 8.25, 3.75], "texture": "#0"},
				"up": {"uv": [4, 8.25, 3.75, 8], "texture": "#0"},
				"down": {"uv": [8.25, 3.75, 8, 4], "texture": "#0"}
			}
		},
		{
			"from": [12.90747, 5.625, 6.10727],
			"to": [13.15747, 5.875, 7.73227],
			"rotation": {"angle": -22.5, "axis": "y", "origin": [12.78247, 5, 6.23227]},
			"faces": {
				"north": {"uv": [4, 8, 4.25, 8.25], "texture": "#0"},
				"east": {"uv": [7, 1.75, 7.5, 2], "texture": "#0"},
				"south": {"uv": [8, 4, 8.25, 4.25], "texture": "#0"},
				"west": {"uv": [7, 2, 7.5, 2.25], "texture": "#0"},
				"up": {"uv": [6.75, 3, 6.5, 2.5], "texture": "#0"},
				"down": {"uv": [7.25, 2.25, 7, 2.75], "texture": "#0"}
			}
		},
		{
			"from": [12.31441, 5.625, 7.65126],
			"to": [12.56441, 5.875, 9.40126],
			"rotation": {"angle": -45, "axis": "y", "origin": [12.43941, 5.75, 7.71376]},
			"faces": {
				"north": {"uv": [4.25, 8, 4.5, 8.25], "texture": "#0"},
				"east": {"uv": [7, 2.75, 7.5, 3], "texture": "#0"},
				"south": {"uv": [8, 4.25, 8.25, 4.5], "texture": "#0"},
				"west": {"uv": [7, 3.25, 7.5, 3.5], "texture": "#0"},
				"up": {"uv": [7.25, 4, 7, 3.5], "texture": "#0"},
				"down": {"uv": [5.5, 7, 5.25, 7.5], "texture": "#0"}
			}
		}
	],
	"gui_light": "front",
	"display": {
		"thirdperson_righthand": {
			"rotation": [69, 0, 0],
			"translation": [-6, -6.5, 4.25]
		},
		"thirdperson_lefthand": {
			"rotation": [69, 0, 0],
			"translation": [-6, -6.5, 4.25]
		},
		"firstperson_righthand": {
			"rotation": [-1.5, 0, 0],
			"translation": [-8.9, 7, 9.75],
			"scale": [1.15, 1, 1]
		},
		"firstperson_lefthand": {
			"rotation": [-1.5, 0, 0],
			"translation": [-8.9, 7, 9.75],
			"scale": [1.15, 1, 1]
		},
		"ground": {
			"translation": [-4.25, 2.75, 7.5]
		},
		"gui": {
			"rotation": [53, 78, -55],
			"translation": [7.25, -4.5, 20.25]
		},
		"fixed": {
			"rotation": [0, 90, 0],
			"translation": [30.5, -2.5, 20.25],
			"scale": [4, 4, 4]
		}
	},
	"groups": [
		{
			"name": "group",
			"origin": [8, 8, 8],
			"color": 0,
			"children": [
				{
					"name": "group",
					"origin": [0, 0, 0],
					"color": 0,
					"children": [
						{
							"name": "group",
							"origin": [0, 0, 0],
							"color": 0,
							"children": [0, 1, 2, 3, 4]
						},
						{
							"name": "group",
							"origin": [0, 0, 0],
							"color": 0,
							"children": [5, 6, 7, 8, 9, 10]
						}
					]
				}
			]
		}
	]
}