{
    "display": {
        "title": {
            "translate": "aot.odm",
            "color": "dark_green"
        },
        "description": {
            "translate": "aot.odm.desc",
            "color": "white"
        },
        "icon": {
            "id": "minecraft:warped_fungus_on_a_stick",
            "components": {
                "minecraft:custom_model_data": 3
            }
        },
        "frame": "task",
        "show_toast": true,
        "announce_to_chat": true,
        "hidden": false
    },
    "criteria": {
        "unlock": {
            "trigger": "minecraft:inventory_changed",
            "conditions": {
                "items": [{"predicates": {"minecraft:custom_data": "{snc_gear:1b}"}}]
            }
        }
    },
    "rewards": {
        "experience": 20
    },
    "parent": "snc:survey/equip"
}