{
    "sources": [
        {
            "type": "paletted_permutations",
            "textures": [
                "trims/models/armor/armored",
                "trims/models/armor/armored_leggings",
                "trims/models/armor/scouts",
                "trims/models/armor/scouts_leggings",
                "trims/models/armor/scouts_dark",
                "trims/models/armor/scouts_dark_cape",
                "trims/models/armor/scouts_dark_leggings",
                "trims/models/armor/muscle",
                "trims/models/armor/muscle_leggings",
                "trims/models/armor/muscle_gold",
                "trims/models/armor/muscle_gold_leggings",
                "trims/models/armor/blank",
                "trims/models/armor/blank_leggings"
            ],
            "palette_key": "trims/color_palettes/armored_palette",
            "permutations": {
                "armored": "trims/color_palettes/armored",                
                "blank": "trims/color_palettes/armored"
            }
        }
    ]
}
