{
	"credit": "Made with Blockbench",
	"textures": {
		"0": "custom/odmgear/3dmg_gas_tank",
		"6": "custom/misc/barometer",
		"7": "custom/misc/gas_pipe",
		"particle": "custom/odmgear/3dmg_gas_tank"
	},
	"elements": [
		{
			"from": [7.17146, 13.90961, 7.74951],
			"to": [8.43355, 14.57113, 8.0223],
			"rotation": {"angle": 0, "axis": "x", "origin": [8.01049, 14.42919, 7.65031]},
			"faces": {
				"north": {"uv": [11.25, 8.25, 9.25, 10.25], "texture": "#0"},
				"east": {"uv": [12, 11.25, 10, 13.25], "texture": "#0"},
				"south": {"uv": [11.25, 8.25, 9.25, 10.25], "texture": "#0"},
				"west": {"uv": [12, 11.25, 10, 13.25], "texture": "#0"},
				"up": {"uv": [12, 16, 13, 8], "rotation": 270, "texture": "#0"},
				"down": {"uv": [8, 16, 9, 8], "rotation": 270, "texture": "#0"}
			}
		},
		{
			"from": [7.17159, 13.99178, 7.3532],
			"to": [8.4334, 14.2643, 8.01444],
			"rotation": {"angle": -45, "axis": "x", "origin": [8.01049, 14.42919, 7.65031]},
			"faces": {
				"north": {"uv": [15, 16, 16, 8], "rotation": 90, "texture": "#0"},
				"east": {"uv": [12, 11.25, 10, 13.25], "rotation": 270, "texture": "#0"},
				"south": {"uv": [12, 8, 11, 16], "texture": "#0"},
				"west": {"uv": [12, 11.25, 10, 13.25], "rotation": 90, "texture": "#0"},
				"up": {"uv": [11.25, 8.25, 9.25, 10.25], "rotation": 180, "texture": "#0"},
				"down": {"uv": [11.25, 8.25, 9.25, 10.25], "texture": "#0"}
			}
		},
		{
			"from": [7.17173, 14.10276, 7.55689],
			"to": [8.43327, 14.37501, 8.21786],
			"rotation": {"angle": 0, "axis": "x", "origin": [8.01049, 14.42919, 7.65031]},
			"faces": {
				"north": {"uv": [14, 16, 15, 8], "rotation": 90, "texture": "#0"},
				"east": {"uv": [12, 11.25, 10, 13.25], "texture": "#0"},
				"south": {"uv": [10, 16, 11, 8], "rotation": 270, "texture": "#0"},
				"west": {"uv": [12, 11.25, 10, 13.25], "texture": "#0"},
				"up": {"uv": [11.25, 8.25, 9.25, 13.1], "rotation": 180, "texture": "#0"},
				"down": {"uv": [11.25, 8.25, 9.25, 13.1], "texture": "#0"}
			}
		},
		{
			"from": [7.17186, 13.79622, 7.54636],
			"to": [8.43313, 14.45692, 7.81834],
			"rotation": {"angle": -45, "axis": "x", "origin": [8.01049, 14.42919, 7.65031]},
			"faces": {
				"north": {"uv": [11.25, 8.25, 9.25, 13.1], "rotation": 180, "texture": "#0"},
				"east": {"uv": [12, 11.25, 10, 13.25], "rotation": 270, "texture": "#0"},
				"south": {"uv": [11.25, 8.25, 9.25, 13.1], "rotation": 180, "texture": "#0"},
				"west": {"uv": [12, 11.25, 10, 13.25], "rotation": 90, "texture": "#0"},
				"up": {"uv": [13, 16, 14, 8], "rotation": 270, "texture": "#0"},
				"down": {"uv": [9, 16, 10, 8], "rotation": 270, "texture": "#0"}
			}
		},
		{
			"from": [8.00438, 14.42379, 7.51011],
			"to": [8.43261, 14.93963, 7.62505],
			"rotation": {"angle": -45, "axis": "x", "origin": [8.01049, 14.42919, 7.65031]},
			"faces": {
				"north": {"uv": [11.25, 8.25, 9.25, 13.1], "rotation": 180, "texture": "#0"},
				"east": {"uv": [12, 11.25, 10, 13.25], "rotation": 270, "texture": "#0"},
				"south": {"uv": [11.25, 8.25, 9.25, 13.1], "rotation": 180, "texture": "#0"},
				"west": {"uv": [12, 11.25, 10, 13.25], "rotation": 90, "texture": "#0"},
				"up": {"uv": [13, 16, 14, 8], "rotation": 270, "texture": "#0"},
				"down": {"uv": [9, 16, 10, 8], "rotation": 270, "texture": "#0"}
			}
		},
		{
			"from": [8.00438, 14.4864, 7.16929],
			"to": [8.43261, 14.60133, 7.68513],
			"rotation": {"angle": 22.5, "axis": "x", "origin": [8.01049, 14.42919, 7.65031]},
			"faces": {
				"north": {"uv": [13, 16, 14, 8], "rotation": 90, "texture": "#0"},
				"east": {"uv": [12, 11.25, 10, 13.25], "texture": "#0"},
				"south": {"uv": [9, 16, 10, 8], "rotation": 270, "texture": "#0"},
				"west": {"uv": [12, 11.25, 10, 13.25], "texture": "#0"},
				"up": {"uv": [11.25, 8.25, 9.25, 13.1], "rotation": 180, "texture": "#0"},
				"down": {"uv": [11.25, 8.25, 9.25, 13.1], "texture": "#0"}
			}
		},
		{
			"from": [7.62372, 13.04304, 7.35203],
			"to": [8.03939, 13.41388, 8.36003],
			"rotation": {"angle": 0, "axis": "y", "origin": [8.16633, 7.5, 8.14312]},
			"faces": {
				"north": {"uv": [9, 0, 8, 8], "rotation": 180, "texture": "#0"},
				"east": {"uv": [11.25, 0.25, 9.25, 2.25], "rotation": 270, "texture": "#0"},
				"south": {"uv": [13, 0, 12, 8], "rotation": 180, "texture": "#0"},
				"west": {"uv": [11.25, 0.25, 9.25, 2.25], "rotation": 90, "texture": "#0"},
				"up": {"uv": [12, 3.25, 10, 5.25], "rotation": 180, "texture": "#0"},
				"down": {"uv": [12, 3.25, 10, 5.25], "texture": "#0"}
			}
		},
		{
			"from": [7.51737, 13.04315, 7.6737],
			"to": [7.93263, 13.41378, 8.68128],
			"rotation": {"angle": -45, "axis": "y", "origin": [8.16633, 7.5, 8.14312]},
			"faces": {
				"north": {"uv": [16, 0, 15, 8], "rotation": 180, "texture": "#0"},
				"east": {"uv": [11.25, 0.25, 9.25, 2.25], "rotation": 270, "texture": "#0"},
				"south": {"uv": [11, 8, 12, 0], "rotation": 270, "texture": "#0"},
				"west": {"uv": [11.25, 0.25, 9.25, 2.25], "rotation": 90, "texture": "#0"},
				"up": {"uv": [12, 3.25, 10, 5.25], "rotation": 180, "texture": "#0"},
				"down": {"uv": [12, 3.25, 10, 5.25], "texture": "#0"}
			}
		},
		{
			"from": [7.32571, 13.04325, 7.64635],
			"to": [8.3329, 13.41367, 8.06119],
			"rotation": {"angle": 0, "axis": "y", "origin": [8.16633, 7.5, 8.14312]},
			"faces": {
				"north": {"uv": [9.25, 5.1, 11.25, 0.25], "rotation": 270, "texture": "#0"},
				"east": {"uv": [14, 8, 15, 0], "texture": "#0"},
				"south": {"uv": [9.25, 5.1, 11.25, 0.25], "rotation": 90, "texture": "#0"},
				"west": {"uv": [10, 8, 11, 0], "texture": "#0"},
				"up": {"uv": [12, 3.25, 10, 5.25], "rotation": 180, "texture": "#0"},
				"down": {"uv": [12, 3.25, 10, 5.25], "texture": "#0"}
			}
		},
		{
			"from": [7.21938, 13.04336, 7.96804],
			"to": [8.22613, 13.41357, 8.38246],
			"rotation": {"angle": -45, "axis": "y", "origin": [8.16633, 7.5, 8.14312]},
			"faces": {
				"north": {"uv": [9.25, 5.1, 11.25, 0.25], "rotation": 270, "texture": "#0"},
				"east": {"uv": [13, 8, 14, 0], "texture": "#0"},
				"south": {"uv": [9.25, 5.1, 11.25, 0.25], "rotation": 90, "texture": "#0"},
				"west": {"uv": [9, 8, 10, 0], "texture": "#0"},
				"up": {"uv": [12, 3.25, 10, 5.25], "rotation": 180, "texture": "#0"},
				"down": {"uv": [12, 3.25, 10, 5.25], "texture": "#0"}
			}
		},
		{
			"from": [6.96564, 13.26016, 7.61458],
			"to": [7.23582, 13.91536, 7.73542],
			"rotation": {"angle": 0, "axis": "y", "origin": [7.1, 13.58901, 7.8]},
			"faces": {
				"north": {"uv": [12, 3.25, 10, 5.25], "rotation": 180, "texture": "#0"},
				"east": {"uv": [11.25, 0.25, 9.25, 2.25], "rotation": 180, "texture": "#0"},
				"south": {"uv": [12, 3.25, 10, 5.25], "rotation": 180, "texture": "#0"},
				"west": {"uv": [11.25, 0.25, 9.25, 2.25], "rotation": 180, "texture": "#0"},
				"up": {"uv": [9, 0, 8, 8], "texture": "#0"},
				"down": {"uv": [13, 0, 12, 8], "rotation": 180, "texture": "#0"}
			}
		},
		{
			"from": [6.76564, 13.26016, 7.58958],
			"to": [7.42564, 13.92016, 7.58958],
			"rotation": {"angle": 0, "axis": "y", "origin": [6.9, 13.58901, 7.775]},
			"faces": {
				"north": {"uv": [0, 0, 16, 16], "rotation": 180, "texture": "#6"},
				"east": {"uv": [0, 0, 16, 16], "rotation": 180, "texture": "#6"},
				"south": {"uv": [0, 0, 16, 16], "rotation": 180, "texture": "#6"},
				"west": {"uv": [0, 0, 16, 16], "rotation": 180, "texture": "#6"},
				"up": {"uv": [0, 0, 16, 16], "rotation": 180, "texture": "#6"},
				"down": {"uv": [0, 0, 16, 16], "rotation": 180, "texture": "#6"}
			}
		},
		{
			"from": [7.26564, 1.26016, 7.58958],
			"to": [11.26564, 14.26016, 7.58958],
			"rotation": {"angle": 22.5, "axis": "y", "origin": [9.26564, 7.76016, 7.58958]},
			"faces": {
				"north": {"uv": [16, 16, 0, 0], "rotation": 180, "texture": "#7"},
				"east": {"uv": [0, 0, 16, 16], "rotation": 180, "texture": "#7"},
				"south": {"uv": [0, 16, 16, 0], "rotation": 180, "texture": "#7"},
				"west": {"uv": [0, 0, 16, 16], "rotation": 180, "texture": "#7"},
				"up": {"uv": [0, 0, 16, 16], "rotation": 180, "texture": "#7"},
				"down": {"uv": [0, 0, 16, 16], "rotation": 180, "texture": "#7"}
			}
		},
		{
			"from": [6.9654, 13.26076, 7.61469],
			"to": [7.23531, 13.91569, 7.73532],
			"rotation": {"angle": -45, "axis": "z", "origin": [7.1, 13.58901, 7.8]},
			"faces": {
				"north": {"uv": [12, 3.25, 10, 5.25], "rotation": 180, "texture": "#0"},
				"east": {"uv": [11.25, 0.25, 9.25, 2.25], "rotation": 180, "texture": "#0"},
				"south": {"uv": [12, 3.25, 10, 5.25], "rotation": 180, "texture": "#0"},
				"west": {"uv": [11.25, 0.25, 9.25, 2.25], "rotation": 180, "texture": "#0"},
				"up": {"uv": [16, 0, 15, 8], "texture": "#0"},
				"down": {"uv": [11, 8, 12, 0], "rotation": 270, "texture": "#0"}
			}
		},
		{
			"from": [6.77193, 13.45441, 7.61479],
			"to": [7.42661, 13.72405, 7.73521],
			"rotation": {"angle": 0, "axis": "y", "origin": [7.1, 13.58901, 7.8]},
			"faces": {
				"north": {"uv": [12, 3.25, 10, 5.25], "rotation": 180, "texture": "#0"},
				"east": {"uv": [14, 8, 15, 0], "rotation": 270, "texture": "#0"},
				"south": {"uv": [12, 3.25, 10, 5.25], "rotation": 180, "texture": "#0"},
				"west": {"uv": [10, 8, 11, 0], "rotation": 90, "texture": "#0"},
				"up": {"uv": [9.25, 5.1, 11.25, 0.25], "rotation": 90, "texture": "#0"},
				"down": {"uv": [9.25, 5.1, 11.25, 0.25], "rotation": 90, "texture": "#0"}
			}
		},
		{
			"from": [6.7717, 13.45499, 7.6149],
			"to": [7.42609, 13.72437, 7.73511],
			"rotation": {"angle": -45, "axis": "z", "origin": [7.1, 13.58901, 7.8]},
			"faces": {
				"north": {"uv": [12, 3.25, 10, 5.25], "rotation": 180, "texture": "#0"},
				"east": {"uv": [13, 8, 14, 0], "rotation": 270, "texture": "#0"},
				"south": {"uv": [12, 3.25, 10, 5.25], "rotation": 180, "texture": "#0"},
				"west": {"uv": [9, 8, 10, 0], "rotation": 90, "texture": "#0"},
				"up": {"uv": [9.25, 5.1, 11.25, 0.25], "rotation": 90, "texture": "#0"},
				"down": {"uv": [9.25, 5.1, 11.25, 0.25], "rotation": 90, "texture": "#0"}
			}
		},
		{
			"from": [7.67293, 13.15646, 7.47153],
			"to": [7.98965, 14.10046, 8.23958],
			"rotation": {"angle": 0, "axis": "y", "origin": [7.98655, 8, 7.98843]},
			"faces": {
				"north": {"uv": [9, 0, 8, 8], "rotation": 180, "texture": "#0"},
				"east": {"uv": [11.25, 0.25, 9.25, 2.25], "rotation": 270, "texture": "#0"},
				"south": {"uv": [13, 0, 12, 8], "rotation": 180, "texture": "#0"},
				"west": {"uv": [11.25, 0.25, 9.25, 2.25], "rotation": 90, "texture": "#0"},
				"up": {"uv": [12, 3.25, 10, 5.25], "rotation": 180, "texture": "#0"},
				"down": {"uv": [12, 3.25, 10, 5.25], "texture": "#0"}
			}
		},
		{
			"from": [7.6234, 13.15664, 7.6209],
			"to": [7.93981, 14.10029, 8.38863],
			"rotation": {"angle": -45, "axis": "y", "origin": [7.98655, 8, 7.98843]},
			"faces": {
				"north": {"uv": [16, 0, 15, 8], "rotation": 180, "texture": "#0"},
				"east": {"uv": [11.25, 0.25, 9.25, 2.25], "rotation": 270, "texture": "#0"},
				"south": {"uv": [11, 8, 12, 0], "rotation": 270, "texture": "#0"},
				"west": {"uv": [11.25, 0.25, 9.25, 2.25], "rotation": 90, "texture": "#0"},
				"up": {"uv": [12, 3.25, 10, 5.25], "rotation": 180, "texture": "#0"},
				"down": {"uv": [12, 3.25, 10, 5.25], "texture": "#0"}
			}
		},
		{
			"from": [7.44587, 13.15681, 7.6958],
			"to": [8.21328, 14.10012, 8.01189],
			"rotation": {"angle": 0, "axis": "y", "origin": [7.98655, 8, 7.98843]},
			"faces": {
				"north": {"uv": [9.25, 5.1, 11.25, 0.25], "rotation": 270, "texture": "#0"},
				"east": {"uv": [14, 8, 15, 0], "texture": "#0"},
				"south": {"uv": [9.25, 5.1, 11.25, 0.25], "rotation": 90, "texture": "#0"},
				"west": {"uv": [10, 8, 11, 0], "texture": "#0"},
				"up": {"uv": [12, 3.25, 10, 5.25], "rotation": 180, "texture": "#0"},
				"down": {"uv": [12, 3.25, 10, 5.25], "texture": "#0"}
			}
		},
		{
			"from": [7.39634, 13.15698, 7.84517],
			"to": [8.16344, 14.09995, 8.16094],
			"rotation": {"angle": -45, "axis": "y", "origin": [7.98655, 8, 7.98843]},
			"faces": {
				"north": {"uv": [9.25, 5.1, 11.25, 0.25], "rotation": 270, "texture": "#0"},
				"east": {"uv": [13, 8, 14, 0], "texture": "#0"},
				"south": {"uv": [9.25, 5.1, 11.25, 0.25], "rotation": 90, "texture": "#0"},
				"west": {"uv": [9, 8, 10, 0], "texture": "#0"},
				"up": {"uv": [12, 3.25, 10, 5.25], "rotation": 180, "texture": "#0"},
				"down": {"uv": [12, 3.25, 10, 5.25], "texture": "#0"}
			}
		},
		{
			"name": "Cube",
			"from": [7.56259, 0.18846, 6.51491],
			"to": [8.09827, 12.18846, 9.19331],
			"rotation": {"angle": 0, "axis": "y", "origin": [8.30353, 7, 8.26117]},
			"faces": {
				"north": {"uv": [8, 0, 7.5, 16], "texture": "#0"},
				"east": {"uv": [4, 0, 3.5, 16], "rotation": 90, "texture": "#0"},
				"south": {"uv": [4, 0, 3.5, 16], "rotation": 180, "texture": "#0"},
				"west": {"uv": [4, 0, 3.5, 16], "rotation": 270, "texture": "#0"},
				"up": {"uv": [4, 0, 3.5, 16], "texture": "#0"},
				"down": {"uv": [7.5, 0, 7, 16], "texture": "#0"}
			}
		},
		{
			"name": "Cube",
			"from": [7.44399, 0.19126, 6.72811],
			"to": [7.97733, 12.18566, 9.40417],
			"rotation": {"angle": -22.5, "axis": "y", "origin": [8.30353, 7, 8.26117]},
			"faces": {
				"north": {"uv": [7.5, 0, 7, 16], "rotation": 180, "texture": "#0"},
				"east": {"uv": [7.5, 0, 7, 16], "rotation": 270, "texture": "#0"},
				"south": {"uv": [3.5, 0, 3, 16], "rotation": 180, "texture": "#0"},
				"west": {"uv": [7.5, 0, 7, 16], "rotation": 90, "texture": "#0"},
				"up": {"uv": [4, 0, 3.5, 16], "texture": "#0"},
				"down": {"uv": [7.5, 0, 7, 16], "texture": "#0"}
			}
		},
		{
			"name": "Cube",
			"from": [7.41432, 0.19086, 6.96967],
			"to": [7.94799, 12.18606, 9.64606],
			"rotation": {"angle": -45, "axis": "y", "origin": [8.30353, 7, 8.26117]},
			"faces": {
				"north": {"uv": [7, 0, 6.5, 16], "rotation": 180, "texture": "#0"},
				"east": {"uv": [7, 0, 6.5, 16], "rotation": 270, "texture": "#0"},
				"south": {"uv": [2.5, 16, 3, 0], "rotation": 270, "texture": "#0"},
				"west": {"uv": [7, 0, 6.5, 16], "rotation": 90, "texture": "#0"},
				"up": {"uv": [4, 0, 3.5, 16], "texture": "#0"},
				"down": {"uv": [7.5, 0, 7, 16], "texture": "#0"}
			}
		},
		{
			"name": "Cube",
			"from": [6.37197, 0.18966, 7.7988],
			"to": [9.04936, 12.18726, 8.33348],
			"rotation": {"angle": -22.5, "axis": "y", "origin": [8.30353, 7, 8.26117]},
			"faces": {
				"north": {"uv": [5, 16, 5.5, 0], "rotation": 270, "texture": "#0"},
				"east": {"uv": [5, 16, 5.5, 0], "texture": "#0"},
				"south": {"uv": [5, 16, 5.5, 0], "rotation": 90, "texture": "#0"},
				"west": {"uv": [1, 16, 1.5, 0], "texture": "#0"},
				"up": {"uv": [4, 0, 3.5, 16], "texture": "#0"},
				"down": {"uv": [7.5, 0, 7, 16], "texture": "#0"}
			}
		},
		{
			"name": "Cube",
			"from": [6.4919, 0.19006, 7.58694],
			"to": [9.16896, 12.18686, 8.12128],
			"rotation": {"angle": 0, "axis": "y", "origin": [8.30353, 7, 8.26117]},
			"faces": {
				"north": {"uv": [5.5, 16, 6, 0], "rotation": 270, "texture": "#0"},
				"east": {"uv": [5.5, 16, 6, 0], "texture": "#0"},
				"south": {"uv": [5.5, 16, 6, 0], "rotation": 90, "texture": "#0"},
				"west": {"uv": [1.5, 16, 2, 0], "texture": "#0"},
				"up": {"uv": [4, 0, 3.5, 16], "texture": "#0"},
				"down": {"uv": [7.5, 0, 7, 16], "texture": "#0"}
			}
		},
		{
			"name": "Cube",
			"from": [6.68385, 0.19046, 7.43704],
			"to": [9.36058, 12.18646, 7.97105],
			"rotation": {"angle": 22.5, "axis": "y", "origin": [8.30353, 7, 8.26117]},
			"faces": {
				"north": {"uv": [6, 16, 6.5, 0], "rotation": 270, "texture": "#0"},
				"east": {"uv": [6, 16, 6.5, 0], "texture": "#0"},
				"south": {"uv": [6, 16, 6.5, 0], "rotation": 90, "texture": "#0"},
				"west": {"uv": [2, 16, 2.5, 0], "texture": "#0"},
				"up": {"uv": [4, 0, 3.5, 16], "texture": "#0"},
				"down": {"uv": [7.5, 0, 7, 16], "texture": "#0"}
			}
		},
		{
			"name": "Cube",
			"from": [6.34229, 0.18926, 8.04036],
			"to": [9.02002, 12.18766, 8.57537],
			"rotation": {"angle": -45, "axis": "y", "origin": [8.30353, 7, 8.26117]},
			"faces": {
				"north": {"uv": [4.5, 16, 5, 0], "rotation": 270, "texture": "#0"},
				"east": {"uv": [4.5, 16, 5, 0], "texture": "#0"},
				"south": {"uv": [4.5, 16, 5, 0], "rotation": 90, "texture": "#0"},
				"west": {"uv": [0.5, 16, 1, 0], "texture": "#0"},
				"up": {"uv": [4, 0, 3.5, 16], "texture": "#0"},
				"down": {"uv": [7.5, 0, 7, 16], "texture": "#0"}
			}
		},
		{
			"name": "Cube",
			"from": [7.75454, 0.18886, 6.36501],
			"to": [8.28989, 12.18806, 9.04308],
			"rotation": {"angle": 22.5, "axis": "y", "origin": [8.30353, 7, 8.26117]},
			"faces": {
				"north": {"uv": [0.5, 0, 0, 16], "rotation": 180, "texture": "#0"},
				"east": {"uv": [4.5, 0, 4, 16], "rotation": 90, "texture": "#0"},
				"south": {"uv": [4.5, 0, 4, 16], "rotation": 180, "texture": "#0"},
				"west": {"uv": [4.5, 0, 4, 16], "rotation": 270, "texture": "#0"},
				"up": {"uv": [4, 0, 3.5, 16], "texture": "#0"},
				"down": {"uv": [7.5, 0, 7, 16], "texture": "#0"}
			}
		},
		{
			"name": "Cube",
			"from": [7.67776, 10.18846, 7.09076],
			"to": [7.98309, 13.18846, 8.61745],
			"rotation": {"angle": 0, "axis": "y", "origin": [8.10009, 8, 8.08613]},
			"faces": {
				"north": {"uv": [8, 0, 7.5, 16], "texture": "#0"},
				"east": {"uv": [4, 0, 3.5, 16], "rotation": 90, "texture": "#0"},
				"south": {"uv": [4, 0, 3.5, 16], "rotation": 180, "texture": "#0"},
				"west": {"uv": [4, 0, 3.5, 16], "rotation": 270, "texture": "#0"},
				"up": {"uv": [4, 0, 3.5, 16], "texture": "#0"},
				"down": {"uv": [7.5, 0, 7, 16], "texture": "#0"}
			}
		},
		{
			"name": "Cube",
			"from": [7.61016, 10.19126, 7.21229],
			"to": [7.91416, 13.18566, 8.73764],
			"rotation": {"angle": -22.5, "axis": "y", "origin": [8.10009, 8, 8.08613]},
			"faces": {
				"north": {"uv": [7.5, 0, 7, 16], "rotation": 180, "texture": "#0"},
				"east": {"uv": [7.5, 0, 7, 16], "rotation": 270, "texture": "#0"},
				"south": {"uv": [3.5, 0, 3, 16], "rotation": 180, "texture": "#0"},
				"west": {"uv": [7.5, 0, 7, 16], "rotation": 90, "texture": "#0"},
				"up": {"uv": [4, 0, 3.5, 16], "texture": "#0"},
				"down": {"uv": [7.5, 0, 7, 16], "texture": "#0"}
			}
		},
		{
			"name": "Cube",
			"from": [7.59325, 10.19086, 7.34998],
			"to": [7.89744, 13.18606, 8.87552],
			"rotation": {"angle": -45, "axis": "y", "origin": [8.10009, 8, 8.08613]},
			"faces": {
				"north": {"uv": [7, 0, 6.5, 16], "rotation": 180, "texture": "#0"},
				"east": {"uv": [7, 0, 6.5, 16], "rotation": 270, "texture": "#0"},
				"south": {"uv": [2.5, 16, 3, 0], "rotation": 270, "texture": "#0"},
				"west": {"uv": [7, 0, 6.5, 16], "rotation": 90, "texture": "#0"},
				"up": {"uv": [4, 0, 3.5, 16], "texture": "#0"},
				"down": {"uv": [7.5, 0, 7, 16], "texture": "#0"}
			}
		},
		{
			"name": "Cube",
			"from": [6.9991, 10.18966, 7.82258],
			"to": [8.52522, 13.18726, 8.12735],
			"rotation": {"angle": -22.5, "axis": "y", "origin": [8.10009, 8, 8.08613]},
			"faces": {
				"north": {"uv": [5, 16, 5.5, 0], "rotation": 270, "texture": "#0"},
				"east": {"uv": [5, 16, 5.5, 0], "texture": "#0"},
				"south": {"uv": [5, 16, 5.5, 0], "rotation": 90, "texture": "#0"},
				"west": {"uv": [1, 16, 1.5, 0], "texture": "#0"},
				"up": {"uv": [4, 0, 3.5, 16], "texture": "#0"},
				"down": {"uv": [7.5, 0, 7, 16], "texture": "#0"}
			}
		},
		{
			"name": "Cube",
			"from": [7.06746, 10.19006, 7.70182],
			"to": [8.59339, 13.18686, 8.0064],
			"rotation": {"angle": 0, "axis": "y", "origin": [8.10009, 8, 8.08613]},
			"faces": {
				"north": {"uv": [5.5, 16, 6, 0], "rotation": 270, "texture": "#0"},
				"east": {"uv": [5.5, 16, 6, 0], "texture": "#0"},
				"south": {"uv": [5.5, 16, 6, 0], "rotation": 90, "texture": "#0"},
				"west": {"uv": [1.5, 16, 2, 0], "texture": "#0"},
				"up": {"uv": [4, 0, 3.5, 16], "texture": "#0"},
				"down": {"uv": [7.5, 0, 7, 16], "texture": "#0"}
			}
		},
		{
			"name": "Cube",
			"from": [7.17688, 10.19046, 7.61638],
			"to": [8.70261, 13.18646, 7.92076],
			"rotation": {"angle": 22.5, "axis": "y", "origin": [8.10009, 8, 8.08613]},
			"faces": {
				"north": {"uv": [6, 16, 6.5, 0], "rotation": 270, "texture": "#0"},
				"east": {"uv": [6, 16, 6.5, 0], "texture": "#0"},
				"south": {"uv": [6, 16, 6.5, 0], "rotation": 90, "texture": "#0"},
				"west": {"uv": [2, 16, 2.5, 0], "texture": "#0"},
				"up": {"uv": [4, 0, 3.5, 16], "texture": "#0"},
				"down": {"uv": [7.5, 0, 7, 16], "texture": "#0"}
			}
		},
		{
			"name": "Cube",
			"from": [6.98219, 10.18926, 7.96027],
			"to": [8.5085, 13.18766, 8.26523],
			"rotation": {"angle": -45, "axis": "y", "origin": [8.10009, 8, 8.08613]},
			"faces": {
				"north": {"uv": [4.5, 16, 5, 0], "rotation": 270, "texture": "#0"},
				"east": {"uv": [4.5, 16, 5, 0], "texture": "#0"},
				"south": {"uv": [4.5, 16, 5, 0], "rotation": 90, "texture": "#0"},
				"west": {"uv": [0.5, 16, 1, 0], "texture": "#0"},
				"up": {"uv": [4, 0, 3.5, 16], "texture": "#0"},
				"down": {"uv": [7.5, 0, 7, 16], "texture": "#0"}
			}
		},
		{
			"name": "Cube",
			"from": [7.78717, 10.18886, 7.00532],
			"to": [8.09232, 13.18806, 8.53182],
			"rotation": {"angle": 22.5, "axis": "y", "origin": [8.10009, 8, 8.08613]},
			"faces": {
				"north": {"uv": [0.5, 0, 0, 16], "rotation": 180, "texture": "#0"},
				"east": {"uv": [4.5, 0, 4, 16], "rotation": 90, "texture": "#0"},
				"south": {"uv": [4.5, 0, 4, 16], "rotation": 180, "texture": "#0"},
				"west": {"uv": [4.5, 0, 4, 16], "rotation": 270, "texture": "#0"},
				"up": {"uv": [4, 0, 3.5, 16], "texture": "#0"},
				"down": {"uv": [7.5, 0, 7, 16], "texture": "#0"}
			}
		},
		{
			"name": "Cube",
			"from": [7.606, 10.18846, 6.73199],
			"to": [8.05485, 12.88846, 8.97622],
			"rotation": {"angle": 0, "axis": "y", "origin": [8.22684, 8, 8.19518]},
			"faces": {
				"north": {"uv": [8, 0, 7.5, 16], "texture": "#0"},
				"east": {"uv": [4, 0, 3.5, 16], "rotation": 90, "texture": "#0"},
				"south": {"uv": [4, 0, 3.5, 16], "rotation": 180, "texture": "#0"},
				"west": {"uv": [4, 0, 3.5, 16], "rotation": 270, "texture": "#0"},
				"up": {"uv": [4, 0, 3.5, 16], "texture": "#0"},
				"down": {"uv": [7.5, 0, 7, 16], "texture": "#0"}
			}
		},
		{
			"name": "Cube",
			"from": [7.50664, 10.19126, 6.91064],
			"to": [7.95352, 12.88566, 9.1529],
			"rotation": {"angle": -22.5, "axis": "y", "origin": [8.22684, 8, 8.19518]},
			"faces": {
				"north": {"uv": [7.5, 0, 7, 16], "rotation": 180, "texture": "#0"},
				"east": {"uv": [7.5, 0, 7, 16], "rotation": 270, "texture": "#0"},
				"south": {"uv": [3.5, 0, 3, 16], "rotation": 180, "texture": "#0"},
				"west": {"uv": [7.5, 0, 7, 16], "rotation": 90, "texture": "#0"},
				"up": {"uv": [4, 0, 3.5, 16], "texture": "#0"},
				"down": {"uv": [7.5, 0, 7, 16], "texture": "#0"}
			}
		},
		{
			"name": "Cube",
			"from": [7.48177, 10.19086, 7.11304],
			"to": [7.92894, 12.88606, 9.35559],
			"rotation": {"angle": -45, "axis": "y", "origin": [8.22684, 8, 8.19518]},
			"faces": {
				"north": {"uv": [7, 0, 6.5, 16], "rotation": 180, "texture": "#0"},
				"east": {"uv": [7, 0, 6.5, 16], "rotation": 270, "texture": "#0"},
				"south": {"uv": [2.5, 16, 3, 0], "rotation": 270, "texture": "#0"},
				"west": {"uv": [7, 0, 6.5, 16], "rotation": 90, "texture": "#0"},
				"up": {"uv": [4, 0, 3.5, 16], "texture": "#0"},
				"down": {"uv": [7.5, 0, 7, 16], "texture": "#0"}
			}
		},
		{
			"name": "Cube",
			"from": [6.60838, 10.18966, 7.80777],
			"to": [8.85177, 12.88726, 8.25577],
			"rotation": {"angle": -22.5, "axis": "y", "origin": [8.22684, 8, 8.19518]},
			"faces": {
				"north": {"uv": [5, 16, 5.5, 0], "rotation": 270, "texture": "#0"},
				"east": {"uv": [5, 16, 5.5, 0], "texture": "#0"},
				"south": {"uv": [5, 16, 5.5, 0], "rotation": 90, "texture": "#0"},
				"west": {"uv": [1, 16, 1.5, 0], "texture": "#0"},
				"up": {"uv": [4, 0, 3.5, 16], "texture": "#0"},
				"down": {"uv": [7.5, 0, 7, 16], "texture": "#0"}
			}
		},
		{
			"name": "Cube",
			"from": [6.70887, 10.19006, 7.63025],
			"to": [8.95198, 12.88686, 8.07797],
			"rotation": {"angle": 0, "axis": "y", "origin": [8.22684, 8, 8.19518]},
			"faces": {
				"north": {"uv": [5.5, 16, 6, 0], "rotation": 270, "texture": "#0"},
				"east": {"uv": [5.5, 16, 6, 0], "texture": "#0"},
				"south": {"uv": [5.5, 16, 6, 0], "rotation": 90, "texture": "#0"},
				"west": {"uv": [1.5, 16, 2, 0], "texture": "#0"},
				"up": {"uv": [4, 0, 3.5, 16], "texture": "#0"},
				"down": {"uv": [7.5, 0, 7, 16], "texture": "#0"}
			}
		},
		{
			"name": "Cube",
			"from": [6.86971, 10.19046, 7.50465],
			"to": [9.11254, 12.88646, 7.95209],
			"rotation": {"angle": 22.5, "axis": "y", "origin": [8.22684, 8, 8.19518]},
			"faces": {
				"north": {"uv": [6, 16, 6.5, 0], "rotation": 270, "texture": "#0"},
				"east": {"uv": [6, 16, 6.5, 0], "texture": "#0"},
				"south": {"uv": [6, 16, 6.5, 0], "rotation": 90, "texture": "#0"},
				"west": {"uv": [2, 16, 2.5, 0], "texture": "#0"},
				"up": {"uv": [4, 0, 3.5, 16], "texture": "#0"},
				"down": {"uv": [7.5, 0, 7, 16], "texture": "#0"}
			}
		},
		{
			"name": "Cube",
			"from": [6.58352, 10.18926, 8.01017],
			"to": [8.82719, 12.88766, 8.45845],
			"rotation": {"angle": -45, "axis": "y", "origin": [8.22684, 8, 8.19518]},
			"faces": {
				"north": {"uv": [4.5, 16, 5, 0], "rotation": 270, "texture": "#0"},
				"east": {"uv": [4.5, 16, 5, 0], "texture": "#0"},
				"south": {"uv": [4.5, 16, 5, 0], "rotation": 90, "texture": "#0"},
				"west": {"uv": [0.5, 16, 1, 0], "texture": "#0"},
				"up": {"uv": [4, 0, 3.5, 16], "texture": "#0"},
				"down": {"uv": [7.5, 0, 7, 16], "texture": "#0"}
			}
		},
		{
			"name": "Cube",
			"from": [7.76684, 10.18886, 6.6064],
			"to": [8.21541, 12.88806, 8.85035],
			"rotation": {"angle": 22.5, "axis": "y", "origin": [8.22684, 8, 8.19518]},
			"faces": {
				"north": {"uv": [0.5, 0, 0, 16], "rotation": 180, "texture": "#0"},
				"east": {"uv": [4.5, 0, 4, 16], "rotation": 90, "texture": "#0"},
				"south": {"uv": [4.5, 0, 4, 16], "rotation": 180, "texture": "#0"},
				"west": {"uv": [4.5, 0, 4, 16], "rotation": 270, "texture": "#0"},
				"up": {"uv": [4, 0, 3.5, 16], "texture": "#0"},
				"down": {"uv": [7.5, 0, 7, 16], "texture": "#0"}
			}
		},
		{
			"name": "Cube",
			"from": [7.57683, 10.18846, 6.58612],
			"to": [8.08402, 12.63846, 9.1221],
			"rotation": {"angle": 0, "axis": "y", "origin": [8.27837, 8, 8.23952]},
			"faces": {
				"north": {"uv": [8, 0, 7.5, 16], "texture": "#0"},
				"east": {"uv": [4, 0, 3.5, 16], "rotation": 90, "texture": "#0"},
				"south": {"uv": [4, 0, 3.5, 16], "rotation": 180, "texture": "#0"},
				"west": {"uv": [4, 0, 3.5, 16], "rotation": 270, "texture": "#0"},
				"up": {"uv": [4, 0, 3.5, 16], "texture": "#0"},
				"down": {"uv": [7.5, 0, 7, 16], "texture": "#0"}
			}
		},
		{
			"name": "Cube",
			"from": [7.46454, 10.19126, 6.78799],
			"to": [7.96952, 12.63566, 9.32175],
			"rotation": {"angle": -22.5, "axis": "y", "origin": [8.27837, 8, 8.23952]},
			"faces": {
				"north": {"uv": [7.5, 0, 7, 16], "rotation": 180, "texture": "#0"},
				"east": {"uv": [7.5, 0, 7, 16], "rotation": 270, "texture": "#0"},
				"south": {"uv": [3.5, 0, 3, 16], "rotation": 180, "texture": "#0"},
				"west": {"uv": [7.5, 0, 7, 16], "rotation": 90, "texture": "#0"},
				"up": {"uv": [4, 0, 3.5, 16], "texture": "#0"},
				"down": {"uv": [7.5, 0, 7, 16], "texture": "#0"}
			}
		},
		{
			"name": "Cube",
			"from": [7.43645, 10.19086, 7.0167],
			"to": [7.94174, 12.63606, 9.55078],
			"rotation": {"angle": -45, "axis": "y", "origin": [8.27837, 8, 8.23952]},
			"faces": {
				"north": {"uv": [7, 0, 6.5, 16], "rotation": 180, "texture": "#0"},
				"east": {"uv": [7, 0, 6.5, 16], "rotation": 270, "texture": "#0"},
				"south": {"uv": [2.5, 16, 3, 0], "rotation": 270, "texture": "#0"},
				"west": {"uv": [7, 0, 6.5, 16], "rotation": 90, "texture": "#0"},
				"up": {"uv": [4, 0, 3.5, 16], "texture": "#0"},
				"down": {"uv": [7.5, 0, 7, 16], "texture": "#0"}
			}
		},
		{
			"name": "Cube",
			"from": [6.44952, 10.18966, 7.80174],
			"to": [8.98455, 12.63726, 8.30799],
			"rotation": {"angle": -22.5, "axis": "y", "origin": [8.27837, 8, 8.23952]},
			"faces": {
				"north": {"uv": [5, 16, 5.5, 0], "rotation": 270, "texture": "#0"},
				"east": {"uv": [5, 16, 5.5, 0], "texture": "#0"},
				"south": {"uv": [5, 16, 5.5, 0], "rotation": 90, "texture": "#0"},
				"west": {"uv": [1, 16, 1.5, 0], "texture": "#0"},
				"up": {"uv": [4, 0, 3.5, 16], "texture": "#0"},
				"down": {"uv": [7.5, 0, 7, 16], "texture": "#0"}
			}
		},
		{
			"name": "Cube",
			"from": [6.56307, 10.19006, 7.60114],
			"to": [9.09778, 12.63686, 8.10707],
			"rotation": {"angle": 0, "axis": "y", "origin": [8.27837, 8, 8.23952]},
			"faces": {
				"north": {"uv": [5.5, 16, 6, 0], "rotation": 270, "texture": "#0"},
				"east": {"uv": [5.5, 16, 6, 0], "texture": "#0"},
				"south": {"uv": [5.5, 16, 6, 0], "rotation": 90, "texture": "#0"},
				"west": {"uv": [1.5, 16, 2, 0], "texture": "#0"},
				"up": {"uv": [4, 0, 3.5, 16], "texture": "#0"},
				"down": {"uv": [7.5, 0, 7, 16], "texture": "#0"}
			}
		},
		{
			"name": "Cube",
			"from": [6.74482, 10.19046, 7.45922],
			"to": [9.27921, 12.63646, 7.96483],
			"rotation": {"angle": 22.5, "axis": "y", "origin": [8.27837, 8, 8.23952]},
			"faces": {
				"north": {"uv": [6, 16, 6.5, 0], "rotation": 270, "texture": "#0"},
				"east": {"uv": [6, 16, 6.5, 0], "texture": "#0"},
				"south": {"uv": [6, 16, 6.5, 0], "rotation": 90, "texture": "#0"},
				"west": {"uv": [2, 16, 2.5, 0], "texture": "#0"},
				"up": {"uv": [4, 0, 3.5, 16], "texture": "#0"},
				"down": {"uv": [7.5, 0, 7, 16], "texture": "#0"}
			}
		},
		{
			"name": "Cube",
			"from": [6.42142, 10.18926, 8.03046],
			"to": [8.95677, 12.63766, 8.53702],
			"rotation": {"angle": -45, "axis": "y", "origin": [8.27837, 8, 8.23952]},
			"faces": {
				"north": {"uv": [4.5, 16, 5, 0], "rotation": 270, "texture": "#0"},
				"east": {"uv": [4.5, 16, 5, 0], "texture": "#0"},
				"south": {"uv": [4.5, 16, 5, 0], "rotation": 90, "texture": "#0"},
				"west": {"uv": [0.5, 16, 1, 0], "texture": "#0"},
				"up": {"uv": [4, 0, 3.5, 16], "texture": "#0"},
				"down": {"uv": [7.5, 0, 7, 16], "texture": "#0"}
			}
		},
		{
			"name": "Cube",
			"from": [7.75858, 10.18886, 6.44419],
			"to": [8.26546, 12.63806, 8.97986],
			"rotation": {"angle": 22.5, "axis": "y", "origin": [8.27837, 8, 8.23952]},
			"faces": {
				"north": {"uv": [0.5, 0, 0, 16], "rotation": 180, "texture": "#0"},
				"east": {"uv": [4.5, 0, 4, 16], "rotation": 90, "texture": "#0"},
				"south": {"uv": [4.5, 0, 4, 16], "rotation": 180, "texture": "#0"},
				"west": {"uv": [4.5, 0, 4, 16], "rotation": 270, "texture": "#0"},
				"up": {"uv": [4, 0, 3.5, 16], "texture": "#0"},
				"down": {"uv": [7.5, 0, 7, 16], "texture": "#0"}
			}
		},
		{
			"from": [7.35314, 0.01646, 6.69481],
			"to": [8.3129, 0.36046, 9.02223],
			"rotation": {"angle": 0, "axis": "y", "origin": [8.30353, 7, 8.26117]},
			"faces": {
				"north": {"uv": [9, 8, 8, 16], "rotation": 180, "texture": "#0"},
				"east": {"uv": [11.25, 8.25, 9.25, 10.25], "rotation": 270, "texture": "#0"},
				"south": {"uv": [13, 8, 12, 16], "rotation": 180, "texture": "#0"},
				"west": {"uv": [11.25, 8.25, 9.25, 10.25], "rotation": 90, "texture": "#0"},
				"up": {"uv": [12, 11.25, 10, 13.25], "rotation": 180, "texture": "#0"},
				"down": {"uv": [12, 11.25, 10, 13.25], "texture": "#0"}
			}
		},
		{
			"from": [7.20305, 0.01664, 7.14744],
			"to": [8.16187, 0.36029, 9.47391],
			"rotation": {"angle": -45, "axis": "y", "origin": [8.30353, 7, 8.26117]},
			"faces": {
				"north": {"uv": [16, 8, 15, 16], "rotation": 180, "texture": "#0"},
				"east": {"uv": [11.25, 8.25, 9.25, 10.25], "rotation": 270, "texture": "#0"},
				"south": {"uv": [11, 16, 12, 8], "rotation": 270, "texture": "#0"},
				"west": {"uv": [11.25, 8.25, 9.25, 10.25], "rotation": 90, "texture": "#0"},
				"up": {"uv": [12, 11.25, 10, 13.25], "rotation": 180, "texture": "#0"},
				"down": {"uv": [12, 11.25, 10, 13.25], "texture": "#0"}
			}
		},
		{
			"from": [6.6651, 0.01681, 7.37442],
			"to": [8.99059, 0.36012, 8.33226],
			"rotation": {"angle": 0, "axis": "y", "origin": [8.30353, 7, 8.26117]},
			"faces": {
				"north": {"uv": [9.25, 13.1, 11.25, 8.25], "rotation": 270, "texture": "#0"},
				"east": {"uv": [14, 16, 15, 8], "texture": "#0"},
				"south": {"uv": [9.25, 13.1, 11.25, 8.25], "rotation": 90, "texture": "#0"},
				"west": {"uv": [10, 16, 11, 8], "texture": "#0"},
				"up": {"uv": [12, 11.25, 10, 13.25], "rotation": 180, "texture": "#0"},
				"down": {"uv": [12, 11.25, 10, 13.25], "texture": "#0"}
			}
		},
		{
			"from": [6.515, 0.01698, 7.82704],
			"to": [8.83954, 0.35995, 8.78393],
			"rotation": {"angle": -45, "axis": "y", "origin": [8.30353, 7, 8.26117]},
			"faces": {
				"north": {"uv": [9.25, 13.1, 11.25, 8.25], "rotation": 270, "texture": "#0"},
				"east": {"uv": [13, 16, 14, 8], "texture": "#0"},
				"south": {"uv": [9.25, 13.1, 11.25, 8.25], "rotation": 90, "texture": "#0"},
				"west": {"uv": [9, 16, 10, 8], "texture": "#0"},
				"up": {"uv": [12, 11.25, 10, 13.25], "rotation": 180, "texture": "#0"},
				"down": {"uv": [12, 11.25, 10, 13.25], "texture": "#0"}
			}
		}
	],
	"gui_light": "front",
	"display": {
		"thirdperson_righthand": {
			"rotation": [90, 135, 0],
			"translation": [-5, -2, 16.5],
			"scale": [3.52, 3.52, 3.52]
		},
		"thirdperson_lefthand": {
			"rotation": [83, 0, -5],
			"translation": [0.5, -1.5, -0.75],
			"scale": [1.18, 1.18, 1.18]
		},
		"firstperson_righthand": {
			"rotation": [77.18, 1.93, 171.54],
			"translation": [2.75, 0, 0]
		},
		"firstperson_lefthand": {
			"rotation": [77.18, 1.93, 171.54],
			"translation": [2.75, 0, 0]
		},
		"ground": {
			"rotation": [90, 90, 0]
		},
		"gui": {
			"rotation": [37.9, -35.48, 53.24],
			"translation": [0.25, 0.25, 0],
			"scale": [1.83, 1.83, 1.83]
		},
		"head": {
			"scale": [4, 4, 4]
		},
		"fixed": {
			"rotation": [90, 44.5, -90],
			"scale": [2.16, 2.16, 2.16]
		}
	},
	"groups": [
		{
			"name": "gas_tank",
			"origin": [3.83043, 17.09541, -8.83593],
			"color": 0,
			"children": [
				{
					"name": "tap",
					"origin": [2.82504, 18.09383, -8.83593],
					"color": 0,
					"children": [0, 1, 2, 3, 4, 5]
				},
				{
					"name": "tank_start",
					"origin": [2.82504, 18.09383, -8.83593],
					"color": 0,
					"children": [6, 7, 8, 9]
				},
				{
					"name": "tank_start",
					"origin": [4.99461, 18.09383, -14.70751],
					"color": 0,
					"children": [10, 11, 12, 13, 14, 15]
				},
				{
					"name": "tank_start",
					"origin": [2.82504, 18.09383, -8.83593],
					"color": 0,
					"children": [16, 17, 18, 19]
				},
				{
					"name": "tank",
					"origin": [3.83043, 17.09541, -15.83593],
					"color": 0,
					"children": [20, 21, 22, 23, 24, 25, 26, 27]
				},
				{
					"name": "tank",
					"origin": [3.83043, 17.09541, -15.83593],
					"color": 0,
					"children": [28, 29, 30, 31, 32, 33, 34, 35]
				},
				{
					"name": "tank",
					"origin": [3.83043, 17.09541, -15.83593],
					"color": 0,
					"children": [36, 37, 38, 39, 40, 41, 42, 43]
				},
				{
					"name": "tank",
					"origin": [3.83043, 17.09541, -15.83593],
					"color": 0,
					"children": [44, 45, 46, 47, 48, 49, 50, 51]
				},
				{
					"name": "tank_end",
					"origin": [2.82504, 18.09383, -8.83593],
					"color": 0,
					"children": [52, 53, 54, 55]
				}
			]
		}
	]
}