{
	"description": "Dash",
	"supported_items": "#minecraft:enchantable/durability",
	"slots": ["mainhand"],
	"weight": 1,
	"anvil_cost": 0,
	"min_cost": {
		"base": 0,
		"per_level_above_first": 0
	},
	"max_cost": {
		"base": 0,
		"per_level_above_first": 0
	},
	"max_level": 1,
	"effects": {
		"minecraft:post_attack": [{
			"enchanted": "attacker",
			"affected": "attacker",
			"effect": {
				"type": "run_function",
				"function": "snc:player/odm/impulse/dash"
			},
			"requirements": {
				"condition": "minecraft:entity_properties",
				"entity": "attacker",
				"predicate": {
					"slots": {
						"weapon.offhand": {
							"predicates": {
							"minecraft:custom_data": "{snc_gear:1b,blade:1b}"
							}
						}
					}
				}
			}
		}]
	}
}