{
	"credit": "Made with Blockbench",
	"textures": {
		"0": "custom/odmgear/3dmg_gas_tank",
		"1": "custom/odmgear/3dmg_main",
		"particle": "custom/odmgear/3dmg_gas_tank"
	},
	"elements": [
		{
			"from": [7.808, -15.22381, 7.41406],
			"to": [8.19245, -14.71483, 8.02504],
			"rotation": {"angle": 22.5, "axis": "x", "origin": [8.00022, -14.84182, 7.71955]},
			"faces": {
				"north": {"uv": [0, 0, 5, 3.75], "texture": "#0"},
				"east": {"uv": [0, 0, 5, 3.75], "texture": "#0"},
				"south": {"uv": [0, 0, 5, 3.75], "texture": "#0"},
				"west": {"uv": [0, 0, 5, 3.75], "texture": "#0"},
				"up": {"uv": [0, 0, 5, 3.75], "texture": "#0"},
				"down": {"uv": [1.5, 0, 3.75, 2.75], "texture": "#0"}
			}
		},
		{
			"from": [7.72482, -11.55202, 6.85562],
			"to": [8.27562, -10.27202, 7.87562],
			"rotation": {"angle": 0, "axis": "y", "origin": [7.17402, -16.39202, 6.85562]},
			"faces": {
				"north": {"uv": [0, 0, 5, 5.75], "texture": "#0"},
				"east": {"uv": [0, 0, 5, 5.75], "texture": "#0"},
				"south": {"uv": [0, 0, 5, 5.75], "texture": "#0"},
				"west": {"uv": [0, 0, 5, 5.75], "texture": "#0"},
				"up": {"uv": [0, 0, 5, 5.75], "texture": "#0"},
				"down": {"uv": [0, 0, 5, 5.75], "texture": "#0"}
			}
		},
		{
			"from": [7.93137, -11.41952, 6.34562],
			"to": [8.06907, -10.27202, 6.85562],
			"rotation": {"angle": 0, "axis": "y", "origin": [7.10517, -16.39202, 6.85562]},
			"faces": {
				"north": {"uv": [8, 0, 13, 5.75], "texture": "#0"},
				"east": {"uv": [13, 0, 8.75, 5.75], "texture": "#0"},
				"south": {"uv": [8, 0, 13, 5.75], "texture": "#0"},
				"west": {"uv": [8.75, 0, 13, 5.75], "texture": "#0"},
				"up": {"uv": [8, 0, 13, 5.75], "texture": "#0"},
				"down": {"uv": [8, 0, 13, 5.75], "texture": "#0"}
			}
		},
		{
			"from": [7.93193, -11.47001, 6.47363],
			"to": [8.06852, -11.11403, 6.62561],
			"rotation": {"angle": 22.5, "axis": "x", "origin": [8.00022, -10.84577, 6.60062]},
			"faces": {
				"north": {"uv": [8, 0, 13, 5.75], "texture": "#0"},
				"east": {"uv": [9.75, 0, 8.5, 2], "texture": "#0"},
				"south": {"uv": [8, 0, 13, 5.75], "texture": "#0"},
				"west": {"uv": [8.5, 0, 9.75, 2], "texture": "#0"},
				"up": {"uv": [8, 0, 13, 5.75], "texture": "#0"},
				"down": {"uv": [8, 0, 13, 5.75], "texture": "#0"}
			}
		},
		{
			"from": [7.93193, -10.96001, 6.26963],
			"to": [8.06852, -10.60403, 6.42161],
			"rotation": {"angle": 22.5, "axis": "x", "origin": [8.00022, -10.84577, 6.60062]},
			"faces": {
				"north": {"uv": [8, 0, 13, 5.75], "texture": "#0"},
				"east": {"uv": [9.75, 0, 8.5, 2], "texture": "#0"},
				"south": {"uv": [8, 0, 13, 5.75], "texture": "#0"},
				"west": {"uv": [8.5, 0, 9.75, 2], "texture": "#0"},
				"up": {"uv": [8, 0, 13, 5.75], "texture": "#0"},
				"down": {"uv": [8, 0, 13, 5.75], "texture": "#0"}
			}
		},
		{
			"from": [7.72482, -11.45522, 5.67178],
			"to": [8.27562, -11.35577, 6.86518],
			"rotation": {"angle": 0, "axis": "y", "origin": [7.17402, -15.21392, 6.61018]},
			"faces": {
				"north": {"uv": [0, 0, 5, 5.75], "texture": "#0"},
				"east": {"uv": [0, 0, 5, 5.75], "texture": "#0"},
				"south": {"uv": [0, 0, 5, 5.75], "texture": "#0"},
				"west": {"uv": [0, 0, 5, 5.75], "texture": "#0"},
				"up": {"uv": [0, 0, 5, 5.75], "texture": "#0"},
				"down": {"uv": [0, 0, 5, 5.75], "texture": "#0"}
			}
		},
		{
			"from": [7.72482, -10.36127, 5.67178],
			"to": [8.27562, -10.26182, 6.86518],
			"rotation": {"angle": 0, "axis": "y", "origin": [7.17402, -15.21392, 6.61018]},
			"faces": {
				"north": {"uv": [0, 0, 5, 5.75], "texture": "#0"},
				"east": {"uv": [0, 0, 5, 5.75], "texture": "#0"},
				"south": {"uv": [0, 0, 5, 5.75], "texture": "#0"},
				"west": {"uv": [0, 0, 5, 5.75], "texture": "#0"},
				"up": {"uv": [0, 0, 5, 5.75], "texture": "#0"},
				"down": {"uv": [0, 0, 5, 5.75], "texture": "#0"}
			}
		},
		{
			"from": [7.72482, -10.23377, 5.67178],
			"to": [8.27562, -9.62432, 8.01268],
			"rotation": {"angle": 0, "axis": "y", "origin": [7.17402, -15.21392, 6.61018]},
			"faces": {
				"north": {"uv": [0, 4, 2.75, 6], "texture": "#1"},
				"east": {"uv": [2.75, 2, 4, 6], "rotation": 90, "texture": "#1"},
				"south": {"uv": [0, 4, 2.75, 6], "texture": "#1"},
				"west": {"uv": [2.75, 2, 4, 6], "rotation": 90, "texture": "#1"},
				"up": {"uv": [0, 4, 2.75, 6], "texture": "#1"},
				"down": {"uv": [1, 2, 2.25, 6], "texture": "#1"}
			}
		},
		{
			"from": [7.79423, -10.10576, 6.94729],
			"to": [8.20622, -8.98733, 8.01217],
			"rotation": {"angle": -22.5, "axis": "x", "origin": [8.06907, -9.92904, 6.84223]},
			"faces": {
				"north": {"uv": [0, 2, 2.75, 6], "texture": "#1"},
				"east": {"uv": [2.75, 2, 0.5, 6], "texture": "#1"},
				"south": {"uv": [0, 2, 2.75, 6], "texture": "#1"},
				"west": {"uv": [0.5, 2, 2.75, 6], "texture": "#1"},
				"up": {"uv": [0, 2, 2.75, 6], "texture": "#1"},
				"down": {"uv": [0, 2, 2.75, 6], "texture": "#1"}
			}
		},
		{
			"from": [7.79123, -9.74391, 6.44939],
			"to": [8.20922, -8.61948, 7.52027],
			"rotation": {"angle": 0, "axis": "y", "origin": [8.00022, -9.3317, 7.28483]},
			"faces": {
				"north": {"uv": [0, 2, 2.75, 6], "texture": "#1"},
				"east": {"uv": [2.75, 2, 0.5, 6], "texture": "#1"},
				"south": {"uv": [0, 2, 2.75, 6], "texture": "#1"},
				"west": {"uv": [0.5, 2, 2.75, 6], "texture": "#1"},
				"up": {"uv": [15, 12, 16, 16], "texture": "#1"},
				"down": {"uv": [0, 2, 2.75, 6], "texture": "#1"}
			}
		},
		{
			"from": [7.79478, -10.36025, 6.08208],
			"to": [8.20567, -9.34284, 6.89094],
			"rotation": {"angle": 22.5, "axis": "x", "origin": [8.06907, -9.92904, 7.88901]},
			"faces": {
				"north": {"uv": [2.25, 2, 1.25, 6], "texture": "#1"},
				"east": {"uv": [3, 2, 0, 6], "texture": "#1"},
				"south": {"uv": [3, 2, 0, 6], "texture": "#1"},
				"west": {"uv": [3, 2, 0, 6], "texture": "#1"},
				"up": {"uv": [3, 2, 0, 6], "texture": "#1"},
				"down": {"uv": [3, 2, 0, 6], "texture": "#1"}
			}
		},
		{
			"from": [7.72538, -9.49488, 5.114],
			"to": [8.27507, -8.88645, 5.79638],
			"rotation": {"angle": -45, "axis": "x", "origin": [8.00022, -9.19066, 6.28394]},
			"faces": {
				"north": {"uv": [0, 2, 4, 6], "texture": "#1"},
				"east": {"uv": [2.5, 4.5, 3.75, 5.75], "texture": "#1"},
				"south": {"uv": [3.75, 4.5, 3.25, 5.25], "texture": "#1"},
				"west": {"uv": [3.75, 4.5, 2.5, 5.75], "texture": "#1"},
				"up": {"uv": [2.5, 5.75, 3.75, 4.75], "rotation": 270, "texture": "#1"},
				"down": {"uv": [0, 2, 4, 6], "texture": "#1"}
			}
		},
		{
			"from": [7.79423, -9.36738, 4.7315],
			"to": [8.20622, -9.01395, 5.28638],
			"rotation": {"angle": -45, "axis": "x", "origin": [7.93137, -9.19066, 6.28394]},
			"faces": {
				"north": {"uv": [9.25, 1.75, 12.5, 5.25], "texture": "#0"},
				"east": {"uv": [9.25, 1.75, 12.5, 5.25], "texture": "#0"},
				"south": {"uv": [9.25, 1.75, 12.5, 5.25], "texture": "#0"},
				"west": {"uv": [9.25, 1.75, 12.5, 5.25], "texture": "#0"},
				"up": {"uv": [9.25, 1.75, 12.5, 5.25], "texture": "#0"},
				"down": {"uv": [9.25, 1.75, 12.5, 5.25], "texture": "#0"}
			}
		},
		{
			"from": [7.79478, -10.63682, 4.94213],
			"to": [8.20567, -10.21046, 5.24354],
			"rotation": {"angle": 22.5, "axis": "x", "origin": [8.00022, -10.48739, 5.11833]},
			"faces": {
				"north": {"uv": [9.25, 1.75, 12.5, 5.25], "rotation": 180, "texture": "#0"},
				"east": {"uv": [9.25, 1.75, 12.5, 5.25], "rotation": 90, "texture": "#0"},
				"south": {"uv": [9.25, 1.75, 12.5, 5.25], "texture": "#0"},
				"west": {"uv": [9.25, 1.75, 12.5, 5.25], "rotation": 270, "texture": "#0"},
				"up": {"uv": [9.25, 1.75, 12.5, 5.25], "texture": "#0"},
				"down": {"uv": [9.25, 1.75, 12.5, 5.25], "rotation": 180, "texture": "#0"}
			}
		},
		{
			"from": [7.82177, -10.98567, 4.89769],
			"to": [8.17868, -10.55829, 5.14912],
			"rotation": {"angle": 0, "axis": "y", "origin": [7.97268, -10.26198, 5.04891]},
			"faces": {
				"north": {"uv": [9.25, 1.75, 12.5, 5.25], "rotation": 180, "texture": "#0"},
				"east": {"uv": [9.25, 1.75, 12.5, 5.25], "rotation": 90, "texture": "#0"},
				"south": {"uv": [9.25, 1.75, 12.5, 5.25], "texture": "#0"},
				"west": {"uv": [9.25, 1.75, 12.5, 5.25], "rotation": 270, "texture": "#0"},
				"up": {"uv": [9.25, 1.75, 12.5, 5.25], "texture": "#0"},
				"down": {"uv": [9.25, 1.75, 12.5, 5.25], "rotation": 180, "texture": "#0"}
			}
		},
		{
			"from": [7.82232, -11.42581, 4.58007],
			"to": [8.17813, -10.99945, 4.77948],
			"rotation": {"angle": -22.5, "axis": "x", "origin": [7.97268, -10.19263, 4.70528]},
			"faces": {
				"north": {"uv": [9.25, 1.75, 12.5, 5.25], "rotation": 180, "texture": "#0"},
				"east": {"uv": [9.25, 1.75, 12.5, 5.25], "rotation": 90, "texture": "#0"},
				"south": {"uv": [9.25, 1.75, 12.5, 5.25], "texture": "#0"},
				"west": {"uv": [9.25, 1.75, 12.5, 5.25], "rotation": 270, "texture": "#0"},
				"up": {"uv": [9.25, 1.75, 12.5, 5.25], "texture": "#0"},
				"down": {"uv": [9.25, 1.75, 12.5, 5.25], "rotation": 180, "texture": "#0"}
			}
		},
		{
			"from": [7.84931, -12.53544, 4.77699],
			"to": [8.15114, -12.10806, 4.92642],
			"rotation": {"angle": -22.5, "axis": "x", "origin": [7.94514, -9.77175, 4.9027]},
			"faces": {
				"north": {"uv": [9.25, 1.75, 12.5, 5.25], "rotation": 180, "texture": "#0"},
				"east": {"uv": [9.25, 1.75, 12.5, 5.25], "rotation": 90, "texture": "#0"},
				"south": {"uv": [9.25, 1.75, 12.5, 5.25], "texture": "#0"},
				"west": {"uv": [9.25, 1.75, 12.5, 5.25], "rotation": 270, "texture": "#0"},
				"up": {"uv": [9.25, 1.75, 12.5, 5.25], "texture": "#0"},
				"down": {"uv": [9.25, 1.75, 12.5, 5.25], "rotation": 180, "texture": "#0"}
			}
		},
		{
			"from": [7.84986, -12.59584, 5.82943],
			"to": [8.15059, -12.29698, 5.97784],
			"rotation": {"angle": 0, "axis": "y", "origin": [7.94514, -12.51016, 5.92913]},
			"faces": {
				"north": {"uv": [9.25, 1.75, 12.5, 5.25], "rotation": 180, "texture": "#0"},
				"east": {"uv": [9.25, 1.75, 12.5, 5.25], "rotation": 90, "texture": "#0"},
				"south": {"uv": [9.25, 1.75, 12.5, 5.25], "texture": "#0"},
				"west": {"uv": [9.25, 1.75, 12.5, 5.25], "rotation": 270, "texture": "#0"},
				"up": {"uv": [9.25, 1.75, 12.5, 5.25], "texture": "#0"},
				"down": {"uv": [9.25, 1.75, 12.5, 5.25], "rotation": 180, "texture": "#0"}
			}
		},
		{
			"from": [7.85041, -12.84545, 5.78019],
			"to": [8.15004, -12.54761, 5.90463],
			"rotation": {"angle": 22.5, "axis": "x", "origin": [7.94514, -12.69653, 5.87938]},
			"faces": {
				"north": {"uv": [9.25, 1.75, 12.5, 5.25], "rotation": 180, "texture": "#0"},
				"east": {"uv": [9.25, 1.75, 12.5, 5.25], "rotation": 90, "texture": "#0"},
				"south": {"uv": [9.25, 1.75, 12.5, 5.25], "texture": "#0"},
				"west": {"uv": [9.25, 1.75, 12.5, 5.25], "rotation": 270, "texture": "#0"},
				"up": {"uv": [9.25, 1.75, 12.5, 5.25], "texture": "#0"},
				"down": {"uv": [9.25, 1.75, 12.5, 5.25], "rotation": 180, "texture": "#0"}
			}
		},
		{
			"from": [7.85096, -13.05697, 5.63902],
			"to": [8.14949, -12.76015, 5.73439],
			"rotation": {"angle": 45, "axis": "x", "origin": [7.94514, -12.90856, 5.7377]},
			"faces": {
				"north": {"uv": [9.25, 1.75, 12.5, 5.25], "rotation": 180, "texture": "#0"},
				"east": {"uv": [9.25, 1.75, 12.5, 5.25], "rotation": 90, "texture": "#0"},
				"south": {"uv": [9.25, 1.75, 12.5, 5.25], "texture": "#0"},
				"west": {"uv": [9.25, 1.75, 12.5, 5.25], "rotation": 270, "texture": "#0"},
				"up": {"uv": [9.25, 1.75, 12.5, 5.25], "texture": "#0"},
				"down": {"uv": [9.25, 1.75, 12.5, 5.25], "rotation": 180, "texture": "#0"}
			}
		},
		{
			"from": [7.82177, -12.33383, 4.82237],
			"to": [8.17868, -11.39645, 4.9718],
			"rotation": {"angle": -45, "axis": "x", "origin": [7.97268, -11.10014, 4.92258]},
			"faces": {
				"north": {"uv": [9.25, 1.75, 12.5, 5.25], "rotation": 180, "texture": "#0"},
				"east": {"uv": [9.25, 1.75, 12.5, 5.25], "rotation": 90, "texture": "#0"},
				"south": {"uv": [9.25, 1.75, 12.5, 5.25], "texture": "#0"},
				"west": {"uv": [9.25, 1.75, 12.5, 5.25], "rotation": 270, "texture": "#0"},
				"up": {"uv": [9.25, 1.75, 12.5, 5.25], "texture": "#0"},
				"down": {"uv": [9.25, 1.75, 12.5, 5.25], "rotation": 180, "texture": "#0"}
			}
		},
		{
			"from": [7.72648, -9.29603, 7.30985],
			"to": [8.27507, -8.72557, 7.77691],
			"rotation": {"angle": -45, "axis": "x", "origin": [8.00078, -8.8921, 8.76519]},
			"faces": {
				"north": {"uv": [3, 5, 3.75, 5.75], "texture": "#1"},
				"east": {"uv": [3, 5, 3.75, 5.75], "texture": "#1"},
				"south": {"uv": [3, 5, 3.75, 5.75], "texture": "#1"},
				"west": {"uv": [3, 5, 3.75, 5.75], "texture": "#1"},
				"up": {"uv": [3, 5, 3.75, 5.75], "texture": "#1"},
				"down": {"uv": [3, 5, 3.75, 5.75], "texture": "#1"}
			}
		},
		{
			"from": [7.82232, -8.95688, 7.20985],
			"to": [8.17813, -8.86123, 8.01431],
			"rotation": {"angle": -45, "axis": "x", "origin": [8.04153, -8.8921, 8.76519]},
			"faces": {
				"north": {"uv": [0, 2, 4, 6], "texture": "#1"},
				"east": {"uv": [0, 2, 1.5, 6], "texture": "#1"},
				"south": {"uv": [0, 2, 4, 6], "texture": "#1"},
				"west": {"uv": [0, 2, 4, 6], "texture": "#1"},
				"up": {"uv": [0, 2, 4, 6], "texture": "#1"},
				"down": {"uv": [0, 2, 4, 6], "texture": "#1"}
			}
		},
		{
			"from": [7.82232, -9.02471, 8.01703],
			"to": [8.17813, -8.7934, 8.08214],
			"rotation": {"angle": -45, "axis": "x", "origin": [8.04153, -8.8921, 8.76519]},
			"faces": {
				"north": {"uv": [0, 2, 4, 6], "texture": "#1"},
				"east": {"uv": [0, 2, 1.5, 6], "texture": "#1"},
				"south": {"uv": [0, 2, 4, 6], "texture": "#1"},
				"west": {"uv": [0, 2, 4, 6], "texture": "#1"},
				"up": {"uv": [0, 2, 4, 6], "texture": "#1"},
				"down": {"uv": [0, 2, 4, 6], "texture": "#1"}
			}
		},
		{
			"from": [7.82232, -9.56163, 8.33358],
			"to": [8.17813, -9.49652, 8.56488],
			"rotation": {"angle": 22.5, "axis": "x", "origin": [8.00022, -9.52908, 8.44923]},
			"faces": {
				"north": {"uv": [0, 2, 4, 6], "rotation": 180, "texture": "#1"},
				"east": {"uv": [0, 2, 1.5, 6], "rotation": 90, "texture": "#1"},
				"south": {"uv": [0, 2, 4, 6], "texture": "#1"},
				"west": {"uv": [0, 2, 4, 6], "rotation": 270, "texture": "#1"},
				"up": {"uv": [0, 2, 4, 6], "texture": "#1"},
				"down": {"uv": [0, 2, 4, 6], "rotation": 180, "texture": "#1"}
			}
		},
		{
			"from": [7.72703, -10.36239, 7.83166],
			"to": [8.27452, -10.23419, 8.56694],
			"rotation": {"angle": -22.5, "axis": "x", "origin": [8.00078, -9.95914, 7.43621]},
			"faces": {
				"north": {"uv": [3, 5, 3.75, 5.75], "texture": "#1"},
				"east": {"uv": [3, 5, 3.75, 5.75], "texture": "#1"},
				"south": {"uv": [3, 5, 3.75, 5.75], "texture": "#1"},
				"west": {"uv": [3, 5, 3.75, 5.75], "texture": "#1"},
				"up": {"uv": [3, 5, 3.75, 5.75], "texture": "#1"},
				"down": {"uv": [3, 5, 3.75, 5.75], "texture": "#1"}
			}
		},
		{
			"from": [7.72813, -9.90739, 7.8522],
			"to": [8.27342, -9.7819, 8.58477],
			"rotation": {"angle": 0, "axis": "y", "origin": [8.00078, -9.84464, 8.21849]},
			"faces": {
				"north": {"uv": [3, 5, 3.75, 5.75], "texture": "#1"},
				"east": {"uv": [3, 5, 3.75, 5.75], "texture": "#1"},
				"south": {"uv": [3, 5, 3.75, 5.75], "texture": "#1"},
				"west": {"uv": [3, 5, 3.75, 5.75], "texture": "#1"},
				"up": {"uv": [3, 5, 3.75, 5.75], "texture": "#1"},
				"down": {"uv": [3, 5, 3.75, 5.75], "texture": "#1"}
			}
		},
		{
			"from": [7.79367, -10.31027, 5.79928],
			"to": [8.20677, -10.21082, 7.75768],
			"rotation": {"angle": 0, "axis": "y", "origin": [7.10517, -15.21392, 6.61018]},
			"faces": {
				"north": {"uv": [8.5, 8.5, 13.5, 14.25], "texture": "#0"},
				"east": {"uv": [8.5, 8.5, 13.5, 14.25], "texture": "#0"},
				"south": {"uv": [8.5, 8.5, 13.5, 14.25], "texture": "#0"},
				"west": {"uv": [8.5, 8.5, 13.5, 14.25], "texture": "#0"},
				"up": {"uv": [8.5, 8.5, 13.5, 14.25], "texture": "#0"},
				"down": {"uv": [8.5, 8.5, 13.5, 14.25], "texture": "#0"}
			}
		},
		{
			"from": [7.72482, -10.8983, 5.67178],
			"to": [8.27562, -10.79885, 6.86518],
			"rotation": {"angle": 0, "axis": "y", "origin": [7.17402, -15.21392, 6.61018]},
			"faces": {
				"north": {"uv": [0, 0, 5, 5.75], "texture": "#0"},
				"east": {"uv": [0, 0, 5, 5.75], "texture": "#0"},
				"south": {"uv": [0, 0, 5, 5.75], "texture": "#0"},
				"west": {"uv": [0, 0, 5, 5.75], "texture": "#0"},
				"up": {"uv": [0, 0, 5, 5.75], "texture": "#0"},
				"down": {"uv": [0, 0, 5, 5.75], "texture": "#0"}
			}
		},
		{
			"from": [7.73584, -11.38759, 5.67974],
			"to": [8.26461, -10.30955, 5.76327],
			"rotation": {"angle": 0, "axis": "y", "origin": [7.17402, -15.21392, 6.61018]},
			"faces": {
				"north": {"uv": [0, 0, 5, 5.75], "texture": "#0"},
				"east": {"uv": [0, 0, 5, 5.75], "texture": "#0"},
				"south": {"uv": [0, 0, 5, 5.75], "texture": "#0"},
				"west": {"uv": [0, 0, 5, 5.75], "texture": "#0"},
				"up": {"uv": [0, 0, 5, 5.75], "texture": "#0"},
				"down": {"uv": [0, 0, 5, 5.75], "texture": "#0"}
			}
		},
		{
			"from": [7.72538, -13.07811, 7.11006],
			"to": [8.27507, -11.29913, 8.12904],
			"rotation": {"angle": -22.5, "axis": "x", "origin": [8.00022, -12.06362, 7.61955]},
			"faces": {
				"north": {"uv": [0, 0, 5, 5.75], "texture": "#0"},
				"east": {"uv": [0, 0, 5, 5.75], "texture": "#0"},
				"south": {"uv": [0, 0, 5, 5.75], "texture": "#0"},
				"west": {"uv": [0, 0, 5, 5.75], "texture": "#0"},
				"up": {"uv": [0, 0, 5, 5.75], "texture": "#0"},
				"down": {"uv": [0, 0, 5, 5.75], "texture": "#0"}
			}
		},
		{
			"from": [7.72482, -14.33022, 7.46348],
			"to": [8.27562, -12.80022, 8.48348],
			"rotation": {"angle": 0, "axis": "y", "origin": [8.00022, -13.56522, 7.97348]},
			"faces": {
				"north": {"uv": [0, 0, 5, 5.75], "texture": "#0"},
				"east": {"uv": [0, 0, 5, 5.75], "texture": "#0"},
				"south": {"uv": [0, 0, 5, 5.75], "texture": "#0"},
				"west": {"uv": [0, 0, 5, 5.75], "texture": "#0"},
				"up": {"uv": [0, 0, 5, 5.75], "texture": "#0"},
				"down": {"uv": [0, 0, 5, 5.75], "texture": "#0"}
			}
		},
		{
			"from": [7.72372, -14.58784, 7.20853],
			"to": [8.27673, -14.0758, 8.23057],
			"rotation": {"angle": 22.5, "axis": "x", "origin": [8.00022, -14.84182, 7.71955]},
			"faces": {
				"north": {"uv": [0, 0, 5, 3.75], "texture": "#0"},
				"east": {"uv": [0, 0, 5, 3.75], "texture": "#0"},
				"south": {"uv": [0, 0, 5, 3.75], "texture": "#0"},
				"west": {"uv": [0, 0, 5, 3.75], "texture": "#0"},
				"up": {"uv": [0, 0, 5, 3.75], "texture": "#0"},
				"down": {"uv": [0, 0, 5, 3.75], "texture": "#0"}
			}
		},
		{
			"from": [7.67423, -14.39818, 7.31063],
			"to": [8.32622, -13.93735, 8.17947],
			"rotation": {"angle": 22.5, "axis": "x", "origin": [8.00022, -14.62677, 7.71955]},
			"faces": {
				"north": {"uv": [12, 2, 16, 6], "texture": "#1"},
				"east": {"uv": [14, 4.75, 16, 6], "texture": "#1"},
				"south": {"uv": [12, 2, 16, 6], "texture": "#1"},
				"west": {"uv": [16, 4.75, 14, 6], "texture": "#1"},
				"up": {"uv": [12, 2, 16, 6], "texture": "#1"},
				"down": {"uv": [12, 2, 16, 6], "texture": "#1"}
			}
		},
		{
			"from": [7.67553, -14.16633, 7.48909],
			"to": [8.32492, -12.78933, 8.40709],
			"rotation": {"angle": 0, "axis": "y", "origin": [8.00022, -13.47783, 7.94809]},
			"faces": {
				"north": {"uv": [12, 2, 16, 6], "texture": "#1"},
				"east": {"uv": [13.75, 2.75, 16, 6], "texture": "#1"},
				"south": {"uv": [12, 2, 16, 6], "texture": "#1"},
				"west": {"uv": [16, 2.75, 13.75, 6], "texture": "#1"},
				"up": {"uv": [12, 2, 16, 6], "texture": "#1"},
				"down": {"uv": [12, 2, 16, 6], "texture": "#1"}
			}
		},
		{
			"from": [7.67618, -13.04193, 7.16101],
			"to": [8.32427, -11.41585, 8.07809],
			"rotation": {"angle": -22.5, "axis": "x", "origin": [8.00022, -12.10389, 7.61955]},
			"faces": {
				"north": {"uv": [12, 2, 16, 6], "texture": "#1"},
				"east": {"uv": [14, 2, 16, 6], "texture": "#1"},
				"south": {"uv": [12, 2, 16, 6], "texture": "#1"},
				"west": {"uv": [16, 2, 14, 6], "texture": "#1"},
				"up": {"uv": [12, 2, 16, 6], "texture": "#1"},
				"down": {"uv": [12, 2, 16, 6], "texture": "#1"}
			}
		},
		{
			"from": [7.67553, -11.64345, 6.93201],
			"to": [8.32492, -10.26145, 7.85001],
			"rotation": {"angle": 0, "axis": "y", "origin": [7.02613, -16.02445, 6.93201]},
			"faces": {
				"north": {"uv": [12, 2, 16, 6], "texture": "#1"},
				"east": {"uv": [14.25, 2, 12, 5.5], "texture": "#1"},
				"south": {"uv": [12, 2, 16, 6], "texture": "#1"},
				"west": {"uv": [12, 2, 14.25, 5.75], "texture": "#1"},
				"up": {"uv": [12, 2, 16, 6], "texture": "#1"},
				"down": {"uv": [12, 2, 16, 6], "texture": "#1"}
			}
		},
		{
			"from": [7.6703, -14.96881, 7.15906],
			"to": [8.33015, -14.45983, 8.28004],
			"rotation": {"angle": 22.5, "axis": "x", "origin": [8.00022, -14.84182, 7.71955]},
			"faces": {
				"north": {"uv": [0, 0, 5, 3.75], "texture": "#0"},
				"east": {"uv": [0, 0, 5, 3.75], "texture": "#0"},
				"south": {"uv": [0, 0, 5, 3.75], "texture": "#0"},
				"west": {"uv": [0, 0, 5, 3.75], "texture": "#0"},
				"up": {"uv": [0, 0, 5, 3.75], "texture": "#0"},
				"down": {"uv": [0, 0, 5, 3.75], "texture": "#0"}
			}
		}
	],
	"gui_light": "front",
	"display": {
		"thirdperson_righthand": {
			"rotation": [-0.08, -1.91, -4.61],
			"translation": [1, 13.75, -0.25],
			"scale": [0.75, 0.75, 0.75]
		},
		"thirdperson_lefthand": {
			"rotation": [-0.08, -1.91, -4.61],
			"translation": [1, 13.75, -0.25],
			"scale": [0.75, 0.75, 0.75]
		},
		"firstperson_righthand": {
			"rotation": [-7, 0, -7],
			"translation": [3, 16, 0],
			"scale": [0.76, 0.76, 0.66]
		},
		"firstperson_lefthand": {
			"rotation": [-7, 0, -7],
			"translation": [3, 16, 0],
			"scale": [0.76, 0.76, 0.66]
		},
		"ground": {
			"rotation": [90, 90, 0],
			"translation": [1, 0, 20.25]
		},
		"gui": {
			"rotation": [90, 47, -90],
			"translation": [21.5, 20.75, 0],
			"scale": [1.53, 1.53, 1.53]
		},
		"head": {
			"rotation": [90, -59.75, -90],
			"translation": [-0.25, -20.5, 4.25]
		},
		"fixed": {
			"rotation": [-90, 88.75, 90],
			"translation": [0, 42, 0],
			"scale": [2.13, 2.13, 2.13]
		}
	},
	"groups": [
		{
			"name": "grip",
			"origin": [8.00024, -14.86682, 7.61955],
			"color": 0,
			"children": [0, 1, 2, 3, 4, 5, 6, 7, 8, 9, 10, 11, 12, 13, 14, 15, 16, 17, 18, 19, 20, 21, 22, 23, 24, 25, 26, 27, 28, 29, 30, 31, 32, 33, 34, 35, 36, 37]
		}
	]
}