{
	"credit": "Made with Blockbench",
	"textures": {
		"0": "custom/item/gun/canonball",
		"particle": "custom/item/gun/canonball"
	},
	"elements": [
		{
			"from": [6.5, 0, 7],
			"to": [9.5, 3, 10],
			"rotation": {"angle": 0, "axis": "y", "origin": [0.5, 0, 0]},
			"faces": {
				"north": {"uv": [0, 0, 3, 3], "texture": "#0"},
				"east": {"uv": [0, 3, 3, 6], "texture": "#0"},
				"south": {"uv": [3, 0, 6, 3], "texture": "#0"},
				"west": {"uv": [3, 3, 6, 6], "texture": "#0"},
				"up": {"uv": [3, 9, 0, 6], "texture": "#0"},
				"down": {"uv": [9, 0, 6, 3], "texture": "#0"}
			}
		}
	],
	"display": {
		"thirdperson_righthand": {
			"translation": [0, 7.75, 0],
			"scale": [1.5, 1.5, 1.5]
		},
		"gui": {
			"rotation": [-164, 19, 0],
			"translation": [0, -13, 0],
			"scale": [2, 2, 2]
		}
	}
}