{
	"credit": "Made with Blockbench",
	"texture_size": [128, 128],
	"textures": {
		"0": "custom/item/gun/canon",
		"particle": "custom/item/gun/canon"
	},
	"elements": [
		{
			"from": [11.055, 16.74911, 9.25692],
			"to": [12.125, 19.34911, 15.43192],
			"rotation": {"angle": 45, "axis": "x", "origin": [8.52, 12.97885, 6.325]},
			"faces": {
				"north": {"uv": [1, 4.875, 1.125, 5.1875], "texture": "#0"},
				"east": {"uv": [4.75, 4.875, 5.5, 5.1875], "texture": "#0"},
				"south": {"uv": [3.875, 5.625, 4, 5.9375], "texture": "#0"},
				"west": {"uv": [1.625, 5, 2.375, 5.3125], "texture": "#0"},
				"up": {"uv": [3.75, 6.125, 3.625, 5.375], "texture": "#0"},
				"down": {"uv": [3.875, 5.375, 3.75, 6.125], "texture": "#0"}
			}
		},
		{
			"from": [10.925, 15.17715, 3.22418],
			"to": [12.225, 17.77715, 11.47918],
			"rotation": {"angle": 22.5, "axis": "x", "origin": [8.52, 12.97885, 6.325]},
			"faces": {
				"north": {"uv": [5.5, 4.875, 5.6875, 5.1875], "texture": "#0"},
				"east": {"uv": [0, 4.5, 1.0625, 4.8125], "texture": "#0"},
				"south": {"uv": [5.625, 1.5, 5.8125, 1.8125], "texture": "#0"},
				"west": {"uv": [4.5, 1.5, 5.5625, 1.8125], "texture": "#0"},
				"up": {"uv": [1.8125, 6.4375, 1.625, 5.375], "texture": "#0"},
				"down": {"uv": [2.0625, 5.375, 1.875, 6.4375], "texture": "#0"}
			}
		},
		{
			"from": [10.925, 15.17715, 0.94918],
			"to": [12.212, 19.72715, 3.93918],
			"rotation": {"angle": 22.5, "axis": "x", "origin": [8.52, 12.97885, 6.325]},
			"faces": {
				"north": {"uv": [2.625, 5.375, 2.8125, 5.9375], "texture": "#0"},
				"east": {"uv": [3.875, 5, 4.25, 5.5625], "texture": "#0"},
				"south": {"uv": [2.875, 5.375, 3.0625, 5.9375], "texture": "#0"},
				"west": {"uv": [0, 5.375, 0.375, 5.9375], "texture": "#0"},
				"up": {"uv": [5.5625, 4.125, 5.375, 3.75], "texture": "#0"},
				"down": {"uv": [4.6875, 5.375, 4.5, 5.75], "texture": "#0"}
			}
		},
		{
			"from": [3.875, 16.74911, 9.25692],
			"to": [4.945, 19.34911, 15.43192],
			"rotation": {"angle": 45, "axis": "x", "origin": [7.48, 12.97885, 6.325]},
			"faces": {
				"north": {"uv": [1.125, 4.875, 1, 5.1875], "texture": "#0"},
				"east": {"uv": [2.375, 5, 1.625, 5.3125], "texture": "#0"},
				"south": {"uv": [4, 5.625, 3.875, 5.9375], "texture": "#0"},
				"west": {"uv": [5.5, 4.875, 4.75, 5.1875], "texture": "#0"},
				"up": {"uv": [3.625, 6.125, 3.75, 5.375], "texture": "#0"},
				"down": {"uv": [3.75, 5.375, 3.875, 6.125], "texture": "#0"}
			}
		},
		{
			"from": [3.775, 15.17715, 3.22418],
			"to": [5.075, 17.77715, 11.47918],
			"rotation": {"angle": 22.5, "axis": "x", "origin": [7.48, 12.97885, 6.325]},
			"faces": {
				"north": {"uv": [5.6875, 4.875, 5.5, 5.1875], "texture": "#0"},
				"east": {"uv": [5.5625, 1.5, 4.5, 1.8125], "texture": "#0"},
				"south": {"uv": [5.8125, 1.5, 5.625, 1.8125], "texture": "#0"},
				"west": {"uv": [1.0625, 4.5, 0, 4.8125], "texture": "#0"},
				"up": {"uv": [1.625, 6.4375, 1.8125, 5.375], "texture": "#0"},
				"down": {"uv": [1.875, 5.375, 2.0625, 6.4375], "texture": "#0"}
			}
		},
		{
			"from": [3.788, 15.17715, 0.94918],
			"to": [5.075, 19.72715, 3.93918],
			"rotation": {"angle": 22.5, "axis": "x", "origin": [7.48, 12.97885, 6.325]},
			"faces": {
				"north": {"uv": [2.8125, 5.375, 2.625, 5.9375], "texture": "#0"},
				"east": {"uv": [0.375, 5.375, 0, 5.9375], "texture": "#0"},
				"south": {"uv": [3.0625, 5.375, 2.875, 5.9375], "texture": "#0"},
				"west": {"uv": [4.25, 5, 3.875, 5.5625], "texture": "#0"},
				"up": {"uv": [5.375, 4.125, 5.5625, 3.75], "texture": "#0"},
				"down": {"uv": [4.5, 5.375, 4.6875, 5.75], "texture": "#0"}
			}
		},
		{
			"from": [6.68375, 20.93325, -14.501],
			"to": [9.31625, 21.45975, 21.56425],
			"rotation": {"angle": 0, "axis": "x", "origin": [8.52, 12.97885, 6.325]},
			"faces": {
				"north": {"uv": [2, 3.25, 2.3125, 3.3125], "texture": "#0"},
				"east": {"uv": [4.375, 3.25, 8.875, 3.3125], "texture": "#0"},
				"south": {"uv": [2.375, 3.25, 2.6875, 3.3125], "texture": "#0"},
				"west": {"uv": [4.875, 3.375, 9.375, 3.4375], "texture": "#0"},
				"up": {"uv": [0.3125, 4.5, 0, 0], "texture": "#0"},
				"down": {"uv": [0.6875, 0, 0.375, 4.5], "texture": "#0"}
			}
		},
		{
			"from": [6.68375, 24.09225, -14.501],
			"to": [9.31625, 24.61875, 21.56425],
			"rotation": {"angle": 0, "axis": "x", "origin": [8.52, 12.97885, 6.325]},
			"faces": {
				"north": {"uv": [2, 3.375, 2.3125, 3.4375], "texture": "#0"},
				"east": {"uv": [4.875, 3.5, 9.375, 3.5625], "texture": "#0"},
				"south": {"uv": [2.375, 3.375, 2.6875, 3.4375], "texture": "#0"},
				"west": {"uv": [4.875, 3.625, 9.375, 3.6875], "texture": "#0"},
				"up": {"uv": [1.0625, 4.5, 0.75, 0], "texture": "#0"},
				"down": {"uv": [1.4375, 0, 1.125, 4.5], "texture": "#0"}
			}
		},
		{
			"from": [9.31625, 21.45975, -14.501],
			"to": [9.84275, 24.09225, 21.56425],
			"rotation": {"angle": 0, "axis": "x", "origin": [8.52, 12.97885, 6.325]},
			"faces": {
				"north": {"uv": [5.75, 4.125, 5.8125, 4.4375], "texture": "#0"},
				"east": {"uv": [1.5, 0, 6, 0.3125], "texture": "#0"},
				"south": {"uv": [4.5, 5.75, 4.5625, 6.0625], "texture": "#0"},
				"west": {"uv": [1.5, 0.375, 6, 0.6875], "texture": "#0"},
				"up": {"uv": [1.1875, 9, 1.125, 4.5], "texture": "#0"},
				"down": {"uv": [1.3125, 4.5, 1.25, 9], "texture": "#0"}
			}
		},
		{
			"from": [5.10425, 18.4405, 1.68075],
			"to": [10.89575, 22.91575, 11.56075],
			"rotation": {"angle": 0, "axis": "x", "origin": [8.52, 12.97885, 6.325]},
			"faces": {
				"north": {"uv": [4.25, 4.25, 5, 4.8125], "texture": "#0"},
				"east": {"uv": [2, 3.5, 3.25, 4.0625], "texture": "#0"},
				"south": {"uv": [4.375, 2.625, 5.125, 3.1875], "texture": "#0"},
				"west": {"uv": [3.5, 2, 4.75, 2.5625], "texture": "#0"},
				"up": {"uv": [2.25, 2.75, 1.5, 1.5], "texture": "#0"},
				"down": {"uv": [3, 1.5, 2.25, 2.75], "texture": "#0"}
			}
		},
		{
			"from": [5.894, 20.67, -7.6565],
			"to": [10.106, 24.882, 4.453],
			"rotation": {"angle": 0, "axis": "x", "origin": [8.52, 12.97885, 6.325]},
			"faces": {
				"north": {"uv": [0, 4.875, 0.5, 5.375], "texture": "#0"},
				"east": {"uv": [1.5, 2.75, 3, 3.25], "texture": "#0"},
				"south": {"uv": [0.5, 4.875, 1, 5.375], "texture": "#0"},
				"west": {"uv": [3, 1.5, 4.5, 2], "texture": "#0"},
				"up": {"uv": [3.5, 3.5, 3, 2], "texture": "#0"},
				"down": {"uv": [2, 3.25, 1.5, 4.75], "texture": "#0"}
			}
		},
		{
			"from": [5.994, 20.67, -13.9745],
			"to": [10.006, 24.782, -10.289],
			"rotation": {"angle": 0, "axis": "x", "origin": [8.52, 12.97885, 6.325]},
			"faces": {
				"north": {"uv": [4.875, 3.75, 5.375, 4.25], "texture": "#0"},
				"east": {"uv": [5, 4.25, 5.4375, 4.75], "texture": "#0"},
				"south": {"uv": [4.25, 4.875, 4.75, 5.375], "texture": "#0"},
				"west": {"uv": [5.125, 2.625, 5.5625, 3.125], "texture": "#0"},
				"up": {"uv": [5.25, 5.6875, 4.75, 5.25], "texture": "#0"},
				"down": {"uv": [5.75, 5.25, 5.25, 5.6875], "texture": "#0"}
			}
		},
		{
			"from": [5.3675, 20.1435, 13.93],
			"to": [10.6325, 25.4085, 20.7745],
			"rotation": {"angle": 0, "axis": "x", "origin": [8.52, 12.97885, 6.325]},
			"faces": {
				"north": {"uv": [2.75, 4.25, 3.4375, 4.9375], "texture": "#0"},
				"east": {"uv": [3.5, 2.625, 4.375, 3.3125], "texture": "#0"},
				"south": {"uv": [3.5, 4.25, 4.1875, 4.9375], "texture": "#0"},
				"west": {"uv": [3.25, 3.5, 4.125, 4.1875], "texture": "#0"},
				"up": {"uv": [2.6875, 5, 2, 4.125], "texture": "#0"},
				"down": {"uv": [4.8125, 3.375, 4.125, 4.25], "texture": "#0"}
			}
		},
		{
			"from": [6.15725, 21.45975, -14.501],
			"to": [6.68375, 24.09225, 21.56425],
			"rotation": {"angle": 0, "axis": "x", "origin": [8.52, 12.97885, 6.325]},
			"faces": {
				"north": {"uv": [5.75, 4.5, 5.8125, 4.8125], "texture": "#0"},
				"east": {"uv": [1.5, 0.75, 6, 1.0625], "texture": "#0"},
				"south": {"uv": [4.625, 5.75, 4.6875, 6.0625], "texture": "#0"},
				"west": {"uv": [1.5, 1.125, 6, 1.4375], "texture": "#0"},
				"up": {"uv": [1.4375, 9, 1.375, 4.5], "texture": "#0"},
				"down": {"uv": [1.5625, 4.75, 1.5, 9.25], "texture": "#0"}
			}
		}
	],
	"display": {
		"thirdperson_righthand": {
			"rotation": [90, 0, 0],
			"translation": [-6, -13, -22],
			"scale": [3.3, 3.3, 3.3]
		},
		"thirdperson_lefthand": {
			"rotation": [90, 0, 0],
			"translation": [-6, -8, 7.5],
			"scale": [2.7, 2.7, 2.7]
		},
		"head": {
			"translation": [0, -25, 11.5],
			"scale": [3.3, 3.3, 3.3]
		}
	},
	"groups": [
		{
			"name": "group",
			"origin": [-2.4, 0, 0],
			"color": 0,
			"children": [
				{
					"name": "group",
					"origin": [-2.4, 0, 0],
					"color": 0,
					"children": [
						{
							"name": "group",
							"origin": [-2.4, 0, 0],
							"color": 0,
							"children": [0, 1, 2]
						},
						{
							"name": "group",
							"origin": [-2.4, 0, 0],
							"color": 0,
							"children": [3, 4, 5]
						},
						6,
						7,
						8,
						9,
						10,
						11,
						12,
						13
					]
				}
			]
		}
	]
}