{
	"credit": "Made with Blockbench",
	"texture_size": [128, 128],
	"textures": {
		"0": "custom/item/gun/canon_base",
		"particle": "custom/item/gun/canon_base"
	},
	"elements": [
		{
			"from": [12.42, 15.6, 4.7],
			"to": [15.02, 18.2, 12.955],
			"rotation": {"angle": 22.5, "axis": "x", "origin": [13.72, 16.9, 6]},
			"faces": {
				"north": {"uv": [11.75, 10.375, 12.0625, 10.6875], "texture": "#0"},
				"east": {"uv": [1.25, 10.75, 2.3125, 11.0625], "texture": "#0"},
				"south": {"uv": [10.625, 11.75, 10.9375, 12.0625], "texture": "#0"},
				"west": {"uv": [10.75, 2, 11.8125, 2.3125], "texture": "#0"},
				"up": {"uv": [2.6875, 11.8125, 2.375, 10.75], "texture": "#0"},
				"down": {"uv": [11.0625, 2.375, 10.75, 3.4375], "texture": "#0"}
			}
		},
		{
			"from": [12.42, 15.99, -2.97],
			"to": [15.02, 18.59, 6.65],
			"rotation": {"angle": -45, "axis": "x", "origin": [13.72, 16.9, 6]},
			"faces": {
				"north": {"uv": [11.75, 10.75, 12.0625, 11.0625], "texture": "#0"},
				"east": {"uv": [9.5, 10.375, 10.6875, 10.6875], "texture": "#0"},
				"south": {"uv": [11.75, 11.125, 12.0625, 11.4375], "texture": "#0"},
				"west": {"uv": [0, 10.75, 1.1875, 11.0625], "texture": "#0"},
				"up": {"uv": [9.1875, 10.9375, 8.875, 9.75], "texture": "#0"},
				"down": {"uv": [4.6875, 10.375, 4.375, 11.5625], "texture": "#0"}
			}
		},
		{
			"from": [12.875, 11.765, -3.685],
			"to": [14.825, 14.04, 6.975],
			"rotation": {"angle": -45, "axis": "x", "origin": [13.85, 16.9, 6]},
			"faces": {
				"north": {"uv": [9.25, 11.375, 9.5, 11.6875], "texture": "#0"},
				"east": {"uv": [7.75, 9.375, 9.0625, 9.6875], "texture": "#0"},
				"south": {"uv": [9.625, 11.875, 9.875, 12.1875], "texture": "#0"},
				"west": {"uv": [9.5, 9.25, 10.8125, 9.5625], "texture": "#0"},
				"up": {"uv": [10.125, 12.0625, 9.875, 10.75], "texture": "#0"},
				"down": {"uv": [10.375, 10.75, 10.125, 12.0625], "texture": "#0"}
			}
		},
		{
			"from": [12.745, 9.76447, 1.75528],
			"to": [14.695, 12.03947, 15.73028],
			"rotation": {"angle": 22.5, "axis": "x", "origin": [13.2, 10.90197, 5.65528]},
			"faces": {
				"north": {"uv": [12, 0.5, 12.25, 0.8125], "texture": "#0"},
				"east": {"uv": [8.25, 7.5, 10, 7.8125], "texture": "#0"},
				"south": {"uv": [0.75, 12, 1, 12.3125], "texture": "#0"},
				"west": {"uv": [3.75, 9.25, 5.5, 9.5625], "texture": "#0"},
				"up": {"uv": [5.75, 11, 5.5, 9.25], "texture": "#0"},
				"down": {"uv": [6, 9.25, 5.75, 11], "texture": "#0"}
			}
		},
		{
			"from": [12.42, 7.97685, -2.8247],
			"to": [15.02, 12.00685, -0.2247],
			"rotation": {"angle": 22.5, "axis": "x", "origin": [12.94, 8.62685, -2.8247]},
			"faces": {
				"north": {"uv": [7.625, 11.125, 7.9375, 11.625], "texture": "#0"},
				"east": {"uv": [8, 11.125, 8.3125, 11.625], "texture": "#0"},
				"south": {"uv": [8.375, 11.125, 8.6875, 11.625], "texture": "#0"},
				"west": {"uv": [11.25, 9.25, 11.5625, 9.75], "texture": "#0"},
				"up": {"uv": [12.0625, 11.8125, 11.75, 11.5], "texture": "#0"},
				"down": {"uv": [0.6875, 11.875, 0.375, 12.1875], "texture": "#0"}
			}
		},
		{
			"from": [12.42, 9.17261, 11.9344],
			"to": [15.02, 11.77261, 22.3344],
			"rotation": {"angle": 45, "axis": "x", "origin": [13.07, 12.42261, 16.8094]},
			"faces": {
				"north": {"uv": [1.125, 11.875, 1.4375, 12.1875], "texture": "#0"},
				"east": {"uv": [3.75, 9.625, 5.0625, 9.9375], "texture": "#0"},
				"south": {"uv": [11.875, 1.125, 12.1875, 1.4375], "texture": "#0"},
				"west": {"uv": [9.5, 9.625, 10.8125, 9.9375], "texture": "#0"},
				"up": {"uv": [5.4375, 10.9375, 5.125, 9.625], "texture": "#0"},
				"down": {"uv": [8.0625, 9.75, 7.75, 11.0625], "texture": "#0"}
			}
		},
		{
			"from": [12.55, 9.56947, 9.68528],
			"to": [14.89, 12.23447, 16.12028],
			"rotation": {"angle": 22.5, "axis": "x", "origin": [13.2, 10.90197, 5.65528]},
			"faces": {
				"north": {"uv": [11.875, 1.875, 12.1875, 2.1875], "texture": "#0"},
				"east": {"uv": [10.75, 3.875, 11.5625, 4.1875], "texture": "#0"},
				"south": {"uv": [11.875, 2.25, 12.1875, 2.5625], "texture": "#0"},
				"west": {"uv": [10.75, 4.25, 11.5625, 4.5625], "texture": "#0"},
				"up": {"uv": [11.1875, 10.0625, 10.875, 9.25], "texture": "#0"},
				"down": {"uv": [5.4375, 11, 5.125, 11.8125], "texture": "#0"}
			}
		},
		{
			"from": [12.225, 15.795, 4.31],
			"to": [15.215, 18.785, 7.95],
			"rotation": {"angle": -45, "axis": "x", "origin": [13.72, 16.9, 6]},
			"faces": {
				"north": {"uv": [11.25, 9.75, 11.625, 10.125], "texture": "#0"},
				"east": {"uv": [1.25, 11.125, 1.6875, 11.5], "texture": "#0"},
				"south": {"uv": [11.375, 7.5, 11.75, 7.875], "texture": "#0"},
				"west": {"uv": [11.125, 1.625, 11.5625, 2], "texture": "#0"},
				"up": {"uv": [2.125, 11.5625, 1.75, 11.125], "texture": "#0"},
				"down": {"uv": [11.5, 2.375, 11.125, 2.8125], "texture": "#0"}
			}
		},
		{
			"from": [12.225, 8.97761, 18.4344],
			"to": [15.215, 11.96761, 22.4644],
			"rotation": {"angle": 45, "axis": "x", "origin": [13.07, 12.42261, 16.8094]},
			"faces": {
				"north": {"uv": [11.375, 8.125, 11.75, 8.5], "texture": "#0"},
				"east": {"uv": [11, 8.5, 11.5, 8.875], "texture": "#0"},
				"south": {"uv": [11.375, 10.125, 11.75, 10.5], "texture": "#0"},
				"west": {"uv": [11, 8.875, 11.5, 9.25], "texture": "#0"},
				"up": {"uv": [11.375, 11.5, 11, 11], "texture": "#0"},
				"down": {"uv": [0.375, 11.125, 0, 11.625], "texture": "#0"}
			}
		},
		{
			"from": [12.225, 7.97685, -3.0197],
			"to": [15.215, 10.38185, -0.0297],
			"rotation": {"angle": 22.5, "axis": "x", "origin": [12.94, 8.62685, -2.8247]},
			"faces": {
				"north": {"uv": [3.5, 11.625, 3.875, 11.9375], "texture": "#0"},
				"east": {"uv": [11.625, 3.875, 12, 4.1875], "texture": "#0"},
				"south": {"uv": [4.25, 11.625, 4.625, 11.9375], "texture": "#0"},
				"west": {"uv": [11.625, 4.25, 12, 4.5625], "texture": "#0"},
				"up": {"uv": [11.75, 10.875, 11.375, 10.5], "texture": "#0"},
				"down": {"uv": [11.75, 10.875, 11.375, 11.25], "texture": "#0"}
			}
		},
		{
			"from": [11.77, 7.8, -4.075],
			"to": [15.67, 8.125, 21.275],
			"rotation": {"angle": 0, "axis": "y", "origin": [-1.88, 7.8, -4.4]},
			"faces": {
				"north": {"uv": [11.875, 2.625, 12.375, 2.6875], "texture": "#0"},
				"east": {"uv": [8.25, 7.875, 11.4375, 7.9375], "texture": "#0"},
				"south": {"uv": [11.875, 9.125, 12.375, 9.1875], "texture": "#0"},
				"west": {"uv": [8.25, 8, 11.4375, 8.0625], "texture": "#0"},
				"up": {"uv": [8.25, 8.0625, 7.75, 4.875], "texture": "#0"},
				"down": {"uv": [6.5, 7.75, 6, 10.9375], "texture": "#0"}
			}
		},
		{
			"from": [12.55, 11.44, -4.01],
			"to": [15.15, 14.365, -0.825],
			"rotation": {"angle": -45, "axis": "x", "origin": [13.85, 16.9, 6]},
			"faces": {
				"north": {"uv": [4.625, 11.625, 4.9375, 12], "texture": "#0"},
				"east": {"uv": [11.375, 11.25, 11.75, 11.625], "texture": "#0"},
				"south": {"uv": [7, 11.625, 7.3125, 12], "texture": "#0"},
				"west": {"uv": [0.375, 11.5, 0.75, 11.875], "texture": "#0"},
				"up": {"uv": [7.6875, 12, 7.375, 11.625], "texture": "#0"},
				"down": {"uv": [8.0625, 11.625, 7.75, 12], "texture": "#0"}
			}
		},
		{
			"from": [12.225, 13.19799, 10.65686],
			"to": [15.215, 16.31799, 12.54186],
			"rotation": {"angle": 22.5, "axis": "x", "origin": [13.72, 14.82299, 11.01436]},
			"faces": {
				"north": {"uv": [11.5, 1.125, 11.875, 1.5], "texture": "#0"},
				"east": {"uv": [7.5, 7.75, 7.75, 8.125], "texture": "#0"},
				"south": {"uv": [1.25, 11.5, 1.625, 11.875], "texture": "#0"},
				"west": {"uv": [9.25, 11, 9.5, 11.375], "texture": "#0"},
				"up": {"uv": [3.375, 10.375, 3, 10.125], "texture": "#0"},
				"down": {"uv": [3.75, 10.125, 3.375, 10.375], "texture": "#0"}
			}
		},
		{
			"from": [12.225, 9.80496, 0.36843],
			"to": [15.215, 11.62496, 3.48843],
			"rotation": {"angle": 45, "axis": "x", "origin": [13.72, 13.31496, 1.86343]},
			"faces": {
				"north": {"uv": [11.125, 3.25, 11.5, 3.5], "texture": "#0"},
				"east": {"uv": [11.875, 8.625, 12.25, 8.875], "texture": "#0"},
				"south": {"uv": [8.875, 11.875, 9.25, 12.125], "texture": "#0"},
				"west": {"uv": [11.875, 8.875, 12.25, 9.125], "texture": "#0"},
				"up": {"uv": [11.875, 2.75, 11.5, 2.375], "texture": "#0"},
				"down": {"uv": [3.125, 11.5, 2.75, 11.875], "texture": "#0"}
			}
		},
		{
			"from": [0.98, 15.6, 4.7],
			"to": [3.58, 18.2, 12.955],
			"rotation": {"angle": 22.5, "axis": "x", "origin": [2.28, 16.9, 6]},
			"faces": {
				"north": {"uv": [12.0625, 10.375, 11.75, 10.6875], "texture": "#0"},
				"east": {"uv": [11.8125, 2, 10.75, 2.3125], "texture": "#0"},
				"south": {"uv": [10.9375, 11.75, 10.625, 12.0625], "texture": "#0"},
				"west": {"uv": [2.3125, 10.75, 1.25, 11.0625], "texture": "#0"},
				"up": {"uv": [2.375, 11.8125, 2.6875, 10.75], "texture": "#0"},
				"down": {"uv": [10.75, 2.375, 11.0625, 3.4375], "texture": "#0"}
			}
		},
		{
			"from": [0.98, 15.99, -2.97],
			"to": [3.58, 18.59, 6.65],
			"rotation": {"angle": -45, "axis": "x", "origin": [2.28, 16.9, 6]},
			"faces": {
				"north": {"uv": [12.0625, 10.75, 11.75, 11.0625], "texture": "#0"},
				"east": {"uv": [1.1875, 10.75, 0, 11.0625], "texture": "#0"},
				"south": {"uv": [12.0625, 11.125, 11.75, 11.4375], "texture": "#0"},
				"west": {"uv": [10.6875, 10.375, 9.5, 10.6875], "texture": "#0"},
				"up": {"uv": [8.875, 10.9375, 9.1875, 9.75], "texture": "#0"},
				"down": {"uv": [4.375, 10.375, 4.6875, 11.5625], "texture": "#0"}
			}
		},
		{
			"from": [1.175, 11.765, -3.685],
			"to": [3.125, 14.04, 6.975],
			"rotation": {"angle": -45, "axis": "x", "origin": [2.15, 16.9, 6]},
			"faces": {
				"north": {"uv": [9.5, 11.375, 9.25, 11.6875], "texture": "#0"},
				"east": {"uv": [10.8125, 9.25, 9.5, 9.5625], "texture": "#0"},
				"south": {"uv": [9.875, 11.875, 9.625, 12.1875], "texture": "#0"},
				"west": {"uv": [9.0625, 9.375, 7.75, 9.6875], "texture": "#0"},
				"up": {"uv": [9.875, 12.0625, 10.125, 10.75], "texture": "#0"},
				"down": {"uv": [10.125, 10.75, 10.375, 12.0625], "texture": "#0"}
			}
		},
		{
			"from": [1.305, 9.76447, 1.75528],
			"to": [3.255, 12.03947, 15.73028],
			"rotation": {"angle": 22.5, "axis": "x", "origin": [2.8, 10.90197, 5.65528]},
			"faces": {
				"north": {"uv": [12.25, 0.5, 12, 0.8125], "texture": "#0"},
				"east": {"uv": [5.5, 9.25, 3.75, 9.5625], "texture": "#0"},
				"south": {"uv": [1, 12, 0.75, 12.3125], "texture": "#0"},
				"west": {"uv": [10, 7.5, 8.25, 7.8125], "texture": "#0"},
				"up": {"uv": [5.5, 11, 5.75, 9.25], "texture": "#0"},
				"down": {"uv": [5.75, 9.25, 6, 11], "texture": "#0"}
			}
		},
		{
			"from": [0.98, 7.97685, -2.8247],
			"to": [3.58, 12.00685, -0.2247],
			"rotation": {"angle": 22.5, "axis": "x", "origin": [3.06, 8.62685, -2.8247]},
			"faces": {
				"north": {"uv": [7.9375, 11.125, 7.625, 11.625], "texture": "#0"},
				"east": {"uv": [11.5625, 9.25, 11.25, 9.75], "texture": "#0"},
				"south": {"uv": [8.6875, 11.125, 8.375, 11.625], "texture": "#0"},
				"west": {"uv": [8.3125, 11.125, 8, 11.625], "texture": "#0"},
				"up": {"uv": [11.75, 11.8125, 12.0625, 11.5], "texture": "#0"},
				"down": {"uv": [0.375, 11.875, 0.6875, 12.1875], "texture": "#0"}
			}
		},
		{
			"from": [0.98, 9.17261, 11.9344],
			"to": [3.58, 11.77261, 22.3344],
			"rotation": {"angle": 45, "axis": "x", "origin": [2.93, 12.42261, 16.8094]},
			"faces": {
				"north": {"uv": [1.4375, 11.875, 1.125, 12.1875], "texture": "#0"},
				"east": {"uv": [10.8125, 9.625, 9.5, 9.9375], "texture": "#0"},
				"south": {"uv": [12.1875, 1.125, 11.875, 1.4375], "texture": "#0"},
				"west": {"uv": [5.0625, 9.625, 3.75, 9.9375], "texture": "#0"},
				"up": {"uv": [5.125, 10.9375, 5.4375, 9.625], "texture": "#0"},
				"down": {"uv": [7.75, 9.75, 8.0625, 11.0625], "texture": "#0"}
			}
		},
		{
			"from": [1.11, 9.56947, 9.68528],
			"to": [3.45, 12.23447, 16.12028],
			"rotation": {"angle": 22.5, "axis": "x", "origin": [2.8, 10.90197, 5.65528]},
			"faces": {
				"north": {"uv": [12.1875, 1.875, 11.875, 2.1875], "texture": "#0"},
				"east": {"uv": [11.5625, 4.25, 10.75, 4.5625], "texture": "#0"},
				"south": {"uv": [12.1875, 2.25, 11.875, 2.5625], "texture": "#0"},
				"west": {"uv": [11.5625, 3.875, 10.75, 4.1875], "texture": "#0"},
				"up": {"uv": [10.875, 10.0625, 11.1875, 9.25], "texture": "#0"},
				"down": {"uv": [5.125, 11, 5.4375, 11.8125], "texture": "#0"}
			}
		},
		{
			"from": [0.785, 15.795, 4.31],
			"to": [3.775, 18.785, 7.95],
			"rotation": {"angle": -45, "axis": "x", "origin": [2.28, 16.9, 6]},
			"faces": {
				"north": {"uv": [11.625, 9.75, 11.25, 10.125], "texture": "#0"},
				"east": {"uv": [11.5625, 1.625, 11.125, 2], "texture": "#0"},
				"south": {"uv": [11.75, 7.5, 11.375, 7.875], "texture": "#0"},
				"west": {"uv": [1.6875, 11.125, 1.25, 11.5], "texture": "#0"},
				"up": {"uv": [1.75, 11.5625, 2.125, 11.125], "texture": "#0"},
				"down": {"uv": [11.125, 2.375, 11.5, 2.8125], "texture": "#0"}
			}
		},
		{
			"from": [0.785, 8.97761, 18.4344],
			"to": [3.775, 11.96761, 22.4644],
			"rotation": {"angle": 45, "axis": "x", "origin": [2.93, 12.42261, 16.8094]},
			"faces": {
				"north": {"uv": [11.75, 8.125, 11.375, 8.5], "texture": "#0"},
				"east": {"uv": [11.5, 8.875, 11, 9.25], "texture": "#0"},
				"south": {"uv": [11.75, 10.125, 11.375, 10.5], "texture": "#0"},
				"west": {"uv": [11.5, 8.5, 11, 8.875], "texture": "#0"},
				"up": {"uv": [11, 11.5, 11.375, 11], "texture": "#0"},
				"down": {"uv": [0, 11.125, 0.375, 11.625], "texture": "#0"}
			}
		},
		{
			"from": [0.785, 7.97685, -3.0197],
			"to": [3.775, 10.38185, -0.0297],
			"rotation": {"angle": 22.5, "axis": "x", "origin": [3.06, 8.62685, -2.8247]},
			"faces": {
				"north": {"uv": [3.875, 11.625, 3.5, 11.9375], "texture": "#0"},
				"east": {"uv": [12, 4.25, 11.625, 4.5625], "texture": "#0"},
				"south": {"uv": [4.625, 11.625, 4.25, 11.9375], "texture": "#0"},
				"west": {"uv": [12, 3.875, 11.625, 4.1875], "texture": "#0"},
				"up": {"uv": [11.375, 10.875, 11.75, 10.5], "texture": "#0"},
				"down": {"uv": [11.375, 10.875, 11.75, 11.25], "texture": "#0"}
			}
		},
		{
			"from": [0.33, 7.8, -4.075],
			"to": [4.23, 8.125, 21.275],
			"rotation": {"angle": 0, "axis": "y", "origin": [17.88, 7.8, -4.4]},
			"faces": {
				"north": {"uv": [12.375, 2.625, 11.875, 2.6875], "texture": "#0"},
				"east": {"uv": [11.4375, 8, 8.25, 8.0625], "texture": "#0"},
				"south": {"uv": [12.375, 9.125, 11.875, 9.1875], "texture": "#0"},
				"west": {"uv": [11.4375, 7.875, 8.25, 7.9375], "texture": "#0"},
				"up": {"uv": [7.75, 8.0625, 8.25, 4.875], "texture": "#0"},
				"down": {"uv": [6, 7.75, 6.5, 10.9375], "texture": "#0"}
			}
		},
		{
			"from": [0.85, 11.44, -4.01],
			"to": [3.45, 14.365, -0.825],
			"rotation": {"angle": -45, "axis": "x", "origin": [2.15, 16.9, 6]},
			"faces": {
				"north": {"uv": [4.9375, 11.625, 4.625, 12], "texture": "#0"},
				"east": {"uv": [0.75, 11.5, 0.375, 11.875], "texture": "#0"},
				"south": {"uv": [7.3125, 11.625, 7, 12], "texture": "#0"},
				"west": {"uv": [11.75, 11.25, 11.375, 11.625], "texture": "#0"},
				"up": {"uv": [7.375, 12, 7.6875, 11.625], "texture": "#0"},
				"down": {"uv": [7.75, 11.625, 8.0625, 12], "texture": "#0"}
			}
		},
		{
			"from": [0.785, 13.19799, 10.65686],
			"to": [3.775, 16.31799, 12.54186],
			"rotation": {"angle": 22.5, "axis": "x", "origin": [2.28, 14.82299, 11.01436]},
			"faces": {
				"north": {"uv": [11.875, 1.125, 11.5, 1.5], "texture": "#0"},
				"east": {"uv": [9.5, 11, 9.25, 11.375], "texture": "#0"},
				"south": {"uv": [1.625, 11.5, 1.25, 11.875], "texture": "#0"},
				"west": {"uv": [7.75, 7.75, 7.5, 8.125], "texture": "#0"},
				"up": {"uv": [3, 10.375, 3.375, 10.125], "texture": "#0"},
				"down": {"uv": [3.375, 10.125, 3.75, 10.375], "texture": "#0"}
			}
		},
		{
			"from": [0.785, 9.80496, 0.36843],
			"to": [3.775, 11.62496, 3.48843],
			"rotation": {"angle": 45, "axis": "x", "origin": [2.28, 13.31496, 1.86343]},
			"faces": {
				"north": {"uv": [11.5, 3.25, 11.125, 3.5], "texture": "#0"},
				"east": {"uv": [12.25, 8.875, 11.875, 9.125], "texture": "#0"},
				"south": {"uv": [9.25, 11.875, 8.875, 12.125], "texture": "#0"},
				"west": {"uv": [12.25, 8.625, 11.875, 8.875], "texture": "#0"},
				"up": {"uv": [11.5, 2.75, 11.875, 2.375], "texture": "#0"},
				"down": {"uv": [2.75, 11.5, 3.125, 11.875], "texture": "#0"}
			}
		},
		{
			"from": [-7.3, 4.95, -7],
			"to": [23.3, 7.8, 23.5],
			"rotation": {"angle": 0, "axis": "y", "origin": [17.4, 7.8, -4.4]},
			"faces": {
				"north": {"uv": [11.375, 8.125, 7.5, 8.4375], "texture": "#0"},
				"east": {"uv": [12.1, 5.625, 8.25, 5.9375], "texture": "#0"},
				"south": {"uv": [12.125, 5.25, 8.25, 5.5625], "texture": "#0"},
				"west": {"uv": [12.125, 4.875, 8.25, 5.1875], "texture": "#0"},
				"up": {"uv": [0, 3.875, 3.875, 0], "texture": "#0"},
				"down": {"uv": [0, 3.875, 3.875, 7.75], "texture": "#0"}
			}
		},
		{
			"from": [-7.10503, 4.951, -7.6],
			"to": [23.39497, 7.791, 22.9],
			"rotation": {"angle": 45, "axis": "y", "origin": [8.49497, 6.496, 8]},
			"faces": {
				"north": {"uv": [8.25, 6, 12.125, 6.3125], "texture": "#0"},
				"east": {"uv": [8.25, 6.375, 12.125, 6.6875], "texture": "#0"},
				"south": {"uv": [8.25, 6.75, 12.125, 7.0625], "texture": "#0"},
				"west": {"uv": [8.25, 7.125, 12.125, 7.4375], "texture": "#0"},
				"up": {"uv": [7.75, 3.875, 3.875, 0], "texture": "#0"},
				"down": {"uv": [7.75, 3.875, 3.875, 7.75], "texture": "#0"}
			}
		},
		{
			"from": [-3.4, 1, -3.1],
			"to": [19.4, 4.95, 20.3],
			"rotation": {"angle": 0, "axis": "y", "origin": [-2.5, 7.8, -4.4]},
			"faces": {
				"north": {"uv": [2.9375, 7.75, 6, 8.375], "texture": "#0"},
				"east": {"uv": [7.75, 3, 10.6875, 3.625], "texture": "#0"},
				"south": {"uv": [7.75, 3.625, 10.6875, 4.25], "texture": "#0"},
				"west": {"uv": [7.75, 4.25, 10.6875, 4.875], "texture": "#0"},
				"up": {"uv": [3, 10.6875, 0, 7.75], "texture": "#0"},
				"down": {"uv": [16, 0, 12.9375, 2.9375], "texture": "#0"}
			}
		},
		{
			"from": [11.02, 1, -7],
			"to": [11.02, 7.8, 0.4],
			"rotation": {"angle": 0, "axis": "y", "origin": [-2.4, 7.8, -4.4]},
			"faces": {
				"north": {"uv": [0, 0, 0, 0.875], "texture": "#0"},
				"east": {"uv": [3, 8.375, 3.9375, 9.25], "texture": "#0"},
				"south": {"uv": [0, 0, 0, 0.875], "texture": "#0"},
				"west": {"uv": [4, 8.375, 4.9375, 9.1875], "texture": "#0"},
				"up": {"uv": [0, 0.9375, 0, 0], "texture": "#0"},
				"down": {"uv": [0, 0, 0, 0.9375], "texture": "#0"}
			}
		},
		{
			"from": [4.98, 1, -7],
			"to": [4.98, 7.8, 0.7],
			"rotation": {"angle": 0, "axis": "y", "origin": [-2.4, 7.8, -4.4]},
			"faces": {
				"north": {"uv": [0, 0, 0, 0.875], "texture": "#0"},
				"east": {"uv": [4.9375, 8.375, 5.9375, 9.1875], "texture": "#0"},
				"south": {"uv": [0, 0, 0, 0.875], "texture": "#0"},
				"west": {"uv": [7.5, 8.5, 8.4375, 9.375], "texture": "#0"},
				"up": {"uv": [0, 0.9375, 0, 0], "texture": "#0"},
				"down": {"uv": [0, 0, 0, 0.9375], "texture": "#0"}
			}
		},
		{
			"from": [4.875, 1, 0.425],
			"to": [11.075, 7.8, 0.425],
			"rotation": {"angle": 0, "axis": "y", "origin": [4.85, 4.4, -3.275]},
			"faces": {
				"north": {"uv": [8.5, 8.5, 9.25, 9.375], "texture": "#0"},
				"east": {"uv": [0, 0, 0, 0.875], "texture": "#0"},
				"south": {"uv": [3, 9.25, 3.75, 10.125], "texture": "#0"},
				"west": {"uv": [0, 0, 0, 0.875], "texture": "#0"},
				"up": {"uv": [0.75, 0, 0, 0], "texture": "#0"},
				"down": {"uv": [0.75, 0, 0, 0], "texture": "#0"}
			}
		}
	],
	"display": {
		"thirdperson_righthand": {
			"rotation": [90, 0, 0],
			"translation": [-6, -6, -2],
			"scale": [2.1, 2.1, 2.1]
		},
		"head": {
			"translation": [0, -11.75, -1.25],
			"scale": [2, 2, 2]
		}
	},
	"groups": [
		{
			"name": "group",
			"origin": [-2.4, 0, 0],
			"color": 0,
			"nbt": "{}",
			"children": [
				{
					"name": "group",
					"origin": [-2.4, 0, 0],
					"color": 0,
					"nbt": "{}",
					"children": [
						0,
						1,
						2,
						3,
						4,
						5,
						{
							"name": "group",
							"origin": [9.1, 3.55585, 16.31492],
							"color": 0,
							"nbt": "{}",
							"children": [6, 7, 8, 9, 10, 11, 12, 13]
						}
					]
				},
				{
					"name": "group",
					"origin": [-2.4, 0, 0],
					"color": 0,
					"nbt": "{}",
					"children": [
						14,
						15,
						16,
						17,
						18,
						19,
						{
							"name": "group",
							"origin": [9.1, 3.55585, 16.31492],
							"color": 0,
							"nbt": "{}",
							"children": [20, 21, 22, 23, 24, 25, 26, 27]
						}
					]
				},
				28,
				29,
				30,
				31,
				32,
				33
			]
		}
	]
}