{
    "function": "minecraft:set_components",
    "components": {
        "trim": {"material":"minecraft:armor","pattern":"minecraft:armored"},
        "item_name":"[{\"translate\":\"aot.ability.hardening.hardened\"},\" \",{\"translate\":\"item.minecraft.diamond_helmet\"}]",
        "rarity":"rare",
        "max_damage":463,
        "custom_model_data": 1,
        "minecraft:attribute_modifiers": {
            "modifiers": [
                {
                    "type": "minecraft:generic.armor",
                    "id": "snc.helmet.armor",
                    "amount": 3,
                    "operation": "add_value",
                    "slot": "head"
                },{
                    "type":"generic.armor_toughness",
                    "id": "snc.helmet.armor_toughness",
                    "amount":3,
                    "operation":"add_value",
                    "slot":"head"
                },{
                    "type":"generic.knockback_resistance",
                    "id": "snc.helmet.knockback_resistance",
                    "amount":0.1,
                    "operation":"add_value",
                    "slot":"head"
                },{
                    "type":"generic.scale",
                    "id": "snc.helmet.scale",
                    "amount":0.035,
                    "operation":"add_multiplied_total",
                    "slot":"head"
                },{
                    "type":"generic.attack_damage",
                    "id": "snc.helmet.attack_damage",
                    "amount":-0.02,
                    "operation":"add_multiplied_total",
                    "slot":"head"
                },{
                    "type":"generic.movement_speed",
                    "id": "snc.helmet.movement_speed",
                    "amount":-0.015,
                    "operation":"add_multiplied_total",
                    "slot":"head"
                }
            ]
          }
    }
}