{
  "elements": [
    {
      "element": {
        "element_type": "minecraft:legacy_single_pool_element",
        "location": "minecraft:village/plains/streets/joint_l",
        "processors": "minecraft:street_plains",
        "projection": "terrain_matching"
      },
      "weight": 1
    },
    {
      "element": {
        "element_type": "minecraft:legacy_single_pool_element",
        "location": "minecraft:village/plains/streets/straight",
        "processors": "minecraft:street_plains",
        "projection": "terrain_matching"
      },
      "weight": 2
    },
    {
      "element": {
        "element_type": "minecraft:legacy_single_pool_element",
        "location": "minecraft:village/plains/streets/joint_t",
        "processors": "minecraft:street_plains",
        "projection": "terrain_matching"
      },
      "weight": 3
    },
    {
      "element": {
        "element_type": "minecraft:legacy_single_pool_element",
        "location": "minecraft:village/plains/streets/joint_x",
        "processors": "minecraft:street_plains",
        "projection": "terrain_matching"
      },
      "weight": 1
    }
  ],
  "fallback": "minecraft:village/plains/terminators"
}