{
  "criteria": {
    "requirement": {
      "trigger": "minecraft:using_item",
      "conditions": {
        "item": {
          "components": {
            "minecraft:food": {
              "nutrition": 0,
              "saturation": 0,
              "can_always_eat": true,
              "eat_seconds": 1000000000
            }
          },
          "predicates": {
            "minecraft:custom_data": "{snc.harvest:1b}"
          }
        }
      }
    }
  },
  "rewards": {
    "function": "snc:shifters/utility/harvest/main"
  }
}
  