{"texture_size":[64,64],"textures":{"0":"custom/odm/cape","particle":"custom/odm/cape"},"elements":[{"from":[3,14.75,2.5625],"to":[3.5,20.125,3.0625],"rotation":{"angle":0,"axis":"y","origin":[7.5,19,2.25]},"faces":{"north":{"uv":[2.5,8.5,2.75,9.75],"texture":"#0"},"east":{"uv":[0,9,0.25,10.25],"texture":"#0"},"south":{"uv":[0.25,9,0.5,10.25],"texture":"#0"},"west":{"uv":[0.5,9,0.75,10.25],"texture":"#0"},"up":{"uv":[10,7.75,9.75,7.5],"texture":"#0"},"down":{"uv":[2.75,10,2.5,10.25],"texture":"#0"}}},{"from":[3.5,16.25,2.5625],"to":[5,20.3125,3.0625],"rotation":{"angle":0,"axis":"y","origin":[7.5,19,2.25]},"faces":{"north":{"uv":[7.5,0.25,8,1.25],"texture":"#0"},"east":{"uv":[7.5,9,7.75,10],"texture":"#0"},"south":{"uv":[7.5,1.25,8,2.25],"texture":"#0"},"west":{"uv":[7.75,9,8,10],"texture":"#0"},"up":{"uv":[10.25,2.25,9.75,2],"texture":"#0"},"down":{"uv":[10.25,2.25,9.75,2.5],"texture":"#0"}}},{"from":[5,17.75,2.5625],"to":[6.75,20.375,3.0625],"rotation":{"angle":0,"axis":"y","origin":[7.5,19,2.25]},"faces":{"north":{"uv":[1.75,7.75,2.25,8.5],"texture":"#0"},"east":{"uv":[9.25,6.25,9.5,7],"texture":"#0"},"south":{"uv":[7.5,7.75,8,8.5],"texture":"#0"},"west":{"uv":[9.25,7,9.5,7.75],"texture":"#0"},"up":{"uv":[3,10,2.5,9.75],"texture":"#0"},"down":{"uv":[10.25,2.5,9.75,2.75],"texture":"#0"}}},{"from":[2.81565,10.99077,3.0625],"to":[3.37815,20.30327,12.9375],"rotation":{"angle":0,"axis":"y","origin":[1.69065,15.36577,5.6875]},"faces":{"north":{"uv":[3.75,7.25,4,9.5],"texture":"#0"},"east":{"uv":[0,2.75,2.5,5],"texture":"#0"},"south":{"uv":[4,7.25,4.25,9.5],"texture":"#0"},"west":{"uv":[2.5,2.75,5,5],"texture":"#0"},"up":{"uv":[3,9.75,2.75,7.25],"texture":"#0"},"down":{"uv":[3.25,7.25,3,9.75],"texture":"#0"}}},{"from":[0.75,18.5,2],"to":[7.5,19,2.5],"rotation":{"angle":45,"axis":"z","origin":[7.5,18.5,3]},"faces":{"north":{"uv":[7.5,4.25,9.25,4.5],"texture":"#0"},"east":{"uv":[2.75,10,3,10.25],"texture":"#0"},"south":{"uv":[7.5,6.25,9.25,6.5],"texture":"#0"},"west":{"uv":[10,3.25,10.25,3.5],"texture":"#0"},"up":{"uv":[9.25,6.75,7.5,6.5],"texture":"#0"},"down":{"uv":[9.25,6.75,7.5,7],"texture":"#0"}}},{"from":[1.5,19,2.5],"to":[7.75,19.5,3.125],"rotation":{"angle":45,"axis":"z","origin":[7.5,18.5,3]},"faces":{"north":{"uv":[0,8,1.5,8.25],"texture":"#0"},"east":{"uv":[10,3.5,10.25,3.75],"texture":"#0"},"south":{"uv":[8,0.25,9.5,0.5],"texture":"#0"},"west":{"uv":[10,3.75,10.25,4],"texture":"#0"},"up":{"uv":[9.5,0.75,8,0.5],"texture":"#0"},"down":{"uv":[9.5,0.75,8,1],"texture":"#0"}}},{"from":[2.25,19.5,2.5],"to":[8.25,20,3.125],"rotation":{"angle":45,"axis":"z","origin":[7.5,18.5,3]},"faces":{"north":{"uv":[8,1,9.5,1.25],"texture":"#0"},"east":{"uv":[10,4,10.25,4.25],"texture":"#0"},"south":{"uv":[8,1.25,9.5,1.5],"texture":"#0"},"west":{"uv":[4.25,10,4.5,10.25],"texture":"#0"},"up":{"uv":[9.5,1.75,8,1.5],"texture":"#0"},"down":{"uv":[9.5,1.75,8,2],"texture":"#0"}}},{"from":[2.37348,13.37348,2],"to":[5.37348,13.87348,2.5],"rotation":{"angle":-45,"axis":"z","origin":[2.37348,13.37348,2.25]},"faces":{"north":{"uv":[9.25,4.25,10,4.5],"texture":"#0"},"east":{"uv":[10,4.25,10.25,4.5],"texture":"#0"},"south":{"uv":[8.5,9.25,9.25,9.5],"texture":"#0"},"west":{"uv":[4.5,10,4.75,10.25],"texture":"#0"},"up":{"uv":[10,9.5,9.25,9.25],"texture":"#0"},"down":{"uv":[10.25,0.25,9.5,0.5],"texture":"#0"}}},{"from":[2.37348,14.87348,2.5],"to":[7.87348,15.37348,3],"rotation":{"angle":-45,"axis":"z","origin":[2.37348,13.37348,2.75]},"faces":{"north":{"uv":[8,2,9.5,2.25],"texture":"#0"},"east":{"uv":[10,4.5,10.25,4.75],"texture":"#0"},"south":{"uv":[8,2.25,9.5,2.5],"texture":"#0"},"west":{"uv":[4.75,10,5,10.25],"texture":"#0"},"up":{"uv":[9.5,2.75,8,2.5],"texture":"#0"},"down":{"uv":[9.5,2.75,8,3],"texture":"#0"}}},{"from":[2.37348,13.87348,2.5],"to":[5.62348,14.87348,3],"rotation":{"angle":-45,"axis":"z","origin":[2.37348,13.37348,2.75]},"faces":{"north":{"uv":[9.5,0.5,10.25,0.75],"texture":"#0"},"east":{"uv":[5,10,5.25,10.25],"texture":"#0"},"south":{"uv":[9.5,0.75,10.25,1],"texture":"#0"},"west":{"uv":[5.25,10,5.5,10.25],"texture":"#0"},"up":{"uv":[10.25,1.25,9.5,1],"texture":"#0"},"down":{"uv":[10.25,1.25,9.5,1.5],"texture":"#0"}}},{"from":[5.62348,13.31098,2.5],"to":[6.24848,14.87348,3],"rotation":{"angle":-45,"axis":"z","origin":[2.37348,13.37348,2.75]},"faces":{"north":{"uv":[1.5,8,1.75,8.5],"texture":"#0"},"east":{"uv":[3,9.75,3.25,10.25],"texture":"#0"},"south":{"uv":[3.25,9.75,3.5,10.25],"texture":"#0"},"west":{"uv":[3.5,9.75,3.75,10.25],"texture":"#0"},"up":{"uv":[10.25,5.5,10,5.25],"texture":"#0"},"down":{"uv":[5.75,10,5.5,10.25],"texture":"#0"}}},{"from":[6.24848,13.81098,2.5],"to":[6.74848,14.87348,3],"rotation":{"angle":-45,"axis":"z","origin":[2.37348,13.37348,2.75]},"faces":{"north":{"uv":[10,5.5,10.25,5.75],"texture":"#0"},"east":{"uv":[10,5.75,10.25,6],"texture":"#0"},"south":{"uv":[10,6,10.25,6.25],"texture":"#0"},"west":{"uv":[6.25,10,6.5,10.25],"texture":"#0"},"up":{"uv":[6.75,10.25,6.5,10],"texture":"#0"},"down":{"uv":[7,10,6.75,10.25],"texture":"#0"}}},{"from":[6.74848,14.31098,2.5],"to":[7.24848,14.87348,3],"rotation":{"angle":-45,"axis":"z","origin":[2.37348,13.37348,2.75]},"faces":{"north":{"uv":[7,10,7.25,10.25],"texture":"#0"},"east":{"uv":[10,7,10.25,7.25],"texture":"#0"},"south":{"uv":[10,7.25,10.25,7.5],"texture":"#0"},"west":{"uv":[7.5,10,7.75,10.25],"texture":"#0"},"up":{"uv":[10.25,7.75,10,7.5],"texture":"#0"},"down":{"uv":[8,10,7.75,10.25],"texture":"#0"}}},{"from":[3.24112,10.54505,3.0625],"to":[12.74112,11.04505,13],"rotation":{"angle":0,"axis":"y","origin":[6.61612,10.54505,2.75]},"faces":{"north":{"uv":[7.25,4.75,9.75,5],"texture":"#0"},"east":{"uv":[0,7.25,2.75,7.5],"texture":"#0"},"south":{"uv":[7.25,5,9.75,5.25],"texture":"#0"},"west":{"uv":[7.25,4.5,10,4.75],"texture":"#0"},"up":{"uv":[2.5,2.75,0,0],"texture":"#0"},"down":{"uv":[5,0,2.5,2.75],"texture":"#0"}}},{"from":[3.24112,11.04505,2.8125],"to":[4.99112,13.54505,3.4375],"rotation":{"angle":0,"axis":"y","origin":[6.61612,10.54505,2.75]},"faces":{"north":{"uv":[8,7.75,8.5,8.5],"texture":"#0"},"east":{"uv":[1.5,9.5,1.75,10.25],"texture":"#0"},"south":{"uv":[0,8.25,0.5,9],"texture":"#0"},"west":{"uv":[9.5,1.5,9.75,2.25],"texture":"#0"},"up":{"uv":[10.25,3,9.75,2.75],"texture":"#0"},"down":{"uv":[4.75,9.75,4.25,10],"texture":"#0"}}},{"from":[3.24112,13.54505,2.8125],"to":[3.99112,16.04505,3.4375],"rotation":{"angle":0,"axis":"y","origin":[6.61612,10.54505,2.75]},"faces":{"north":{"uv":[1.75,9.5,2,10.25],"texture":"#0"},"east":{"uv":[2,9.5,2.25,10.25],"texture":"#0"},"south":{"uv":[2.25,9.5,2.5,10.25],"texture":"#0"},"west":{"uv":[9.5,2.25,9.75,3],"texture":"#0"},"up":{"uv":[10.25,8,10,7.75],"texture":"#0"},"down":{"uv":[8.25,10,8,10.25],"texture":"#0"}}},{"from":[12.5,14.75,2.5625],"to":[13,20.125,3.0625],"rotation":{"angle":0,"axis":"y","origin":[8.5,19,2.25]},"faces":{"north":{"uv":[0.75,9,1,10.25],"texture":"#0"},"east":{"uv":[1,9,1.25,10.25],"texture":"#0"},"south":{"uv":[1.25,9,1.5,10.25],"texture":"#0"},"west":{"uv":[7.25,9,7.5,10.25],"texture":"#0"},"up":{"uv":[10.25,8.25,10,8],"texture":"#0"},"down":{"uv":[8.5,10,8.25,10.25],"texture":"#0"}}},{"from":[11,16.25,2.5625],"to":[12.5,20.3125,3.0625],"rotation":{"angle":0,"axis":"y","origin":[8.5,19,2.25]},"faces":{"north":{"uv":[2.25,7.5,2.75,8.5],"texture":"#0"},"east":{"uv":[8,9,8.25,10],"texture":"#0"},"south":{"uv":[7.5,2.25,8,3.25],"texture":"#0"},"west":{"uv":[8.25,9,8.5,10],"texture":"#0"},"up":{"uv":[5.25,10,4.75,9.75],"texture":"#0"},"down":{"uv":[10.25,4.75,9.75,5],"texture":"#0"}}},{"from":[9.25,17.75,2.5625],"to":[11,20.375,3.0625],"rotation":{"angle":0,"axis":"y","origin":[8.5,19,2.25]},"faces":{"north":{"uv":[0.5,8.25,1,9],"texture":"#0"},"east":{"uv":[3.75,9.5,4,10.25],"texture":"#0"},"south":{"uv":[1,8.25,1.5,9],"texture":"#0"},"west":{"uv":[4,9.5,4.25,10.25],"texture":"#0"},"up":{"uv":[10.25,5.25,9.75,5],"texture":"#0"},"down":{"uv":[5.75,9.75,5.25,10],"texture":"#0"}}},{"from":[12.62185,10.99077,3.0625],"to":[13.18435,20.30327,12.9375],"rotation":{"angle":0,"axis":"y","origin":[14.30935,15.36577,5.6875]},"faces":{"north":{"uv":[4.25,7.25,4.5,9.5],"texture":"#0"},"east":{"uv":[0,5,2.5,7.25],"texture":"#0"},"south":{"uv":[4.5,7.25,4.75,9.5],"texture":"#0"},"west":{"uv":[5,0,7.5,2.25],"texture":"#0"},"up":{"uv":[3.5,9.75,3.25,7.25],"texture":"#0"},"down":{"uv":[3.75,7.25,3.5,9.75],"texture":"#0"}}},{"from":[8.5,18.5,2],"to":[15.25,19,2.5],"rotation":{"angle":-45,"axis":"z","origin":[8.5,18.5,3]},"faces":{"north":{"uv":[7.5,7,9.25,7.25],"texture":"#0"},"east":{"uv":[10,8.25,10.25,8.5],"texture":"#0"},"south":{"uv":[7.5,7.25,9.25,7.5],"texture":"#0"},"west":{"uv":[10,9.25,10.25,9.5],"texture":"#0"},"up":{"uv":[9.25,7.75,7.5,7.5],"texture":"#0"},"down":{"uv":[1.75,7.75,0,8],"texture":"#0"}}},{"from":[8.25,19,2.5],"to":[14.5,19.5,3.125],"rotation":{"angle":-45,"axis":"z","origin":[8.5,18.5,3]},"faces":{"north":{"uv":[8,3,9.5,3.25],"texture":"#0"},"east":{"uv":[10,9.5,10.25,9.75],"texture":"#0"},"south":{"uv":[8.5,3.25,10,3.5],"texture":"#0"},"west":{"uv":[9.75,10,10,10.25],"texture":"#0"},"up":{"uv":[10,3.75,8.5,3.5],"texture":"#0"},"down":{"uv":[10,3.75,8.5,4],"texture":"#0"}}},{"from":[7.75,19.5,2.5],"to":[13.75,20,3.125],"rotation":{"angle":-45,"axis":"z","origin":[8.5,18.5,3]},"faces":{"north":{"uv":[8.5,4,10,4.25],"texture":"#0"},"east":{"uv":[10,9.75,10.25,10],"texture":"#0"},"south":{"uv":[7.25,8.5,8.75,8.75],"texture":"#0"},"west":{"uv":[10,10,10.25,10.25],"texture":"#0"},"up":{"uv":[10,8,8.5,7.75],"texture":"#0"},"down":{"uv":[10,8,8.5,8.25],"texture":"#0"}}},{"from":[10.62652,13.37348,2],"to":[13.62652,13.87348,2.5],"rotation":{"angle":45,"axis":"z","origin":[13.62652,13.37348,2.25]},"faces":{"north":{"uv":[9.5,3,10.25,3.25],"texture":"#0"},"east":{"uv":[0,10.25,0.25,10.5],"texture":"#0"},"south":{"uv":[4.25,9.5,5,9.75],"texture":"#0"},"west":{"uv":[0.25,10.25,0.5,10.5],"texture":"#0"},"up":{"uv":[5.75,9.75,5,9.5],"texture":"#0"},"down":{"uv":[6.5,9.5,5.75,9.75],"texture":"#0"}}},{"from":[8.12652,14.87348,2.5],"to":[13.62652,15.37348,3],"rotation":{"angle":45,"axis":"z","origin":[13.62652,13.37348,2.75]},"faces":{"north":{"uv":[8.5,8.25,10,8.5],"texture":"#0"},"east":{"uv":[10.25,0.25,10.5,0.5],"texture":"#0"},"south":{"uv":[7.25,8.75,8.75,9],"texture":"#0"},"west":{"uv":[0.5,10.25,0.75,10.5],"texture":"#0"},"up":{"uv":[10.25,8.75,8.75,8.5],"texture":"#0"},"down":{"uv":[10.25,8.75,8.75,9],"texture":"#0"}}},{"from":[10.37652,13.87348,2.5],"to":[13.62652,14.87348,3],"rotation":{"angle":45,"axis":"z","origin":[13.62652,13.37348,2.75]},"faces":{"north":{"uv":[9.5,6.25,10.25,6.5],"texture":"#0"},"east":{"uv":[10.25,0.5,10.5,0.75],"texture":"#0"},"south":{"uv":[6.5,9.5,7.25,9.75],"texture":"#0"},"west":{"uv":[0.75,10.25,1,10.5],"texture":"#0"},"up":{"uv":[10.25,6.75,9.5,6.5],"texture":"#0"},"down":{"uv":[10.25,6.75,9.5,7],"texture":"#0"}}},{"from":[9.75152,13.31098,2.5],"to":[10.37652,14.87348,3],"rotation":{"angle":45,"axis":"z","origin":[13.62652,13.37348,2.75]},"faces":{"north":{"uv":[9.75,5.25,10,5.75],"texture":"#0"},"east":{"uv":[5.75,9.75,6,10.25],"texture":"#0"},"south":{"uv":[9.75,5.75,10,6.25],"texture":"#0"},"west":{"uv":[6,9.75,6.25,10.25],"texture":"#0"},"up":{"uv":[10.5,1,10.25,0.75],"texture":"#0"},"down":{"uv":[1.25,10.25,1,10.5],"texture":"#0"}}},{"from":[9.25152,13.81098,2.5],"to":[9.75152,14.87348,3],"rotation":{"angle":45,"axis":"z","origin":[13.62652,13.37348,2.75]},"faces":{"north":{"uv":[10.25,1,10.5,1.25],"texture":"#0"},"east":{"uv":[1.25,10.25,1.5,10.5],"texture":"#0"},"south":{"uv":[10.25,1.25,10.5,1.5],"texture":"#0"},"west":{"uv":[1.5,10.25,1.75,10.5],"texture":"#0"},"up":{"uv":[2,10.5,1.75,10.25],"texture":"#0"},"down":{"uv":[2.25,10.25,2,10.5],"texture":"#0"}}},{"from":[8.75152,14.31098,2.5],"to":[9.25152,14.87348,3],"rotation":{"angle":45,"axis":"z","origin":[13.62652,13.37348,2.75]},"faces":{"north":{"uv":[10.25,2,10.5,2.25],"texture":"#0"},"east":{"uv":[2.25,10.25,2.5,10.5],"texture":"#0"},"south":{"uv":[10.25,2.25,10.5,2.5],"texture":"#0"},"west":{"uv":[2.5,10.25,2.75,10.5],"texture":"#0"},"up":{"uv":[10.5,2.75,10.25,2.5],"texture":"#0"},"down":{"uv":[3,10.25,2.75,10.5],"texture":"#0"}}},{"from":[11.00888,11.04505,2.8125],"to":[12.75888,13.54505,3.4375],"rotation":{"angle":0,"axis":"y","origin":[9.38388,10.54505,2.75]},"faces":{"north":{"uv":[1.5,8.5,2,9.25],"texture":"#0"},"east":{"uv":[9.5,7,9.75,7.75],"texture":"#0"},"south":{"uv":[2,8.5,2.5,9.25],"texture":"#0"},"west":{"uv":[8.5,9.5,8.75,10.25],"texture":"#0"},"up":{"uv":[6.75,10,6.25,9.75],"texture":"#0"},"down":{"uv":[7.25,9.75,6.75,10],"texture":"#0"}}},{"from":[12.00888,13.54505,2.8125],"to":[12.75888,16.04505,3.4375],"rotation":{"angle":0,"axis":"y","origin":[9.38388,10.54505,2.75]},"faces":{"north":{"uv":[8.75,9.5,9,10.25],"texture":"#0"},"east":{"uv":[9,9.5,9.25,10.25],"texture":"#0"},"south":{"uv":[9.25,9.5,9.5,10.25],"texture":"#0"},"west":{"uv":[9.5,9.5,9.75,10.25],"texture":"#0"},"up":{"uv":[10.5,3,10.25,2.75],"texture":"#0"},"down":{"uv":[3.25,10.25,3,10.5],"texture":"#0"}}},{"from":[6.125,18.375,2.0625],"to":[9.875,20.0625,2.5625],"rotation":{"angle":22.5,"axis":"x","origin":[7.875,19,2.25]},"faces":{"north":{"uv":[7.5,3.25,8.5,3.75],"texture":"#0"},"east":{"uv":[9.75,7,10,7.5],"texture":"#0"},"south":{"uv":[7.5,3.75,8.5,4.25],"texture":"#0"},"west":{"uv":[9.75,9.5,10,10],"texture":"#0"},"up":{"uv":[9.5,9.25,8.5,9],"texture":"#0"},"down":{"uv":[2.5,9.25,1.5,9.5],"texture":"#0"}}},{"from":[6.75,19.9375,2.5625],"to":[9.25,20.375,3.0625],"rotation":{"angle":0,"axis":"y","origin":[7.875,19,2.25]},"faces":{"north":{"uv":[9.5,9,10.25,9.25],"texture":"#0"},"east":{"uv":[10.25,3,10.5,3.25],"texture":"#0"},"south":{"uv":[9.75,0,10.5,0.25],"texture":"#0"},"west":{"uv":[3.25,10.25,3.5,10.5],"texture":"#0"},"up":{"uv":[10.5,1.75,9.75,1.5],"texture":"#0"},"down":{"uv":[10.5,1.75,9.75,2],"texture":"#0"}}},{"from":[3.125,10.97134,12.94454],"to":[12.875,20.34634,13.44454],"rotation":{"angle":0,"axis":"y","origin":[8,15.97134,15.00704]},"faces":{"north":{"uv":[5,2.25,7.5,4.5],"texture":"#0"},"east":{"uv":[4.75,7.25,5,9.5],"texture":"#0"},"south":{"uv":[2.5,5,5,7.25],"texture":"#0"},"west":{"uv":[7.25,6.25,7.5,8.5],"texture":"#0"},"up":{"uv":[9.75,5.5,7.25,5.25],"texture":"#0"},"down":{"uv":[9.75,5.5,7.25,5.75],"texture":"#0"}}},{"from":[3.375,19.9704,2.98084],"to":[12.625,20.4704,12.91834],"rotation":{"angle":0,"axis":"y","origin":[8,22.7204,7.48084]},"faces":{"north":{"uv":[0,7.5,2.25,7.75],"texture":"#0"},"east":{"uv":[7.25,5.75,9.75,6],"texture":"#0"},"south":{"uv":[7.5,0,9.75,0.25],"texture":"#0"},"west":{"uv":[7.25,6,9.75,6.25],"texture":"#0"},"up":{"uv":[7.25,7,5,4.5],"texture":"#0"},"down":{"uv":[7.25,7,5,9.5],"texture":"#0"}}}],"display":{"thirdperson_righthand":{"rotation":[34,0,0],"translation":[0,-1.25,-1.75],"scale":[0.5,0.5,0.5]},"thirdperson_lefthand":{"rotation":[34,0,0],"translation":[0,-1.25,-1.75],"scale":[0.5,0.5,0.5]},"firstperson_righthand":{"rotation":[0,100,0],"scale":[0.5,0.5,0.5]},"firstperson_lefthand":{"rotation":[0,100,0],"scale":[0.5,0.5,0.5]},"ground":{"translation":[0,-4.5,0]},"gui":{"rotation":[0,-180,0],"translation":[0,-7.5,0]},"head":{"translation":[0,-11.2,-0.25],"scale":[1.53,1.53,1.53]},"fixed":{"translation":[0,-11.25,-9.25],"scale":[1.5,1.5,1.5]}},"groups":[{"name":"group","origin":[8,8,8],"color":0,"nbt":"{}","children":[{"name":"right","origin":[8,8,8],"color":0,"nbt":"{}","children":[0,1,2,3,4,5,6,7,8,9,10,11,12,13,14,15]},{"name":"right","origin":[8,8,8],"color":0,"nbt":"{}","children":[16,17,18,19,20,21,22,23,24,25,26,27,28,29,30]},{"name":"center","origin":[8,8,8],"color":0,"nbt":"{}","children":[31,32,33,34]}]}]}